merchant_id,merchant_name,merchant_category,merchant_size,onboarding_date,merchant_status,settlement_cycle,registered_governorate,registered_city
M00001,Family Care 0001,Pharmacy,Micro,2022-03-09,Active,T+1,Cairo,Ain Shams - Central
M00002,Cairo Tech 0002,Electronics,Micro,2021-09-23,Active,T+0,Alexandria,Sidi Gaber - Central
M00003,Delta Academy 0003,Education,Small,2025-11-13,Active,T+1,Cairo,Maadi - Central
M00004,Nile Market 0004,Grocery,Medium,2023-02-07,Active,T+2,Kafr El Sheikh,Kafr El Sheikh - Central
M00005,Cairo Pharmacy 0005,Pharmacy,Micro,2021-11-19,Active,T+1,Alexandria,Stanley - Central
M00006,Metro Style 0006,Fashion,Micro,2022-05-14,Active,T+1,Gharbia,El Mahalla El Kubra - Central
M00007,Sun Learning 0007,Education,Micro,2022-08-19,Active,T+1,Cairo,Ain Shams - Central
M00008,Elite Store 0008,E-Commerce,Small,2025-10-30,Active,T+1,Qalyubia,Khanka
M00009,Nile Pharmacy 0009,Pharmacy,Micro,2021-08-13,Active,T+1,Cairo,Nasr City - Central
M00010,Royal Style 0010,Fashion,Small,2021-10-06,Active,T+1,Dakahlia,Talkha - Central
M00011,Nile Online 0011,E-Commerce,Micro,2025-03-11,Active,T+1,Giza,6th of October
M00012,Green Care 0012,Pharmacy,Micro,2021-04-05,Active,T+2,North Sinai,Bir El Abd
M00013,Golden Fuel 0013,Fuel,Micro,2024-02-13,Active,T+1,Assiut,New Assiut
M00014,Family Pharmacy 0014,Pharmacy,Micro,2022-12-18,Active,T+1,Giza,Faisal
M00015,Metro Mart 0015,Grocery,Micro,2023-06-12,Active,T+2,Alexandria,Sidi Gaber
M00016,Urban Electronics 0016,Electronics,Micro,2023-01-01,Active,T+2,Alexandria,Miami - Central
M00017,Family Clinic 0017,Healthcare,Enterprise,2021-05-03,Active,T+2,Cairo,New Cairo - Central
M00018,Smart Academy 0018,Education,Small,2022-12-22,Active,T+1,Cairo,Downtown
M00019,Family Store 0019,E-Commerce,Enterprise,2021-09-27,Active,T+1,Cairo,Ain Shams - Central
M00020,Metro Electronics 0020,Electronics,Small,2022-01-11,Active,T+1,Gharbia,Zefta - Central
M00021,Cairo Transit 0021,Transportation,Enterprise,2023-04-28,Offboarded,T+0,Dakahlia,Talkha
M00022,Cairo Clinic 0022,Healthcare,Medium,2023-10-03,Active,T+0,Qena,Qus
M00023,Nova Market 0023,Grocery,Small,2021-04-05,Active,T+2,Giza,6th of October - Central
M00024,Delta Tech 0024,Electronics,Micro,2021-03-09,Active,T+1,Matrouh,Marsa Matrouh
M00025,Sun Mart 0025,Grocery,Micro,2025-07-13,Active,T+1,Cairo,New Cairo
M00026,Nova Cafe 0026,Restaurants,Small,2023-09-29,Active,T+1,Cairo,Maadi - Central
M00027,Sun Style 0027,Fashion,Small,2022-07-29,Active,T+1,Giza,Sheikh Zayed
M00028,Nile Pharmacy 0028,Pharmacy,Medium,2025-09-27,Active,T+1,Giza,Sheikh Zayed
M00029,Nova Kitchen 0029,Restaurants,Micro,2022-12-17,Active,T+1,Cairo,Mokattam
M00030,Royal Care 0030,Pharmacy,Medium,2021-11-30,Active,T+2,Damietta,Ras El Bar
M00031,Blue Store 0031,E-Commerce,Micro,2022-03-16,Active,T+1,Cairo,Maadi - Central
M00032,Metro Learning 0032,Education,Small,2024-01-17,Active,T+1,Port Said,Port Said - Central
M00033,Blue Care 0033,Pharmacy,Micro,2021-08-13,Active,T+0,Cairo,New Cairo
M00034,Sun Fun 0034,Entertainment,Medium,2024-05-23,Active,T+1,Qalyubia,Qalyub
M00035,Metro Mart 0035,Grocery,Micro,2023-01-28,Temporarily Suspended,T+1,Cairo,New Cairo - Central
M00036,Blue Foods 0036,Grocery,Small,2022-08-23,Active,T+1,Giza,Haram
M00037,Prime Kitchen 0037,Restaurants,Small,2021-03-23,Active,T+0,Cairo,Nasr City - Central
M00038,Prime Electronics 0038,Electronics,Micro,2022-10-18,Active,T+2,Cairo,Downtown - Central
M00039,Blue Cafe 0039,Restaurants,Micro,2024-02-12,Active,T+0,Dakahlia,Belqas - Central
M00040,Nile Ride 0040,Transportation,Small,2023-08-18,Active,T+1,Dakahlia,Talkha - Central
M00041,Prime Pharmacy 0041,Pharmacy,Micro,2022-08-26,Active,T+0,Cairo,Shubra - Central
M00042,Golden Cinema 0042,Entertainment,Micro,2022-12-26,Active,T+1,South Sinai,Sharm El Sheikh
M00043,Delta Transit 0043,Transportation,Micro,2024-07-16,Active,T+1,Giza,Haram
M00044,Blue Kitchen 0044,Restaurants,Micro,2024-06-14,Temporarily Suspended,T+2,Assiut,New Assiut
M00045,Green Mobile 0045,Telecom,Small,2024-08-30,Active,T+2,Qalyubia,Obour
M00046,Metro Pharmacy 0046,Pharmacy,Micro,2023-04-11,Active,T+1,Giza,Dokki - Central
M00047,Smart Tech 0047,Electronics,Small,2021-04-10,Active,T+0,Giza,Imbaba - Central
M00048,Royal Connect 0048,Telecom,Medium,2021-10-01,Active,T+0,Red Sea,Hurghada
M00049,Family Station 0049,Fuel,Micro,2021-02-25,Active,T+2,Giza,Sheikh Zayed
M00050,Golden Bites 0050,Restaurants,Small,2023-01-04,Active,T+2,Giza,Faisal
M00051,Urban Wear 0051,Fashion,Small,2021-11-21,Active,T+1,North Sinai,Arish
M00052,Pyramid Academy 0052,Education,Micro,2021-10-17,Temporarily Suspended,T+1,Alexandria,Borg El Arab
M00053,Royal Academy 0053,Education,Micro,2023-12-08,Active,T+0,Qena,Qena
M00054,Sun Station 0054,Fuel,Micro,2022-10-19,Active,T+2,Cairo,Mokattam - Central
M00055,Golden Foods 0055,Grocery,Small,2023-10-17,Active,T+1,Sharqia,10th of Ramadan
M00056,Blue Mart 0056,Grocery,Medium,2021-02-02,Active,T+1,Alexandria,Sidi Gaber
M00057,Prime Transit 0057,Transportation,Medium,2022-11-27,Active,T+2,Giza,Dokki
M00058,Smart Electronics 0058,Electronics,Micro,2023-02-24,Active,T+1,Beheira,Rashid
M00059,Prime Care 0059,Pharmacy,Medium,2021-05-18,Temporarily Suspended,T+0,Minya,Mallawi - Central
M00060,Quick Kitchen 0060,Restaurants,Micro,2024-01-13,Active,T+1,Gharbia,Kafr El Zayat - Central
M00061,Royal Mart 0061,Grocery,Micro,2024-10-22,Active,T+2,Dakahlia,Mansoura - Central
M00062,Nile Fun 0062,Entertainment,Small,2025-07-21,Active,T+0,Monufia,Shebin El Kom - Central
M00063,Delta Cafe 0063,Restaurants,Micro,2023-09-03,Active,T+1,Minya,Samalut - Central
M00064,Elite Wear 0064,Fashion,Micro,2021-06-18,Active,T+0,Cairo,Nasr City - Central
M00065,Delta Health 0065,Healthcare,Micro,2023-11-01,Active,T+1,Minya,Samalut
M00066,Green Pharmacy 0066,Pharmacy,Medium,2024-02-11,Active,T+1,Alexandria,Borg El Arab
M00067,Urban Style 0067,Fashion,Micro,2025-10-25,Active,T+1,Giza,6th of October - Central
M00068,Golden Online 0068,E-Commerce,Micro,2025-01-20,Active,T+1,Alexandria,Agami - Central
M00069,Lotus Mart 0069,Grocery,Micro,2023-08-19,Active,T+2,Cairo,Shubra - Central
M00070,Pyramid Ride 0070,Transportation,Enterprise,2023-04-29,Active,T+1,South Sinai,Dahab
M00071,Prime Foods 0071,Grocery,Small,2024-04-04,Temporarily Suspended,T+1,Cairo,Downtown
M00072,Smart Bites 0072,Restaurants,Micro,2021-11-14,Active,T+1,Beheira,Rashid
M00073,Golden Care 0073,Pharmacy,Small,2024-03-20,Active,T+1,Alexandria,Sidi Gaber
M00074,Green Ride 0074,Transportation,Small,2022-10-16,Active,T+1,Assiut,Dairut
M00075,Sun Station 0075,Fuel,Small,2023-05-11,Active,T+2,Dakahlia,Talkha
M00076,Metro Mart 0076,Grocery,Micro,2021-06-26,Active,T+1,Cairo,Shubra
M00077,Lotus Learning 0077,Education,Micro,2023-01-16,Active,T+1,Giza,Sheikh Zayed - Central
M00078,Nile Cafe 0078,Restaurants,Medium,2024-08-01,Active,T+1,Cairo,Ain Shams - Central
M00079,Smart Cafe 0079,Restaurants,Small,2022-06-10,Active,T+1,Sharqia,Abu Hammad - Central
M00080,Prime Kitchen 0080,Restaurants,Micro,2022-02-06,Active,T+0,Assiut,Dairut
M00081,Metro Store 0081,E-Commerce,Small,2025-06-23,Active,T+1,Cairo,Shubra - Central
M00082,Metro Transit 0082,Transportation,Micro,2024-06-06,Active,T+1,Beni Suef,New Beni Suef - Central
M00083,Elite Foods 0083,Grocery,Micro,2022-05-02,Active,T+2,Kafr El Sheikh,Kafr El Sheikh - Central
M00084,Blue Care 0084,Pharmacy,Micro,2023-08-02,Active,T+1,Beheira,Rashid - Central
M00085,Sun Store 0085,E-Commerce,Micro,2023-03-07,Active,T+2,Red Sea,Marsa Alam
M00086,Nile Connect 0086,Telecom,Micro,2021-10-13,Active,T+1,Giza,Dokki
M00087,Urban Store 0087,E-Commerce,Small,2022-07-11,Active,T+2,Dakahlia,Mit Ghamr
M00088,Lotus Electronics 0088,Electronics,Small,2024-03-22,Active,T+1,Giza,Imbaba
M00089,Royal Store 0089,E-Commerce,Small,2023-02-15,Active,T+1,Beni Suef,Nasser
M00090,Smart Wear 0090,Fashion,Micro,2024-03-29,Active,T+2,Cairo,Mokattam
M00091,Lotus Foods 0091,Grocery,Enterprise,2024-12-20,Active,T+2,Red Sea,Safaga
M00092,Lotus Electronics 0092,Electronics,Medium,2022-09-06,Active,T+2,Giza,6th of October - Central
M00093,Elite Cafe 0093,Restaurants,Micro,2023-06-08,Active,T+1,Cairo,Shubra
M00094,Smart Electronics 0094,Electronics,Micro,2023-02-10,Active,T+2,Assiut,Dairut - Central
M00095,Family Style 0095,Fashion,Medium,2024-11-19,Active,T+1,Giza,Dokki - Central
M00096,Golden Mart 0096,Grocery,Small,2021-09-08,Active,T+2,Monufia,Sadat City - Central
M00097,Sun Online 0097,E-Commerce,Medium,2022-10-10,Active,T+1,Alexandria,Smouha
M00098,Smart Ride 0098,Transportation,Micro,2023-08-12,Active,T+0,Alexandria,Miami
M00099,Smart Pharmacy 0099,Pharmacy,Micro,2022-06-30,Active,T+1,Cairo,Downtown - Central
M00100,Green Wear 0100,Fashion,Medium,2023-04-18,Active,T+1,Sharqia,10th of Ramadan - Central
M00101,Quick Clinic 0101,Healthcare,Small,2024-04-14,Active,T+1,Cairo,Mokattam - Central
M00102,Pyramid Market 0102,Grocery,Micro,2024-10-06,Active,T+0,Qena,Nag Hammadi
M00103,Pyramid Ride 0103,Transportation,Micro,2024-05-10,Active,T+1,Fayoum,Sinnuris
M00104,Golden Market 0104,Grocery,Micro,2023-05-16,Active,T+0,Giza,Haram
M00105,Sun Fun 0105,Entertainment,Micro,2024-03-29,Active,T+1,Qena,Qena
M00106,Cairo Transit 0106,Transportation,Micro,2024-05-20,Active,T+1,Ismailia,Qantara
M00107,Pyramid Cafe 0107,Restaurants,Micro,2023-05-03,Active,T+1,Beheira,Damanhur
M00108,Quick Cinema 0108,Entertainment,Micro,2024-02-14,Active,T+0,Monufia,Menouf
M00109,Nile Cafe 0109,Restaurants,Micro,2021-02-08,Active,T+2,Fayoum,Ibshaway
M00110,Blue Tech 0110,Electronics,Medium,2023-07-16,Active,T+2,Giza,6th of October
M00111,Nova Connect 0111,Telecom,Medium,2021-03-08,Active,T+1,Giza,Faisal - Central
M00112,Blue Market 0112,Grocery,Small,2022-03-15,Active,T+2,Aswan,Aswan
M00113,Nova Health 0113,Healthcare,Small,2021-04-17,Active,T+0,Sharqia,10th of Ramadan
M00114,Family Ride 0114,Transportation,Micro,2021-08-20,Active,T+1,Giza,Imbaba - Central
M00115,Smart Care 0115,Pharmacy,Micro,2021-10-11,Active,T+1,Cairo,Heliopolis
M00116,Pyramid Care 0116,Pharmacy,Medium,2022-08-04,Active,T+1,Cairo,New Cairo - Central
M00117,Smart Care 0117,Pharmacy,Micro,2024-03-23,Active,T+0,Giza,Mohandessin
M00118,Sun Care 0118,Pharmacy,Micro,2021-08-15,Offboarded,T+0,Alexandria,Stanley
M00119,Nova Bites 0119,Restaurants,Micro,2022-11-22,Active,T+1,Monufia,Shebin El Kom - Central
M00120,Smart Online 0120,E-Commerce,Micro,2023-12-13,Active,T+0,Cairo,Shubra - Central
M00121,Blue Academy 0121,Education,Medium,2023-03-24,Active,T+1,Cairo,Downtown
M00122,Royal Ride 0122,Transportation,Micro,2024-01-21,Active,T+1,Giza,6th of October
M00123,Metro Pharmacy 0123,Pharmacy,Micro,2023-06-12,Active,T+1,Dakahlia,Mansoura - Central
M00124,Quick Kitchen 0124,Restaurants,Micro,2024-01-12,Active,T+1,Beheira,Rashid
M00125,Prime Wear 0125,Fashion,Small,2021-08-23,Active,T+1,Sharqia,Abu Hammad - Central
M00126,Cairo Online 0126,E-Commerce,Small,2023-06-27,Active,T+1,Giza,Mohandessin - Central
M00127,Sun Academy 0127,Education,Medium,2024-06-19,Active,T+2,Qalyubia,Obour - Central
M00128,Metro Health 0128,Healthcare,Small,2024-06-15,Active,T+1,Sharqia,Zagazig - Central
M00129,Quick Mart 0129,Grocery,Micro,2022-07-15,Active,T+1,Cairo,Nasr City - Central
M00130,Pyramid Style 0130,Fashion,Medium,2025-12-11,Active,T+1,Giza,Dokki
M00131,Blue Online 0131,E-Commerce,Medium,2022-06-24,Active,T+2,Dakahlia,Talkha
M00132,Lotus Ride 0132,Transportation,Small,2022-03-31,Active,T+1,Cairo,Shubra - Central
M00133,Cairo Academy 0133,Education,Micro,2023-01-23,Active,T+1,Giza,Dokki
M00134,Cairo Online 0134,E-Commerce,Small,2021-10-27,Offboarded,T+1,Port Said,Port Fouad
M00135,Urban Cafe 0135,Restaurants,Micro,2022-11-11,Active,T+1,Alexandria,Miami
M00136,Nile Pharmacy 0136,Pharmacy,Small,2022-05-06,Active,T+1,Cairo,Shubra - Central
M00137,Royal Care 0137,Pharmacy,Micro,2026-03-20,Active,T+1,Alexandria,Borg El Arab
M00138,Cairo Foods 0138,Grocery,Micro,2024-06-14,Active,T+1,Damietta,New Damietta
M00139,Lotus Fun 0139,Entertainment,Micro,2022-11-13,Active,T+0,Alexandria,Stanley
M00140,Nova Academy 0140,Education,Medium,2021-11-07,Active,T+0,Giza,Sheikh Zayed - Central
M00141,Quick Cafe 0141,Restaurants,Enterprise,2026-01-20,Active,T+2,Qena,Qus
M00142,Quick Fun 0142,Entertainment,Micro,2025-05-28,Active,T+1,Kafr El Sheikh,Desouk
M00143,Lotus Care 0143,Pharmacy,Micro,2023-12-02,Active,T+1,Cairo,New Cairo - Central
M00144,Sun Transit 0144,Transportation,Micro,2023-04-14,Active,T+2,Gharbia,Kafr El Zayat
M00145,Quick Electronics 0145,Electronics,Small,2025-03-10,Active,T+1,Sharqia,Minya Al Qamh - Central
M00146,Sun Bites 0146,Restaurants,Small,2023-08-22,Active,T+1,Cairo,Downtown - Central
M00147,Family Learning 0147,Education,Micro,2022-12-06,Active,T+2,Dakahlia,Mit Ghamr
M00148,Quick Online 0148,E-Commerce,Enterprise,2025-10-17,Active,T+0,Gharbia,El Mahalla El Kubra - Central
M00149,Nova Connect 0149,Telecom,Small,2025-08-26,Active,T+1,Qena,Nag Hammadi
M00150,Sun Pharmacy 0150,Pharmacy,Small,2021-11-04,Active,T+1,Giza,Mohandessin - Central
M00151,Elite Market 0151,Grocery,Micro,2023-01-31,Temporarily Suspended,T+1,Kafr El Sheikh,Kafr El Sheikh
M00152,Nile Market 0152,Grocery,Medium,2024-02-16,Active,T+1,Giza,Haram - Central
M00153,Smart Cafe 0153,Restaurants,Small,2023-08-07,Active,T+1,Luxor,Esna
M00154,Prime Academy 0154,Education,Small,2023-10-31,Active,T+1,Cairo,Shubra
M00155,Nile Transit 0155,Transportation,Small,2023-12-13,Active,T+1,Gharbia,Kafr El Zayat
M00156,Quick Kitchen 0156,Restaurants,Micro,2026-05-01,Active,T+2,Dakahlia,Mit Ghamr - Central
M00157,Blue Care 0157,Pharmacy,Micro,2021-02-23,Active,T+1,Dakahlia,Mansoura
M00158,Golden Kitchen 0158,Restaurants,Micro,2022-08-14,Active,T+1,Dakahlia,Mansoura - Central
M00159,Cairo Bites 0159,Restaurants,Small,2023-12-29,Active,T+2,Aswan,Aswan
M00160,Royal Store 0160,E-Commerce,Micro,2024-07-24,Active,T+1,Cairo,Shubra
M00161,Metro Bites 0161,Restaurants,Micro,2025-10-19,Active,T+1,Cairo,Downtown - Central
M00162,Metro Mart 0162,Grocery,Enterprise,2022-02-20,Active,T+1,Cairo,Heliopolis - Central
M00163,Quick Care 0163,Pharmacy,Small,2021-04-28,Active,T+1,Cairo,Downtown - Central
M00164,Golden Clinic 0164,Healthcare,Micro,2026-02-12,Active,T+1,Cairo,Ain Shams
M00165,Nova Cafe 0165,Restaurants,Micro,2024-03-22,Active,T+1,Sohag,Akhmim
M00166,Smart Electronics 0166,Electronics,Micro,2024-02-21,Active,T+1,Alexandria,Stanley
M00167,Quick Care 0167,Pharmacy,Enterprise,2023-04-15,Active,T+1,Qalyubia,Shubra El Kheima - Central
M00168,Smart Learning 0168,Education,Small,2023-06-21,Active,T+0,Alexandria,Sidi Gaber - Central
M00169,Elite Pharmacy 0169,Pharmacy,Micro,2023-02-08,Active,T+2,Gharbia,El Mahalla El Kubra - Central
M00170,Nova Kitchen 0170,Restaurants,Small,2021-02-25,Active,T+1,Cairo,Downtown - Central
M00171,Cairo Mart 0171,Grocery,Micro,2023-03-27,Active,T+1,Ismailia,Ismailia
M00172,Sun Cafe 0172,Restaurants,Micro,2023-07-17,Active,T+1,Giza,Mohandessin
M00173,Nile Online 0173,E-Commerce,Micro,2021-06-27,Active,T+1,Giza,Imbaba
M00174,Cairo Health 0174,Healthcare,Small,2023-09-12,Active,T+1,Sharqia,Belbeis - Central
M00175,Quick Store 0175,E-Commerce,Medium,2021-10-31,Active,T+1,Fayoum,Sinnuris - Central
M00176,Cairo Style 0176,Fashion,Enterprise,2021-08-02,Active,T+1,Cairo,Ain Shams
M00177,Pyramid Kitchen 0177,Restaurants,Medium,2025-01-04,Active,T+1,Giza,6th of October - Central
M00178,Smart Foods 0178,Grocery,Micro,2021-09-07,Active,T+1,Cairo,Mokattam
M00179,Prime Tech 0179,Electronics,Small,2025-09-12,Active,T+0,Giza,Sheikh Zayed
M00180,Family Transit 0180,Transportation,Micro,2022-03-16,Active,T+1,Alexandria,Sidi Gaber
M00181,Golden Connect 0181,Telecom,Micro,2024-09-16,Active,T+1,Fayoum,Ibshaway - Central
M00182,Nile Cinema 0182,Entertainment,Small,2022-12-21,Active,T+1,Qalyubia,Qalyub
M00183,Green Transit 0183,Transportation,Medium,2025-03-09,Active,T+1,Red Sea,Marsa Alam
M00184,Blue Pharmacy 0184,Pharmacy,Medium,2022-07-28,Active,T+2,Minya,Samalut - Central
M00185,Lotus Kitchen 0185,Restaurants,Medium,2022-07-03,Active,T+1,Qalyubia,Shubra El Kheima - Central
M00186,Blue Market 0186,Grocery,Micro,2025-10-12,Active,T+2,Cairo,Maadi
M00187,Delta Style 0187,Fashion,Micro,2021-10-14,Active,T+0,Cairo,Downtown - Central
M00188,Nova Care 0188,Pharmacy,Small,2021-11-20,Active,T+1,Giza,Haram - Central
M00189,Delta Learning 0189,Education,Enterprise,2024-01-13,Active,T+1,Sharqia,Abu Hammad - Central
M00190,Golden Clinic 0190,Healthcare,Small,2022-12-28,Active,T+1,Cairo,Maadi - Central
M00191,Metro Foods 0191,Grocery,Micro,2023-01-24,Active,T+1,Dakahlia,Talkha
M00192,Golden Wear 0192,Fashion,Micro,2021-05-28,Active,T+1,Giza,Faisal
M00193,Green Cafe 0193,Restaurants,Medium,2022-05-16,Active,T+2,Cairo,Heliopolis - Central
M00194,Delta Bites 0194,Restaurants,Enterprise,2021-02-06,Active,T+2,Giza,Sheikh Zayed
M00195,Smart Tech 0195,Electronics,Micro,2024-03-13,Active,T+1,Alexandria,Smouha - Central
M00196,Family Transit 0196,Transportation,Medium,2022-10-18,Active,T+0,Sharqia,Abu Hammad
M00197,Cairo Health 0197,Healthcare,Small,2024-08-31,Temporarily Suspended,T+1,Cairo,Nasr City
M00198,Delta Bites 0198,Restaurants,Medium,2026-05-16,Active,T+2,Giza,6th of October
M00199,Cairo Transit 0199,Transportation,Micro,2023-05-07,Active,T+1,Cairo,Shubra
M00200,Prime Mart 0200,Grocery,Medium,2024-02-03,Active,T+1,Port Said,Port Fouad - Central
M00201,Royal Ride 0201,Transportation,Small,2026-02-17,Active,T+1,Cairo,New Cairo
M00202,Lotus Learning 0202,Education,Micro,2022-12-06,Active,T+0,Beni Suef,Nasser
M00203,Nova Clinic 0203,Healthcare,Small,2021-03-18,Active,T+1,Luxor,Luxor
M00204,Royal Wear 0204,Fashion,Small,2024-12-13,Active,T+1,Giza,Faisal
M00205,Nova Fuel 0205,Fuel,Small,2026-04-19,Active,T+1,Giza,Faisal
M00206,Pyramid Market 0206,Grocery,Small,2024-04-15,Active,T+1,Cairo,Nasr City
M00207,Blue Online 0207,E-Commerce,Medium,2023-12-04,Active,T+1,Giza,Dokki
M00208,Sun Electronics 0208,Electronics,Micro,2021-12-01,Active,T+0,Giza,Haram - Central
M00209,Blue Cafe 0209,Restaurants,Micro,2022-10-19,Offboarded,T+0,Qalyubia,Shubra El Kheima - Central
M00210,Metro Pharmacy 0210,Pharmacy,Small,2021-05-07,Active,T+1,Dakahlia,Talkha - Central
M00211,Delta Health 0211,Healthcare,Micro,2021-02-27,Active,T+1,Cairo,Ain Shams
M00212,Green Tech 0212,Electronics,Micro,2024-08-12,Active,T+2,Cairo,Shubra - Central
M00213,Green Style 0213,Fashion,Small,2024-09-14,Active,T+0,Port Said,Port Fouad
M00214,Cairo Foods 0214,Grocery,Medium,2022-03-19,Active,T+2,Cairo,Ain Shams - Central
M00215,Lotus Connect 0215,Telecom,Small,2022-05-10,Active,T+1,Cairo,Downtown - Central
M00216,Delta Pharmacy 0216,Pharmacy,Medium,2024-01-19,Active,T+1,Dakahlia,Belqas
M00217,Metro Health 0217,Healthcare,Medium,2021-07-13,Active,T+1,Aswan,Kom Ombo
M00218,Sun Style 0218,Fashion,Micro,2022-10-27,Active,T+2,Giza,Sheikh Zayed
M00219,Green Ride 0219,Transportation,Medium,2024-04-17,Active,T+1,Dakahlia,Aga - Central
M00220,Royal Fun 0220,Entertainment,Micro,2024-11-19,Active,T+1,Dakahlia,Mit Ghamr - Central
M00221,Green Cafe 0221,Restaurants,Small,2023-08-27,Active,T+0,Giza,Mohandessin - Central
M00222,Family Electronics 0222,Electronics,Micro,2021-07-11,Active,T+1,Dakahlia,Belqas - Central
M00223,Family Tech 0223,Electronics,Medium,2023-04-08,Active,T+1,Cairo,Maadi
M00224,Royal Market 0224,Grocery,Micro,2021-03-03,Active,T+1,Giza,Dokki - Central
M00225,Family Foods 0225,Grocery,Medium,2026-01-07,Active,T+1,Giza,Faisal
M00226,Green Academy 0226,Education,Micro,2023-01-30,Active,T+1,Giza,Dokki
M00227,Green Mart 0227,Grocery,Micro,2021-08-27,Active,T+0,Giza,Sheikh Zayed
M00228,Family Care 0228,Pharmacy,Small,2024-10-31,Active,T+0,Cairo,Ain Shams - Central
M00229,Family Foods 0229,Grocery,Micro,2023-12-06,Active,T+1,Dakahlia,Talkha - Central
M00230,Prime Style 0230,Fashion,Medium,2022-03-28,Active,T+0,Suez,Ain Sokhna
M00231,Prime Electronics 0231,Electronics,Small,2021-07-24,Active,T+1,Assiut,Assiut
M00232,Elite Clinic 0232,Healthcare,Small,2021-08-14,Active,T+1,Alexandria,Borg El Arab - Central
M00233,Green Pharmacy 0233,Pharmacy,Micro,2024-10-26,Active,T+0,Gharbia,Kafr El Zayat
M00234,Family Kitchen 0234,Restaurants,Small,2022-08-12,Active,T+1,Alexandria,Miami
M00235,Delta Store 0235,E-Commerce,Small,2023-12-25,Active,T+0,Alexandria,Borg El Arab - Central
M00236,Nile Mart 0236,Grocery,Micro,2022-04-08,Active,T+1,Cairo,Nasr City - Central
M00237,Green Kitchen 0237,Restaurants,Micro,2024-03-11,Active,T+1,Alexandria,Agami - Central
M00238,Nile Transit 0238,Transportation,Medium,2024-10-29,Active,T+1,Alexandria,Stanley - Central
M00239,Metro Academy 0239,Education,Medium,2025-08-11,Active,T+1,Suez,Ain Sokhna
M00240,Royal Cafe 0240,Restaurants,Small,2023-08-11,Active,T+1,Cairo,Shubra - Central
M00241,Green Online 0241,E-Commerce,Micro,2024-08-25,Temporarily Suspended,T+2,Gharbia,El Mahalla El Kubra - Central
M00242,Sun Bites 0242,Restaurants,Medium,2021-06-27,Active,T+1,Cairo,Maadi - Central
M00243,Metro Style 0243,Fashion,Medium,2025-01-19,Active,T+1,Red Sea,Safaga
M00244,Elite Clinic 0244,Healthcare,Micro,2025-04-25,Active,T+1,Giza,Faisal - Central
M00245,Pyramid Ride 0245,Transportation,Medium,2024-07-07,Active,T+1,Assiut,Manfalut
M00246,Golden Academy 0246,Education,Small,2022-12-29,Active,T+2,Alexandria,Miami
M00247,Blue Wear 0247,Fashion,Medium,2021-07-02,Active,T+1,Minya,Samalut
M00248,Lotus Ride 0248,Transportation,Micro,2023-04-16,Active,T+1,Giza,6th of October
M00249,Quick Style 0249,Fashion,Micro,2022-08-28,Active,T+1,Cairo,Maadi - Central
M00250,Prime Bites 0250,Restaurants,Small,2022-09-06,Active,T+1,Alexandria,Borg El Arab
M00251,Family Electronics 0251,Electronics,Micro,2021-09-08,Active,T+1,Cairo,New Cairo
M00252,Nile Tech 0252,Electronics,Small,2021-01-09,Active,T+2,Cairo,Downtown - Central
M00253,Sun Learning 0253,Education,Micro,2022-12-01,Active,T+1,Cairo,Shubra
M00254,Pyramid Bites 0254,Restaurants,Medium,2021-01-31,Active,T+1,Ismailia,Ismailia - Central
M00255,Sun Style 0255,Fashion,Medium,2021-04-30,Active,T+0,Giza,Sheikh Zayed
M00256,Pyramid Academy 0256,Education,Medium,2025-09-18,Active,T+1,Cairo,Maadi
M00257,Cairo Wear 0257,Fashion,Enterprise,2025-12-19,Active,T+1,Giza,Imbaba - Central
M00258,Cairo Style 0258,Fashion,Small,2023-12-07,Active,T+1,Luxor,Luxor
M00259,Smart Cafe 0259,Restaurants,Micro,2024-07-18,Temporarily Suspended,T+1,Alexandria,Smouha
M00260,Lotus Foods 0260,Grocery,Small,2021-02-17,Temporarily Suspended,T+0,Dakahlia,Talkha - Central
M00261,Prime Ride 0261,Transportation,Medium,2023-02-21,Active,T+1,Giza,Sheikh Zayed
M00262,Golden Store 0262,E-Commerce,Small,2022-02-14,Active,T+2,Red Sea,Safaga
M00263,Pyramid Tech 0263,Electronics,Micro,2025-01-06,Active,T+1,Cairo,Mokattam - Central
M00264,Green Pharmacy 0264,Pharmacy,Medium,2025-08-01,Active,T+1,Alexandria,Agami
M00265,Delta Clinic 0265,Healthcare,Micro,2022-06-06,Active,T+1,Cairo,Ain Shams - Central
M00266,Cairo Academy 0266,Education,Medium,2023-09-08,Active,T+0,Dakahlia,Belqas - Central
M00267,Green Transit 0267,Transportation,Micro,2026-03-14,Active,T+0,Giza,Mohandessin - Central
M00268,Nova Cafe 0268,Restaurants,Micro,2022-08-24,Active,T+1,Giza,Dokki
M00269,Urban Ride 0269,Transportation,Micro,2022-07-11,Active,T+2,Cairo,Nasr City
M00270,Metro Cafe 0270,Restaurants,Small,2021-10-04,Active,T+1,Kafr El Sheikh,Sidi Salem
M00271,Nova Style 0271,Fashion,Micro,2023-04-23,Active,T+1,Suez,Suez
M00272,Blue Store 0272,E-Commerce,Enterprise,2022-01-03,Active,T+1,Qalyubia,Khanka
M00273,Royal Care 0273,Pharmacy,Small,2021-12-19,Active,T+1,Alexandria,Smouha - Central
M00274,Blue Foods 0274,Grocery,Micro,2023-02-04,Active,T+0,Dakahlia,Mansoura - Central
M00275,Elite Cinema 0275,Entertainment,Small,2022-10-09,Active,T+1,Giza,Dokki
M00276,Green Mart 0276,Grocery,Micro,2022-02-16,Active,T+0,Dakahlia,Talkha
M00277,Golden Cafe 0277,Restaurants,Enterprise,2021-05-15,Active,T+1,Giza,Haram - Central
M00278,Cairo Health 0278,Healthcare,Micro,2022-12-05,Active,T+1,Giza,Mohandessin - Central
M00279,Quick Market 0279,Grocery,Medium,2021-10-24,Active,T+1,Alexandria,Stanley - Central
M00280,Prime Style 0280,Fashion,Micro,2021-06-12,Active,T+2,Giza,Imbaba - Central
M00281,Green Style 0281,Fashion,Small,2023-12-10,Active,T+1,Giza,Faisal - Central
M00282,Elite Health 0282,Healthcare,Enterprise,2021-06-10,Active,T+0,Cairo,Heliopolis
M00283,Pyramid Style 0283,Fashion,Micro,2025-02-28,Active,T+1,Damietta,Ras El Bar
M00284,Lotus Health 0284,Healthcare,Micro,2023-10-30,Active,T+1,Cairo,New Cairo - Central
M00285,Lotus Learning 0285,Education,Small,2024-01-17,Active,T+1,Giza,Mohandessin
M00286,Urban Foods 0286,Grocery,Small,2022-09-14,Active,T+0,Cairo,Downtown
M00287,Elite Cinema 0287,Entertainment,Small,2024-09-22,Active,T+1,Giza,Mohandessin - Central
M00288,Metro Electronics 0288,Electronics,Small,2024-08-21,Active,T+1,Gharbia,El Mahalla El Kubra - Central
M00289,Royal Wear 0289,Fashion,Micro,2021-06-18,Active,T+0,Qena,Nag Hammadi
M00290,Delta Online 0290,E-Commerce,Micro,2022-07-09,Active,T+1,Cairo,Downtown
M00291,Pyramid Market 0291,Grocery,Medium,2023-12-12,Active,T+0,Assiut,Assiut
M00292,Family Clinic 0292,Healthcare,Medium,2023-05-28,Active,T+1,Cairo,New Cairo - Central
M00293,Cairo Foods 0293,Grocery,Small,2024-03-27,Active,T+1,Assiut,Manfalut
M00294,Pyramid Wear 0294,Fashion,Micro,2024-12-04,Active,Unknown,Sharqia,10th of Ramadan
M00295,Urban Store 0295,E-Commerce,Micro,2023-05-31,Active,T+1,Cairo,Maadi - Central
M00296,Prime Foods 0296,Grocery,Medium,2022-06-06,Active,T+0,Gharbia,Tanta - Central
M00297,Pyramid Foods 0297,Grocery,Small,2023-06-08,Active,T+1,Dakahlia,Talkha
M00298,Smart Kitchen 0298,Restaurants,Micro,2024-01-08,Active,T+1,Alexandria,Stanley
M00299,Quick Wear 0299,Fashion,Small,2023-08-09,Active,T+2,Dakahlia,Mansoura
M00300,Delta Fuel 0300,Fuel,Small,2021-06-25,Active,T+2,Cairo,New Cairo - Central
M00301,Lotus Foods 0301,Grocery,Medium,2024-02-05,Active,T+2,Kafr El Sheikh,Baltim
M00302,Nile Learning 0302,Education,Micro,2025-12-09,Active,T+1,Kafr El Sheikh,Sidi Salem
M00303,Green Cafe 0303,Restaurants,Micro,2024-01-13,Active,T+2,Dakahlia,Mansoura - Central
M00304,Urban Bites 0304,Restaurants,Small,2023-07-13,Active,T+2,Giza,Sheikh Zayed - Central
M00305,Smart Foods 0305,Grocery,Medium,2025-09-09,Active,T+1,Cairo,Nasr City
M00306,Delta Ride 0306,Transportation,Small,2024-10-05,Active,T+2,Giza,Mohandessin - Central
M00307,Blue Foods 0307,Grocery,Micro,2021-05-17,Active,T+0,Cairo,Downtown
M00308,Family Store 0308,E-Commerce,Medium,2023-06-07,Active,T+1,Qalyubia,Qalyub
M00309,Nile Cafe 0309,Restaurants,Small,2021-05-16,Active,T+1,Dakahlia,Belqas
M00310,Lotus Foods 0310,Grocery,Enterprise,2024-05-12,Active,T+1,Giza,Imbaba - Central
M00311,Family Clinic 0311,Healthcare,Medium,2021-08-17,Active,T+1,Cairo,Downtown
M00312,Royal Wear 0312,Fashion,Small,2023-12-18,Active,T+1,Gharbia,Tanta
M00313,Quick Cafe 0313,Restaurants,Small,2024-05-12,Active,T+1,Cairo,Maadi - Central
M00314,Royal Learning 0314,Education,Small,2021-06-12,Active,T+1,Cairo,Maadi
M00315,Sun Fun 0315,Entertainment,Micro,2024-11-13,Active,T+0,Assiut,New Assiut - Central
M00316,Prime Market 0316,Grocery,Small,2023-02-14,Active,T+1,Alexandria,Borg El Arab
M00317,Metro Online 0317,E-Commerce,Small,2022-07-13,Active,T+2,Cairo,Ain Shams
M00318,Elite Market 0318,Grocery,Small,2023-04-12,Active,T+1,Alexandria,Miami
M00319,Urban Pharmacy 0319,Pharmacy,Enterprise,2023-09-19,Active,T+0,Giza,Mohandessin
M00320,Pyramid Online 0320,E-Commerce,Medium,2023-02-15,Active,T+1,Giza,Faisal - Central
M00321,Sun Market 0321,Grocery,Micro,2026-03-10,Temporarily Suspended,T+1,Sharqia,Abu Hammad
M00322,Green Online 0322,E-Commerce,Micro,2021-06-19,Active,T+2,Qalyubia,Khanka
M00323,Urban Mart 0323,Grocery,Medium,2023-08-15,Active,T+1,Sharqia,Zagazig - Central
M00324,Royal Market 0324,Grocery,Small,2021-07-14,Active,T+0,Damietta,Ras El Bar
M00325,Metro Health 0325,Healthcare,Micro,2021-07-25,Active,T+0,Cairo,Mokattam
M00326,Pyramid Foods 0326,Grocery,Small,2021-07-02,Temporarily Suspended,T+1,North Sinai,Arish
M00327,Quick Electronics 0327,Electronics,Medium,2022-01-15,Active,T+2,Cairo,Mokattam - Central
M00328,Elite Kitchen 0328,Restaurants,Micro,2023-01-04,Active,T+1,Cairo,Ain Shams - Central
M00329,Smart Market 0329,Grocery,Small,2021-09-04,Active,T+1,Beheira,Damanhur
M00330,Royal Cafe 0330,Restaurants,Micro,2021-03-05,Active,T+1,Dakahlia,Talkha
M00331,Quick Market 0331,Grocery,Small,2024-09-25,Active,T+1,Giza,Sheikh Zayed
M00332,Blue Fuel 0332,Fuel,Medium,2023-05-15,Active,T+1,Cairo,Mokattam - Central
M00333,Sun Pharmacy 0333,Pharmacy,Medium,2021-11-22,Active,T+1,Giza,Mohandessin
M00334,Golden Market 0334,Grocery,Small,2021-02-12,Active,T+2,Giza,Sheikh Zayed - Central
M00335,Lotus Transit 0335,Transportation,Micro,2021-06-12,Active,T+1,Cairo,Heliopolis - Central
M00336,Prime Kitchen 0336,Restaurants,Micro,2021-10-29,Active,T+2,Dakahlia,Mansoura - Central
M00337,Metro Transit 0337,Transportation,Medium,2021-02-07,Active,T+2,Cairo,Mokattam
M00338,Urban Style 0338,Fashion,Micro,2021-10-20,Active,T+1,Cairo,Nasr City
M00339,Sun Online 0339,E-Commerce,Micro,2024-12-08,Active,T+0,Dakahlia,Belqas - Central
M00340,Blue Online 0340,E-Commerce,Medium,2023-05-24,Active,T+2,Alexandria,Agami - Central
M00341,Lotus Market 0341,Grocery,Micro,2024-05-18,Active,T+0,Cairo,Heliopolis
M00342,Royal Pharmacy 0342,Pharmacy,Medium,2022-11-04,Active,T+1,Red Sea,Hurghada
M00343,Elite Kitchen 0343,Restaurants,Micro,2025-03-22,Active,T+1,North Sinai,Bir El Abd
M00344,Metro Pharmacy 0344,Pharmacy,Medium,2024-12-25,Active,T+1,Dakahlia,Talkha - Central
M00345,Urban Fuel 0345,Fuel,Micro,2024-09-09,Active,T+2,Damietta,New Damietta - Central
M00346,Nova Mobile 0346,Telecom,Small,2022-07-29,Active,T+1,Ismailia,Fayed
M00347,Family Pharmacy 0347,Pharmacy,Micro,2021-03-03,Active,T+1,Giza,Haram - Central
M00348,Metro Cinema 0348,Entertainment,Micro,2024-12-31,Active,T+1,Giza,Haram - Central
M00349,Smart Store 0349,E-Commerce,Medium,2023-06-28,Active,T+1,Monufia,Sadat City
M00350,Cairo Store 0350,E-Commerce,Small,2023-08-12,Active,T+1,Cairo,Downtown
M00351,Metro Cafe 0351,Restaurants,Micro,2023-03-30,Active,T+1,Sharqia,10th of Ramadan
M00352,Cairo Cinema 0352,Entertainment,Enterprise,2021-04-08,Active,T+1,Qena,Qena
M00353,Sun Fuel 0353,Fuel,Small,2024-01-29,Active,T+2,Alexandria,Stanley - Central
M00354,Nile Style 0354,Fashion,Micro,2024-07-18,Active,T+1,Fayoum,Sinnuris
M00355,Lotus Station 0355,Fuel,Enterprise,2022-04-21,Active,T+2,Giza,Sheikh Zayed - Central
M00356,Family Connect 0356,Telecom,Medium,2024-05-18,Active,T+0,Assiut,New Assiut - Central
M00357,Urban Market 0357,Grocery,Medium,2025-07-16,Active,T+0,Beheira,Nubaria - Central
M00358,Prime Kitchen 0358,Restaurants,Medium,2024-02-05,Active,T+2,Cairo,Maadi
M00359,Metro Market 0359,Grocery,Small,2024-12-08,Active,T+1,Alexandria,Smouha
M00360,Elite Transit 0360,Transportation,Medium,2024-10-05,Active,T+1,Alexandria,Stanley
M00361,Family Electronics 0361,Electronics,Micro,2021-01-11,Active,T+2,Ismailia,Fayed - Central
M00362,Delta Foods 0362,Grocery,Micro,2021-04-24,Active,T+0,Gharbia,Tanta - Central
M00363,Sun Store 0363,E-Commerce,Micro,2021-09-16,Active,T+2,Alexandria,Borg El Arab
M00364,Urban Foods 0364,Grocery,Micro,2022-08-12,Active,T+0,Alexandria,Sidi Gaber
M00365,Smart Electronics 0365,Electronics,Small,2021-07-11,Active,T+0,Cairo,Shubra - Central
M00366,Smart Tech 0366,Electronics,Small,2024-11-01,Active,T+1,Beheira,Damanhur
M00367,Elite Ride 0367,Transportation,Micro,2023-04-22,Active,T+1,Alexandria,Agami
M00368,Delta Fuel 0368,Fuel,Micro,2022-12-07,Active,T+1,Ismailia,Fayed
M00369,Elite Care 0369,Pharmacy,Small,2024-07-15,Active,T+0,Gharbia,Kafr El Zayat
M00370,Quick Electronics 0370,Electronics,Small,2025-01-23,Active,T+2,Kafr El Sheikh,Desouk
M00371,Sun Mart 0371,Grocery,Micro,2023-05-25,Active,T+2,Alexandria,Sidi Gaber - Central
M00372,Metro Cafe 0372,Restaurants,Micro,2021-07-28,Active,T+2,Giza,Sheikh Zayed - Central
M00373,Urban Fuel 0373,Fuel,Enterprise,2024-03-04,Active,T+1,Gharbia,Tanta
M00374,Nile Fun 0374,Entertainment,Medium,2022-05-25,Active,T+2,Ismailia,Fayed
M00375,Pyramid Store 0375,E-Commerce,Micro,2022-02-08,Active,T+1,Aswan,Edfu
M00376,Golden Store 0376,E-Commerce,Small,2021-02-08,Active,T+0,Dakahlia,Mansoura
M00377,Sun Mobile 0377,Telecom,Small,2021-11-01,Offboarded,T+1,Giza,Haram - Central
M00378,Cairo Ride 0378,Transportation,Small,2021-06-12,Active,T+1,Minya,Mallawi - Central
M00379,Delta Fun 0379,Entertainment,Medium,2022-04-02,Active,T+2,Giza,Faisal
M00380,Golden Store 0380,E-Commerce,Small,2021-12-23,Active,T+1,Giza,Faisal
M00381,Elite Kitchen 0381,Restaurants,Small,2021-01-19,Active,T+0,Cairo,Ain Shams
M00382,Elite Mart 0382,Grocery,Small,2026-01-09,Active,T+1,Sohag,Girga
M00383,Metro Pharmacy 0383,Pharmacy,Small,2025-07-25,Active,T+2,Cairo,Mokattam
M00384,Cairo Wear 0384,Fashion,Small,2021-04-16,Active,T+1,Minya,Samalut
M00385,Metro Pharmacy 0385,Pharmacy,Micro,2023-05-09,Active,T+0,South Sinai,El Tor
M00386,Urban Kitchen 0386,Restaurants,Medium,2022-06-05,Active,T+2,Cairo,Downtown - Central
M00387,Cairo Market 0387,Grocery,Enterprise,2023-04-24,Active,T+0,Alexandria,Stanley - Central
M00388,Sun Learning 0388,Education,Micro,2021-03-20,Active,T+0,Beheira,Nubaria - Central
M00389,Lotus Mart 0389,Grocery,Medium,2024-08-05,Active,T+2,Cairo,Downtown
M00390,Nile Clinic 0390,Healthcare,Small,2022-05-08,Offboarded,T+2,Sharqia,Belbeis
M00391,Prime Electronics 0391,Electronics,Small,2023-06-01,Active,T+1,Cairo,Downtown - Central
M00392,Lotus Pharmacy 0392,Pharmacy,Small,2021-08-12,Active,T+1,Qalyubia,Shubra El Kheima - Central
M00393,Smart Ride 0393,Transportation,Micro,2024-06-06,Active,T+1,Cairo,Heliopolis - Central
M00394,Quick Cinema 0394,Entertainment,Small,2021-05-02,Active,T+1,Kafr El Sheikh,Sidi Salem
M00395,Pyramid Foods 0395,Grocery,Micro,2022-05-10,Active,T+2,Dakahlia,Mansoura - Central
M00396,Metro Transit 0396,Transportation,Micro,2023-07-26,Active,T+0,Cairo,Heliopolis - Central
M00397,Smart Style 0397,Fashion,Micro,2024-04-22,Active,T+0,Giza,Mohandessin - Central
M00398,Elite Foods 0398,Grocery,Micro,2021-02-26,Active,T+1,Alexandria,Stanley - Central
M00399,Lotus Station 0399,Fuel,Small,2022-10-16,Active,T+0,Cairo,Shubra
M00400,Pyramid Style 0400,Fashion,Micro,2024-11-08,Active,T+1,Aswan,Kom Ombo
M00401,Blue Mobile 0401,Telecom,Small,2025-05-31,Active,T+1,Sohag,Tahta
M00402,Urban Cafe 0402,Restaurants,Small,2024-08-06,Active,T+1,Alexandria,Smouha - Central
M00403,Delta Bites 0403,Restaurants,Medium,2022-06-11,Active,T+0,Cairo,Maadi - Central
M00404,Golden Cafe 0404,Restaurants,Micro,2024-05-01,Active,T+0,Port Said,Port Fouad - Central
M00405,Royal Cinema 0405,Entertainment,Small,2024-10-01,Active,T+1,Qena,Nag Hammadi
M00406,Prime Market 0406,Grocery,Medium,2025-11-02,Active,T+1,Qena,Qena
M00407,Lotus Learning 0407,Education,Small,2023-08-17,Active,T+2,Sharqia,Zagazig
M00408,Family Electronics 0408,Electronics,Micro,2024-05-29,Temporarily Suspended,T+2,Cairo,Shubra
M00409,Cairo Tech 0409,Electronics,Micro,2022-02-21,Active,T+1,Assiut,New Assiut
M00410,Green Care 0410,Pharmacy,Micro,2021-09-18,Active,T+1,Giza,Sheikh Zayed
M00411,Nova Kitchen 0411,Restaurants,Enterprise,2023-02-26,Active,T+2,Port Said,Port Fouad
M00412,Family Kitchen 0412,Restaurants,Micro,2024-08-19,Active,T+1,Alexandria,Agami - Central
M00413,Sun Online 0413,E-Commerce,Small,2022-06-18,Active,T+2,Giza,Dokki - Central
M00414,Cairo Style 0414,Fashion,Micro,2021-11-16,Active,T+1,Ismailia,Ismailia
M00415,Royal Kitchen 0415,Restaurants,Small,2021-06-28,Active,T+0,Cairo,New Cairo - Central
M00416,Nova Mart 0416,Grocery,Micro,2022-10-31,Active,T+1,Minya,Minya
M00417,Metro Transit 0417,Transportation,Micro,2021-04-20,Active,T+0,Cairo,New Cairo - Central
M00418,Nova Online 0418,E-Commerce,Medium,2021-09-23,Active,T+0,Cairo,Mokattam - Central
M00419,Smart Style 0419,Fashion,Small,2024-04-30,Active,T+0,Cairo,Nasr City - Central
M00420,Sun Style 0420,Fashion,Enterprise,2022-05-29,Active,T+1,Dakahlia,Talkha
M00421,Green Mart 0421,Grocery,Medium,2023-11-25,Active,T+0,Alexandria,Stanley
M00422,Nile Cafe 0422,Restaurants,Medium,2022-09-06,Active,T+1,Cairo,Shubra - Central
M00423,Smart Store 0423,E-Commerce,Micro,2022-07-18,Active,T+1,Giza,6th of October - Central
M00424,Green Online 0424,E-Commerce,Small,2021-08-17,Active,T+2,Dakahlia,Mansoura - Central
M00425,Smart Foods 0425,Grocery,Small,2022-07-18,Active,T+2,Cairo,Ain Shams
M00426,Family Clinic 0426,Healthcare,Small,2024-05-25,Active,T+0,North Sinai,Arish
M00427,Quick Online 0427,E-Commerce,Small,2021-05-06,Active,T+1,Sohag,Akhmim
M00428,Quick Pharmacy 0428,Pharmacy,Micro,2024-08-04,Active,T+1,Cairo,Shubra
M00429,Delta Tech 0429,Electronics,Medium,2022-04-26,Active,T+1,Giza,Haram
M00430,Family Clinic 0430,Healthcare,Micro,2021-03-30,Active,T+1,Cairo,Ain Shams
M00431,Delta Transit 0431,Transportation,Micro,2022-07-03,Active,T+2,Giza,Mohandessin
M00432,Nile Fuel 0432,Fuel,Small,2024-05-20,Active,T+1,Cairo,Ain Shams
M00433,Family Kitchen 0433,Restaurants,Micro,2021-05-17,Active,T+2,Qalyubia,Qalyub
M00434,Delta Kitchen 0434,Restaurants,Small,2023-11-15,Active,T+1,Suez,Ain Sokhna - Central
M00435,Cairo Care 0435,Pharmacy,Micro,2024-06-24,Active,T+1,Kafr El Sheikh,Baltim
M00436,Blue Care 0436,Pharmacy,Medium,2021-07-15,Active,T+2,Gharbia,El Mahalla El Kubra
M00437,Nile Pharmacy 0437,Pharmacy,Micro,2024-10-04,Active,T+1,Assiut,New Assiut - Central
M00438,Delta Health 0438,Healthcare,Medium,2022-01-05,Active,T+1,Alexandria,Miami - Central
M00439,Nova Tech 0439,Electronics,Micro,2024-03-09,Active,T+1,Giza,Imbaba - Central
M00440,Smart Online 0440,E-Commerce,Small,2023-05-03,Active,T+2,Assiut,Assiut
M00441,Blue Station 0441,Fuel,Medium,2022-10-13,Active,T+1,Monufia,Shebin El Kom
M00442,Family Style 0442,Fashion,Micro,2023-01-19,Active,T+2,Beni Suef,New Beni Suef
M00443,Quick Store 0443,E-Commerce,Micro,2023-08-11,Active,T+1,Port Said,Port Fouad - Central
M00444,Smart Electronics 0444,Electronics,Medium,2021-12-12,Active,T+1,Beheira,Rashid
M00445,Nova Transit 0445,Transportation,Micro,2024-01-16,Active,T+1,Sharqia,Minya Al Qamh - Central
M00446,Golden Wear 0446,Fashion,Small,2024-12-03,Active,T+1,Giza,Faisal - Central
M00447,Green Wear 0447,Fashion,Micro,2023-04-13,Active,T+1,Dakahlia,Mit Ghamr
M00448,Pyramid Wear 0448,Fashion,Small,2024-01-12,Active,T+1,Cairo,Mokattam
M00449,Prime Connect 0449,Telecom,Small,2024-10-05,Active,T+1,Kafr El Sheikh,Desouk - Central
M00450,Quick Cinema 0450,Entertainment,Micro,2021-06-03,Active,T+1,Sohag,Sohag
M00451,Sun Pharmacy 0451,Pharmacy,Micro,2024-10-08,Active,T+0,Cairo,Nasr City
M00452,Golden Care 0452,Pharmacy,Small,2021-11-21,Active,T+0,Qalyubia,Obour - Central
M00453,Pyramid Cinema 0453,Entertainment,Micro,2024-01-24,Active,T+1,Cairo,Nasr City - Central
M00454,Golden Online 0454,E-Commerce,Micro,2024-05-23,Active,T+1,Giza,Imbaba - Central
M00455,Prime Bites 0455,Restaurants,Medium,2021-03-21,Active,T+1,Giza,Mohandessin
M00456,Green Mart 0456,Grocery,Medium,2024-02-14,Active,T+1,Cairo,Shubra - Central
M00457,Smart Market 0457,Grocery,Micro,2022-04-02,Active,T+1,Fayoum,Ibshaway - Central
M00458,Lotus Pharmacy 0458,Pharmacy,Micro,2022-02-15,Active,T+0,Sharqia,10th of Ramadan
M00459,Quick Online 0459,E-Commerce,Small,2022-08-19,Active,T+1,Assiut,Assiut - Central
M00460,Smart Wear 0460,Fashion,Small,2022-12-19,Active,T+1,Kafr El Sheikh,Kafr El Sheikh
M00461,Pyramid Foods 0461,Grocery,Micro,2023-04-11,Active,T+0,Ismailia,Ismailia
M00462,Quick Care 0462,Pharmacy,Medium,2021-03-12,Active,T+0,Red Sea,Safaga
M00463,Green Transit 0463,Transportation,Micro,2023-06-17,Active,T+1,Sharqia,Minya Al Qamh - Central
M00464,Pyramid Care 0464,Pharmacy,Enterprise,2025-08-06,Active,T+1,Cairo,Shubra
M00465,Prime Ride 0465,Transportation,Enterprise,2023-10-27,Active,T+0,Fayoum,Sinnuris
M00466,Green Connect 0466,Telecom,Medium,2023-08-30,Active,T+0,Cairo,Downtown
M00467,Cairo Health 0467,Healthcare,Medium,2022-07-01,Active,T+1,Giza,Dokki - Central
M00468,Family Connect 0468,Telecom,Micro,2022-03-08,Active,T+0,Cairo,Downtown
M00469,Metro Mobile 0469,Telecom,Medium,2023-07-03,Active,T+0,Cairo,Nasr City
M00470,Pyramid Fuel 0470,Fuel,Medium,2025-06-14,Active,T+2,Monufia,Menouf - Central
M00471,Lotus Ride 0471,Transportation,Small,2021-05-30,Active,T+1,Cairo,Downtown - Central
M00472,Green Market 0472,Grocery,Medium,2021-12-21,Active,T+2,Dakahlia,Aga - Central
M00473,Cairo Store 0473,E-Commerce,Small,2025-08-07,Active,T+1,Dakahlia,Belqas
M00474,Urban Market 0474,Grocery,Small,2024-05-09,Active,T+1,Sharqia,10th of Ramadan - Central
M00475,Golden Station 0475,Fuel,Enterprise,2022-04-25,Active,T+1,Assiut,Assiut
M00476,Green Cinema 0476,Entertainment,Micro,2021-06-15,Active,T+0,Giza,6th of October - Central
M00477,Nova Online 0477,E-Commerce,Small,2022-06-05,Active,T+0,Cairo,Nasr City - Central
M00478,Elite Tech 0478,Electronics,Small,2021-07-29,Active,T+1,Luxor,Armant
M00479,Nova Electronics 0479,Electronics,Medium,2023-02-21,Active,T+1,Cairo,Ain Shams - Central
M00480,Royal Fuel 0480,Fuel,Micro,2021-01-27,Active,T+1,Assiut,Dairut
M00481,Sun Bites 0481,Restaurants,Medium,2024-04-22,Active,T+1,Port Said,Port Fouad - Central
M00482,Blue Style 0482,Fashion,Small,2024-12-18,Active,T+2,Dakahlia,Talkha - Central
M00483,Family Transit 0483,Transportation,Small,2021-10-25,Active,T+1,Fayoum,Ibshaway - Central
M00484,Royal Transit 0484,Transportation,Medium,2021-12-28,Active,T+0,Aswan,Aswan
M00485,Lotus Transit 0485,Transportation,Small,2022-11-26,Active,T+0,Sharqia,Abu Hammad - Central
M00486,Urban Bites 0486,Restaurants,Micro,2025-07-01,Active,T+1,Cairo,Ain Shams
M00487,Green Clinic 0487,Healthcare,Micro,2021-12-26,Active,T+1,Gharbia,Kafr El Zayat - Central
M00488,Prime Ride 0488,Transportation,Small,2024-05-13,Active,T+1,Qalyubia,Obour - Central
M00489,Quick Pharmacy 0489,Pharmacy,Small,2025-07-17,Active,T+1,Kafr El Sheikh,Sidi Salem - Central
M00490,Green Electronics 0490,Electronics,Small,2021-10-16,Active,T+0,Cairo,New Cairo
M00491,Delta Fun 0491,Entertainment,Small,2021-01-13,Active,T+1,Alexandria,Borg El Arab
M00492,Lotus Transit 0492,Transportation,Medium,2022-07-03,Active,T+1,Beheira,Nubaria - Central
M00493,Smart Electronics 0493,Electronics,Micro,2024-12-13,Active,T+0,Dakahlia,Talkha - Central
M00494,Delta Pharmacy 0494,Pharmacy,Micro,2025-07-14,Active,T+1,Giza,Mohandessin - Central
M00495,Royal Market 0495,Grocery,Small,2022-11-08,Active,T+1,Minya,Beni Mazar
M00496,Smart Cafe 0496,Restaurants,Small,2025-09-25,Active,T+1,Cairo,Mokattam - Central
M00497,Sun Fun 0497,Entertainment,Micro,2021-05-09,Active,T+1,Beheira,Nubaria - Central
M00498,Golden Learning 0498,Education,Medium,2024-01-28,Active,T+1,Qalyubia,Khanka
M00499,Elite Store 0499,E-Commerce,Micro,2021-12-10,Active,T+0,Assiut,Manfalut - Central
M00500,Golden Kitchen 0500,Restaurants,Small,2022-12-31,Active,T+1,Alexandria,Borg El Arab - Central
M00501,Nile Station 0501,Fuel,Small,2023-11-20,Active,T+1,Beni Suef,Beni Suef - Central
M00502,Golden Learning 0502,Education,Small,2026-05-31,Offboarded,T+1,Alexandria,Borg El Arab
M00503,Metro Learning 0503,Education,Micro,2021-05-30,Active,T+1,Qena,Nag Hammadi
M00504,Nova Care 0504,Pharmacy,Micro,2021-03-07,Active,T+1,Giza,6th of October - Central
M00505,Sun Store 0505,E-Commerce,Small,2021-07-12,Active,T+1,Minya,Mallawi - Central
M00506,Nile Online 0506,E-Commerce,Medium,2022-07-24,Active,T+0,Qalyubia,Shubra El Kheima - Central
M00507,Delta Health 0507,Healthcare,Micro,2025-09-20,Active,T+1,Monufia,Sadat City - Central
M00508,Pyramid Electronics 0508,Electronics,Medium,2024-02-12,Active,T+1,Sohag,Sohag
M00509,Delta Bites 0509,Restaurants,Medium,2023-01-25,Active,T+1,Suez,Ain Sokhna
M00510,Pyramid Academy 0510,Education,Micro,2021-12-04,Active,T+1,Sharqia,Zagazig - Central
M00511,Golden Health 0511,Healthcare,Small,2021-05-20,Active,T+1,Cairo,Maadi - Central
M00512,Family Kitchen 0512,Restaurants,Micro,2022-07-31,Active,T+1,Suez,Suez - Central
M00513,Pyramid Care 0513,Pharmacy,Medium,2024-05-05,Active,T+1,Cairo,Heliopolis - Central
M00514,Pyramid Foods 0514,Grocery,Enterprise,2023-04-01,Active,T+1,Giza,Haram
M00515,Quick Wear 0515,Fashion,Micro,2021-03-04,Active,T+1,Cairo,Nasr City
M00516,Royal Kitchen 0516,Restaurants,Small,2023-03-05,Active,T+1,Sharqia,Abu Hammad
M00517,Cairo Bites 0517,Restaurants,Medium,2023-09-19,Active,T+1,Giza,Faisal
M00518,Cairo Mart 0518,Grocery,Micro,2021-08-02,Active,T+2,Giza,6th of October
M00519,Quick Fuel 0519,Fuel,Small,2025-07-27,Active,T+1,Cairo,Downtown
M00520,Urban Kitchen 0520,Restaurants,Micro,2022-11-16,Active,T+1,Beheira,Damanhur - Central
M00521,Sun Foods 0521,Grocery,Medium,2025-10-31,Temporarily Suspended,T+0,Monufia,Menouf
M00522,Lotus Online 0522,E-Commerce,Small,2023-10-24,Active,T+2,Assiut,Manfalut
M00523,Cairo Pharmacy 0523,Pharmacy,Micro,2023-09-19,Active,T+1,Gharbia,El Mahalla El Kubra
M00524,Nile Bites 0524,Restaurants,Micro,2022-05-20,Active,T+1,Giza,Dokki
M00525,Royal Bites 0525,Restaurants,Small,2023-08-28,Active,T+1,Sohag,Akhmim
M00526,Lotus Mart 0526,Grocery,Micro,2021-05-11,Active,T+1,Red Sea,Hurghada
M00527,Cairo Tech 0527,Electronics,Micro,2022-06-10,Active,T+1,Assiut,New Assiut
M00528,Elite Pharmacy 0528,Pharmacy,Micro,2021-10-24,Temporarily Suspended,T+1,Cairo,Ain Shams
M00529,Metro Transit 0529,Transportation,Micro,2024-09-18,Active,T+1,Sharqia,Abu Hammad
M00530,Royal Style 0530,Fashion,Micro,2022-09-03,Active,T+1,Ismailia,Qantara
M00531,Cairo Mart 0531,Grocery,Small,2023-07-30,Temporarily Suspended,T+1,Cairo,Mokattam
M00532,Quick Cafe 0532,Restaurants,Micro,2025-05-02,Active,T+0,Giza,Haram - Central
M00533,Elite Bites 0533,Restaurants,Small,2021-09-08,Active,T+1,Beheira,Rashid
M00534,Sun Market 0534,Grocery,Small,2022-07-04,Active,T+1,Cairo,Downtown - Central
M00535,Metro Wear 0535,Fashion,Medium,2023-05-04,Active,T+1,Cairo,New Cairo
M00536,Smart Cafe 0536,Restaurants,Micro,2024-11-24,Temporarily Suspended,T+2,Gharbia,Zefta - Central
M00537,Family Cafe 0537,Restaurants,Micro,2024-05-13,Active,T+2,Giza,Dokki
M00538,Urban Station 0538,Fuel,Micro,2022-02-10,Active,T+0,Kafr El Sheikh,Desouk
M00539,Nile Foods 0539,Grocery,Enterprise,2021-09-07,Active,T+1,Sohag,Tahta
M00540,Sun Foods 0540,Grocery,Small,2023-06-21,Active,T+0,Monufia,Sadat City - Central
M00541,Lotus Mart 0541,Grocery,Small,2024-07-28,Active,T+0,Beheira,Nubaria - Central
M00542,Smart Wear 0542,Fashion,Small,2021-10-30,Active,T+1,Alexandria,Stanley
M00543,Pyramid Online 0543,E-Commerce,Micro,2024-01-29,Active,T+0,Cairo,Ain Shams - Central
M00544,Pyramid Market 0544,Grocery,Small,2023-06-27,Active,T+1,Sharqia,10th of Ramadan
M00545,Lotus Foods 0545,Grocery,Medium,2022-04-07,Active,T+1,Suez,Ain Sokhna
M00546,Elite Foods 0546,Grocery,Small,2021-11-16,Active,T+2,Giza,Mohandessin
M00547,Urban Foods 0547,Grocery,Medium,2021-07-30,Active,T+2,Alexandria,Agami - Central
M00548,Nile Care 0548,Pharmacy,Micro,2021-09-11,Active,T+0,Giza,Sheikh Zayed
M00549,Pyramid Transit 0549,Transportation,Medium,2021-11-25,Active,T+1,Sharqia,Minya Al Qamh - Central
M00550,Blue Store 0550,E-Commerce,Small,2023-11-24,Active,T+1,South Sinai,El Tor
M00551,Blue Connect 0551,Telecom,Medium,2022-09-26,Active,T+1,Beni Suef,Nasser
M00552,Sun Style 0552,Fashion,Micro,2024-07-29,Temporarily Suspended,T+1,Giza,6th of October
M00553,Royal Transit 0553,Transportation,Medium,2021-01-31,Active,T+1,Beni Suef,Beni Suef - Central
M00554,Quick Ride 0554,Transportation,Small,2023-11-07,Active,T+1,Giza,Faisal
M00555,Family Foods 0555,Grocery,Small,2022-12-12,Active,T+2,Fayoum,Sinnuris - Central
M00556,Prime Bites 0556,Restaurants,Small,2021-01-18,Active,T+2,Alexandria,Borg El Arab
M00557,Royal Mart 0557,Grocery,Micro,2022-06-24,Active,T+1,Matrouh,Siwa
M00558,Nile Mobile 0558,Telecom,Micro,2024-08-06,Active,T+1,Qena,Qus
M00559,Elite Health 0559,Healthcare,Small,2022-05-19,Active,T+1,Beheira,Rashid
M00560,Royal Kitchen 0560,Restaurants,Micro,2024-12-27,Active,T+1,Gharbia,El Mahalla El Kubra - Central
M00561,Nile Wear 0561,Fashion,Small,2023-01-31,Active,T+1,Luxor,Esna
M00562,Green Electronics 0562,Electronics,Micro,2025-04-15,Active,T+1,Giza,Faisal
M00563,Sun Cafe 0563,Restaurants,Medium,2025-03-26,Active,T+2,Sharqia,Belbeis
M00564,Nile Transit 0564,Transportation,Small,2021-12-01,Active,T+2,Qalyubia,Qalyub
M00565,Nova Wear 0565,Fashion,Micro,2021-08-13,Active,T+2,Monufia,Sadat City - Central
M00566,Family Transit 0566,Transportation,Micro,2024-06-11,Active,T+1,Alexandria,Sidi Gaber - Central
M00567,Family Bites 0567,Restaurants,Medium,2023-05-31,Active,T+1,Cairo,Mokattam
M00568,Nova Learning 0568,Education,Small,2021-10-24,Active,T+2,Cairo,Maadi - Central
M00569,Golden Bites 0569,Restaurants,Small,2023-08-19,Active,T+0,Dakahlia,Belqas - Central
M00570,Elite Transit 0570,Transportation,Small,2024-09-09,Active,T+2,Dakahlia,Aga - Central
M00571,Royal Cafe 0571,Restaurants,Micro,2025-11-23,Temporarily Suspended,T+1,Qalyubia,Obour
M00572,Lotus Tech 0572,Electronics,Small,2022-04-21,Active,T+1,Sharqia,10th of Ramadan
M00573,Nova Mart 0573,Grocery,Micro,2023-11-02,Active,T+2,Cairo,New Cairo
M00574,Nile Clinic 0574,Healthcare,Medium,2024-04-08,Active,T+0,Giza,Imbaba
M00575,Golden Mart 0575,Grocery,Medium,2022-06-09,Active,T+0,Giza,Faisal
M00576,Cairo Cafe 0576,Restaurants,Micro,2023-06-02,Active,T+2,Alexandria,Smouha - Central
M00577,Prime Wear 0577,Fashion,Micro,2023-02-05,Active,T+0,Port Said,Port Fouad
M00578,Metro Tech 0578,Electronics,Small,2021-01-11,Active,T+2,Giza,Imbaba - Central
M00579,Nile Style 0579,Fashion,Micro,2024-04-15,Active,T+1,Cairo,Downtown - Central
M00580,Cairo Transit 0580,Transportation,Small,2022-10-01,Offboarded,T+1,Dakahlia,Talkha - Central
M00581,Quick Store 0581,E-Commerce,Medium,2023-11-21,Active,T+2,Cairo,Mokattam
M00582,Nile Ride 0582,Transportation,Medium,2022-07-20,Active,T+0,Giza,Sheikh Zayed - Central
M00583,Nile Style 0583,Fashion,Small,2022-07-11,Active,T+0,Alexandria,Stanley
M00584,Golden Ride 0584,Transportation,Enterprise,2023-06-16,Active,T+1,Sharqia,Minya Al Qamh
M00585,Urban Foods 0585,Grocery,Small,2021-09-08,Active,T+1,Monufia,Shebin El Kom - Central
M00586,Nova Academy 0586,Education,Small,2022-02-14,Active,T+1,Alexandria,Borg El Arab - Central
M00587,Cairo Mart 0587,Grocery,Micro,2025-04-24,Active,T+2,Giza,6th of October - Central
M00588,Metro Wear 0588,Fashion,Micro,2022-03-19,Active,T+1,Giza,Mohandessin - Central
M00589,Sun Care 0589,Pharmacy,Micro,2021-09-14,Active,T+0,Minya,Samalut - Central
M00590,Green Bites 0590,Restaurants,Small,2022-07-04,Active,T+0,Sharqia,10th of Ramadan
M00591,Nile Mart 0591,Grocery,Small,2022-08-27,Active,T+1,Cairo,Shubra - Central
M00592,Cairo Mart 0592,Grocery,Medium,2025-07-17,Active,T+0,Giza,Faisal
M00593,Cairo Health 0593,Healthcare,Micro,2025-08-13,Active,T+1,Port Said,Port Fouad - Central
M00594,Lotus Pharmacy 0594,Pharmacy,Micro,2025-03-17,Active,T+1,Giza,Faisal
M00595,Green Foods 0595,Grocery,Micro,2022-10-06,Active,T+2,Giza,Imbaba - Central
M00596,Urban Transit 0596,Transportation,Medium,2024-10-16,Active,T+1,Dakahlia,Aga - Central
M00597,Prime Mart 0597,Grocery,Micro,2024-11-20,Active,T+0,Alexandria,Smouha - Central
M00598,Urban Clinic 0598,Healthcare,Small,2023-06-03,Active,T+1,Qalyubia,Shubra El Kheima
M00599,Family Store 0599,E-Commerce,Micro,2023-09-24,Offboarded,T+1,Alexandria,Miami - Central
M00600,Lotus Care 0600,Pharmacy,Enterprise,2023-02-24,Active,T+2,Giza,Dokki
M00601,Family Ride 0601,Transportation,Micro,2022-10-18,Active,T+0,Luxor,Luxor
M00602,Urban Ride 0602,Transportation,Small,2021-11-29,Active,T+1,Dakahlia,Mit Ghamr
M00603,Family Fun 0603,Entertainment,Micro,2021-12-29,Active,T+1,Giza,Sheikh Zayed
M00604,Nile Market 0604,Grocery,Micro,2023-02-27,Active,T+2,Giza,6th of October - Central
M00605,Elite Market 0605,Grocery,Micro,2022-07-29,Active,T+2,Aswan,Kom Ombo
M00606,Blue Ride 0606,Transportation,Small,2022-01-20,Active,T+1,Minya,Mallawi - Central
M00607,Blue Ride 0607,Transportation,Micro,2024-08-29,Active,T+2,Assiut,New Assiut - Central
M00608,Smart Pharmacy 0608,Pharmacy,Micro,2022-10-10,Active,T+1,Giza,Imbaba - Central
M00609,Family Transit 0609,Transportation,Medium,2022-06-10,Active,T+1,Qalyubia,Banha
M00610,Cairo Market 0610,Grocery,Small,2025-10-17,Active,T+2,New Valley,Dakhla
M00611,Blue Cafe 0611,Restaurants,Small,2022-12-06,Active,T+0,Giza,Dokki - Central
M00612,Metro Foods 0612,Grocery,Micro,2024-01-07,Active,T+2,Cairo,Ain Shams - Central
M00613,Blue Electronics 0613,Electronics,Micro,2025-06-14,Active,T+1,Qalyubia,Khanka - Central
M00614,Royal Foods 0614,Grocery,Micro,2024-04-04,Active,T+0,Monufia,Sadat City - Central
M00615,Sun Store 0615,E-Commerce,Micro,2023-04-09,Active,T+0,Beni Suef,New Beni Suef - Central
M00616,Nova Kitchen 0616,Restaurants,Small,2021-01-27,Active,T+0,Alexandria,Agami - Central
M00617,Urban Market 0617,Grocery,Small,2024-06-08,Active,T+2,Cairo,New Cairo - Central
M00618,Smart Fuel 0618,Fuel,Small,2024-07-30,Offboarded,T+2,Alexandria,Agami - Central
M00619,Metro Store 0619,E-Commerce,Micro,2024-09-07,Active,T+0,Cairo,Nasr City
M00620,Nile Mart 0620,Grocery,Micro,2025-01-23,Active,T+2,Assiut,New Assiut - Central
M00621,Blue Mart 0621,Grocery,Micro,2024-03-12,Active,T+1,Kafr El Sheikh,Kafr El Sheikh
M00622,Green Cafe 0622,Restaurants,Micro,2022-11-02,Active,T+0,Giza,Haram - Central
M00623,Royal Bites 0623,Restaurants,Micro,2024-03-12,Active,T+1,Aswan,Aswan
M00624,Royal Fun 0624,Entertainment,Micro,2023-06-11,Active,T+2,Monufia,Menouf - Central
M00625,Sun Store 0625,E-Commerce,Micro,2025-12-06,Active,T+1,Damietta,Faraskour
M00626,Pyramid Transit 0626,Transportation,Micro,2024-10-29,Active,T+2,Damietta,New Damietta - Central
M00627,Cairo Fun 0627,Entertainment,Micro,2025-05-04,Active,T+0,Giza,Mohandessin - Central
M00628,Prime Station 0628,Fuel,Micro,2021-06-03,Active,T+1,Luxor,Armant
M00629,Nova Market 0629,Grocery,Small,2021-01-09,Active,T+1,Giza,Mohandessin - Central
M00630,Sun Style 0630,Fashion,Micro,2025-04-04,Active,T+1,Giza,Sheikh Zayed
M00631,Nova Foods 0631,Grocery,Micro,2023-09-27,Active,T+1,Assiut,Dairut
M00632,Metro Mart 0632,Grocery,Medium,2025-03-01,Active,T+1,Cairo,Mokattam - Central
M00633,Urban Learning 0633,Education,Micro,2024-01-25,Active,T+2,Monufia,Ashmoun
M00634,Metro Learning 0634,Education,Micro,2021-03-15,Active,T+1,Gharbia,Tanta
M00635,Family Foods 0635,Grocery,Micro,2021-01-05,Active,T+0,Sohag,Tahta
M00636,Lotus Mobile 0636,Telecom,Small,2023-03-28,Active,Unknown,Qalyubia,Shubra El Kheima
M00637,Royal Fun 0637,Entertainment,Enterprise,2024-03-21,Active,T+1,Cairo,Mokattam
M00638,Prime Style 0638,Fashion,Small,2021-06-07,Temporarily Suspended,T+1,South Sinai,Dahab
M00639,Urban Kitchen 0639,Restaurants,Micro,2022-07-14,Active,T+1,North Sinai,Arish
M00640,Elite Wear 0640,Fashion,Small,2025-05-05,Active,T+1,Giza,Mohandessin - Central
M00641,Metro Pharmacy 0641,Pharmacy,Medium,2022-01-14,Active,T+0,Cairo,New Cairo
M00642,Urban Connect 0642,Telecom,Small,2021-11-28,Active,T+1,Cairo,Nasr City - Central
M00643,Prime Electronics 0643,Electronics,Micro,2022-12-25,Active,T+2,Giza,Imbaba
M00644,Royal Market 0644,Grocery,Small,2023-12-08,Temporarily Suspended,T+2,Assiut,New Assiut - Central
M00645,Sun Kitchen 0645,Restaurants,Small,2025-04-22,Active,T+0,Gharbia,Kafr El Zayat - Central
M00646,Family Market 0646,Grocery,Medium,2023-04-27,Active,T+1,Cairo,Mokattam
M00647,Golden Connect 0647,Telecom,Small,2026-01-08,Active,T+1,Beheira,Damanhur
M00648,Urban Mart 0648,Grocery,Small,2025-01-15,Active,T+0,Cairo,Nasr City - Central
M00649,Sun Learning 0649,Education,Small,2024-08-25,Active,T+1,Assiut,New Assiut
M00650,Delta Clinic 0650,Healthcare,Small,2022-12-14,Active,T+0,Giza,Haram
M00651,Smart Ride 0651,Transportation,Micro,2022-06-11,Temporarily Suspended,T+0,Suez,Ain Sokhna
M00652,Delta Mart 0652,Grocery,Small,2023-11-22,Offboarded,T+1,Luxor,Luxor
M00653,Pyramid Foods 0653,Grocery,Medium,2024-09-30,Active,T+1,Gharbia,Zefta - Central
M00654,Green Online 0654,E-Commerce,Micro,2021-01-09,Active,T+1,Dakahlia,Belqas
M00655,Blue Mart 0655,Grocery,Micro,2023-02-04,Active,T+1,Cairo,Nasr City - Central
M00656,Delta Connect 0656,Telecom,Small,2024-02-19,Active,T+1,Giza,Dokki - Central
M00657,Family Cinema 0657,Entertainment,Medium,2022-04-24,Active,T+0,Giza,Mohandessin
M00658,Elite Tech 0658,Electronics,Medium,2021-11-09,Active,T+1,Beheira,Kafr El Dawwar - Central
M00659,Cairo Foods 0659,Grocery,Medium,2026-01-15,Active,T+1,Cairo,Mokattam
M00660,Green Electronics 0660,Electronics,Micro,2025-02-04,Active,T+1,Cairo,Mokattam - Central
M00661,Pyramid Market 0661,Grocery,Medium,2023-11-19,Active,T+0,Alexandria,Stanley - Central
M00662,Family Store 0662,E-Commerce,Micro,2021-06-06,Active,T+1,Ismailia,Fayed - Central
M00663,Golden Electronics 0663,Electronics,Small,2025-04-16,Active,T+2,Cairo,Mokattam
M00664,Family Ride 0664,Transportation,Micro,2023-07-21,Active,T+1,Matrouh,Siwa
M00665,Green Mart 0665,Grocery,Enterprise,2023-10-12,Active,T+2,Cairo,Ain Shams
M00666,Cairo Care 0666,Pharmacy,Micro,2023-11-23,Active,T+1,Dakahlia,Mansoura
M00667,Family Wear 0667,Fashion,Micro,2023-06-03,Active,T+2,Suez,Suez
M00668,Nile Style 0668,Fashion,Medium,2025-11-16,Active,T+1,Giza,Dokki
M00669,Sun Wear 0669,Fashion,Small,2024-02-21,Active,T+0,Cairo,Shubra
M00670,Blue Wear 0670,Fashion,Micro,2024-03-08,Active,T+0,Cairo,Nasr City - Central
M00671,Urban Online 0671,E-Commerce,Small,2025-12-13,Active,T+1,Cairo,Shubra
M00672,Royal Foods 0672,Grocery,Small,2025-08-08,Temporarily Suspended,T+1,Alexandria,Smouha
M00673,Sun Transit 0673,Transportation,Small,2023-03-07,Temporarily Suspended,T+1,Assiut,Dairut
M00674,Delta Clinic 0674,Healthcare,Micro,2021-05-12,Active,T+1,Qena,Qena
M00675,Cairo Electronics 0675,Electronics,Micro,2022-11-12,Active,T+1,Minya,Beni Mazar
M00676,Elite Mart 0676,Grocery,Small,2022-10-27,Active,T+1,Cairo,Mokattam - Central
M00677,Metro Pharmacy 0677,Pharmacy,Micro,2022-08-01,Active,T+2,Dakahlia,Mansoura - Central
M00678,Nile Connect 0678,Telecom,Micro,2024-08-06,Active,T+1,Sohag,Sohag
M00679,Prime Electronics 0679,Electronics,Micro,2025-03-20,Active,T+0,Dakahlia,Aga - Central
M00680,Smart Academy 0680,Education,Small,2022-05-22,Active,T+1,Cairo,Shubra - Central
M00681,Lotus Store 0681,E-Commerce,Micro,2021-05-22,Active,T+1,Cairo,New Cairo
M00682,Royal Market 0682,Grocery,Medium,2023-06-13,Active,T+1,Qena,Qus
M00683,Urban Ride 0683,Transportation,Micro,2023-01-06,Active,T+1,Beni Suef,Beni Suef
M00684,Prime Academy 0684,Education,Small,2022-04-20,Active,T+0,Aswan,Aswan
M00685,Delta Cinema 0685,Entertainment,Micro,2024-12-13,Active,T+1,Cairo,Ain Shams - Central
M00686,Lotus Online 0686,E-Commerce,Micro,2023-01-13,Active,T+1,Port Said,Port Said
M00687,Sun Care 0687,Pharmacy,Micro,2022-10-10,Active,T+1,Cairo,Maadi - Central
M00688,Blue Bites 0688,Restaurants,Micro,2024-01-21,Active,T+1,Qalyubia,Shubra El Kheima
M00689,Elite Kitchen 0689,Restaurants,Micro,2022-05-31,Temporarily Suspended,T+1,Cairo,New Cairo - Central
M00690,Metro Mart 0690,Grocery,Small,2022-03-30,Active,T+1,Cairo,Heliopolis - Central
M00691,Metro Market 0691,Grocery,Small,2021-01-14,Active,T+1,Beheira,Damanhur
M00692,Quick Clinic 0692,Healthcare,Small,2023-10-11,Active,T+0,Gharbia,Kafr El Zayat - Central
M00693,Delta Electronics 0693,Electronics,Small,2025-06-28,Active,T+1,Gharbia,Tanta - Central
M00694,Delta Transit 0694,Transportation,Small,2026-01-28,Active,T+1,Suez,Suez - Central
M00695,Pyramid Cinema 0695,Entertainment,Medium,2022-10-23,Active,T+0,Beheira,Rashid
M00696,Nova Learning 0696,Education,Medium,2024-12-09,Active,T+1,Cairo,Maadi - Central
M00697,Sun Ride 0697,Transportation,Small,2022-02-10,Active,T+2,Giza,6th of October - Central
M00698,Delta Wear 0698,Fashion,Small,2023-10-20,Active,T+2,Sharqia,Minya Al Qamh - Central
M00699,Nova Bites 0699,Restaurants,Medium,2023-06-10,Active,T+2,Giza,Haram
M00700,Delta Online 0700,E-Commerce,Micro,2024-02-01,Active,T+2,Port Said,Port Fouad
M00701,Prime Fun 0701,Entertainment,Small,2022-07-25,Active,T+1,Giza,Faisal
M00702,Prime Academy 0702,Education,Micro,2022-08-06,Active,T+1,Cairo,Ain Shams
M00703,Blue Bites 0703,Restaurants,Enterprise,2023-07-08,Active,T+1,Giza,6th of October - Central
M00704,Pyramid Care 0704,Pharmacy,Medium,2024-12-22,Active,T+1,Kafr El Sheikh,Sidi Salem - Central
M00705,Prime Health 0705,Healthcare,Medium,2022-01-06,Active,T+1,Ismailia,Qantara
M00706,Prime Academy 0706,Education,Micro,2021-12-11,Active,T+2,Cairo,Ain Shams - Central
M00707,Blue Mobile 0707,Telecom,Micro,2021-08-03,Active,T+0,South Sinai,El Tor
M00708,Golden Market 0708,Grocery,Small,2022-07-05,Active,T+1,Alexandria,Miami
M00709,Cairo Cafe 0709,Restaurants,Micro,2022-08-23,Active,T+1,Assiut,Dairut
M00710,Family Mart 0710,Grocery,Small,2024-02-02,Active,T+1,Giza,6th of October
M00711,Quick Store 0711,E-Commerce,Micro,2022-02-26,Active,T+1,Giza,Mohandessin - Central
M00712,Urban Connect 0712,Telecom,Small,2021-10-29,Active,T+1,Cairo,New Cairo - Central
M00713,Pyramid Bites 0713,Restaurants,Medium,2021-02-25,Active,T+2,Gharbia,El Mahalla El Kubra - Central
M00714,Lotus Care 0714,Pharmacy,Small,2022-11-16,Active,T+0,Damietta,New Damietta
M00715,Blue Market 0715,Grocery,Small,2025-07-14,Active,T+0,Aswan,Kom Ombo
M00716,Prime Wear 0716,Fashion,Enterprise,2021-04-03,Active,T+0,Cairo,Maadi - Central
M00717,Quick Fuel 0717,Fuel,Micro,2023-02-05,Active,T+1,Alexandria,Agami - Central
M00718,Metro Market 0718,Grocery,Micro,2022-01-22,Active,T+2,Giza,Haram - Central
M00719,Urban Pharmacy 0719,Pharmacy,Micro,2023-08-08,Active,T+0,Fayoum,Fayoum - Central
M00720,Royal Mart 0720,Grocery,Small,2023-03-09,Active,T+0,Ismailia,Qantara - Central
M00721,Delta Fuel 0721,Fuel,Micro,2022-04-25,Offboarded,T+0,Cairo,New Cairo
M00722,Urban Mart 0722,Grocery,Medium,2023-04-02,Active,T+1,Cairo,Shubra
M00723,Metro Pharmacy 0723,Pharmacy,Small,2025-01-04,Active,T+0,Cairo,Mokattam - Central
M00724,Nile Foods 0724,Grocery,Small,2022-02-13,Active,T+1,Sharqia,Zagazig
M00725,Green Online 0725,E-Commerce,Micro,2022-06-17,Active,T+0,Qalyubia,Shubra El Kheima - Central
M00726,Royal Wear 0726,Fashion,Small,2021-06-08,Active,T+1,Qalyubia,Khanka
M00727,Golden Online 0727,E-Commerce,Small,2025-10-24,Active,T+2,Beheira,Kafr El Dawwar - Central
M00728,Prime Kitchen 0728,Restaurants,Micro,2022-04-26,Temporarily Suspended,T+1,Cairo,Heliopolis - Central
M00729,Sun Cafe 0729,Restaurants,Small,2023-03-21,Active,T+1,Damietta,Ras El Bar
M00730,Golden Store 0730,E-Commerce,Micro,2023-09-11,Active,T+1,Giza,Sheikh Zayed
M00731,Delta Tech 0731,Electronics,Small,2023-01-07,Active,T+1,Monufia,Menouf
M00732,Urban Mart 0732,Grocery,Small,2022-08-18,Active,T+1,Sohag,Girga
M00733,Metro Academy 0733,Education,Micro,2023-11-16,Active,T+1,Cairo,Ain Shams - Central
M00734,Blue Bites 0734,Restaurants,Micro,2025-09-19,Active,T+2,Qena,Qus
M00735,Nova Transit 0735,Transportation,Micro,2023-03-27,Active,T+1,Sharqia,Belbeis
M00736,Cairo Online 0736,E-Commerce,Micro,2023-07-02,Active,T+1,Cairo,Ain Shams - Central
M00737,Urban Kitchen 0737,Restaurants,Micro,2025-11-18,Active,T+1,Luxor,Luxor
M00738,Sun Tech 0738,Electronics,Micro,2023-08-30,Active,T+0,Sharqia,Zagazig - Central
M00739,Smart Academy 0739,Education,Micro,2026-05-29,Active,T+1,Cairo,Shubra - Central
M00740,Metro Cafe 0740,Restaurants,Small,2022-07-09,Active,T+1,Alexandria,Agami
M00741,Elite Market 0741,Grocery,Small,2023-12-09,Active,T+2,Sharqia,Zagazig - Central
M00742,Cairo Health 0742,Healthcare,Small,2022-06-26,Active,T+2,Alexandria,Stanley - Central
M00743,Family Tech 0743,Electronics,Micro,2023-04-06,Active,T+1,Kafr El Sheikh,Baltim - Central
M00744,Pyramid Online 0744,E-Commerce,Small,2022-12-14,Active,T+1,Cairo,Ain Shams
M00745,Family Care 0745,Pharmacy,Medium,2024-06-16,Active,T+2,Sohag,Sohag
M00746,Pyramid Ride 0746,Transportation,Micro,2021-10-07,Active,T+1,Qalyubia,Shubra El Kheima
M00747,Urban Tech 0747,Electronics,Medium,2023-02-17,Active,T+1,Luxor,Esna
M00748,Delta Market 0748,Grocery,Micro,2025-11-13,Active,T+2,Sharqia,Minya Al Qamh - Central
M00749,Green Learning 0749,Education,Small,2024-02-10,Active,T+1,Cairo,Mokattam - Central
M00750,Sun Pharmacy 0750,Pharmacy,Small,2023-12-07,Active,T+1,Cairo,New Cairo - Central
M00751,Family Mart 0751,Grocery,Micro,2023-01-21,Active,T+1,Monufia,Shebin El Kom - Central
M00752,Prime Bites 0752,Restaurants,Medium,2022-04-05,Active,T+0,Port Said,Port Said
M00753,Urban Online 0753,E-Commerce,Micro,2023-10-12,Active,T+1,Red Sea,Safaga
M00754,Quick Fuel 0754,Fuel,Enterprise,2021-02-17,Active,T+2,Qalyubia,Khanka
M00755,Cairo Connect 0755,Telecom,Enterprise,2022-02-25,Active,T+1,Giza,Faisal
M00756,Cairo Mobile 0756,Telecom,Micro,2024-11-06,Active,T+1,Giza,Dokki
M00757,Prime Market 0757,Grocery,Micro,2021-04-10,Active,T+2,Giza,Mohandessin - Central
M00758,Elite Pharmacy 0758,Pharmacy,Small,2023-01-17,Active,T+0,Sohag,Sohag
M00759,Elite Cafe 0759,Restaurants,Micro,2023-07-19,Active,T+1,Dakahlia,Mit Ghamr - Central
M00760,Nile Cafe 0760,Restaurants,Small,2022-03-08,Active,T+1,Giza,Imbaba
M00761,Sun Tech 0761,Electronics,Micro,2022-10-29,Active,T+1,Cairo,New Cairo - Central
M00762,Smart Kitchen 0762,Restaurants,Micro,2022-12-02,Active,T+1,Monufia,Shebin El Kom - Central
M00763,Golden Fun 0763,Entertainment,Micro,2021-07-21,Active,T+1,Sohag,Sohag
M00764,Urban Clinic 0764,Healthcare,Micro,2024-07-09,Active,T+0,Giza,Dokki - Central
M00765,Sun Transit 0765,Transportation,Small,2022-11-30,Active,T+0,Giza,Faisal - Central
M00766,Pyramid Electronics 0766,Electronics,Medium,2025-04-27,Active,T+0,Alexandria,Smouha
M00767,Green Wear 0767,Fashion,Small,2022-07-24,Active,T+1,Giza,Imbaba
M00768,Nova Wear 0768,Fashion,Micro,2022-05-02,Active,T+0,Alexandria,Borg El Arab - Central
M00769,Quick Tech 0769,Electronics,Enterprise,2022-04-28,Active,T+1,Sohag,Akhmim
M00770,Quick Mart 0770,Grocery,Micro,2023-04-12,Active,T+1,Dakahlia,Aga
M00771,Golden Learning 0771,Education,Micro,2025-06-01,Active,T+1,Qalyubia,Banha
M00772,Royal Ride 0772,Transportation,Medium,2023-05-02,Temporarily Suspended,T+2,Giza,Haram - Central
M00773,Lotus Academy 0773,Education,Enterprise,2021-06-04,Active,T+1,Sohag,Girga
M00774,Green Style 0774,Fashion,Medium,2021-02-23,Active,T+1,Giza,6th of October - Central
M00775,Smart Foods 0775,Grocery,Micro,2021-02-18,Active,T+1,Fayoum,Fayoum - Central
M00776,Green Tech 0776,Electronics,Micro,2024-08-21,Active,T+1,Aswan,Kom Ombo
M00777,Quick Tech 0777,Electronics,Small,2021-04-13,Active,T+1,Aswan,Edfu
M00778,Pyramid Bites 0778,Restaurants,Medium,2021-05-16,Active,T+0,Dakahlia,Belqas
M00779,Quick Academy 0779,Education,Enterprise,2024-08-12,Active,T+2,Aswan,Kom Ombo
M00780,Urban Tech 0780,Electronics,Micro,2022-11-30,Active,T+1,Damietta,New Damietta - Central
M00781,Nile Bites 0781,Restaurants,Small,2023-01-02,Active,T+1,Assiut,Assiut - Central
M00782,Prime Foods 0782,Grocery,Medium,2024-03-09,Active,T+1,Sharqia,Abu Hammad
M00783,Sun Health 0783,Healthcare,Micro,2024-05-22,Active,T+1,Dakahlia,Mansoura - Central
M00784,Quick Electronics 0784,Electronics,Micro,2023-01-19,Active,T+1,Alexandria,Smouha - Central
M00785,Quick Mart 0785,Grocery,Medium,2023-07-13,Active,T+2,Port Said,Port Said
M00786,Delta Health 0786,Healthcare,Micro,2024-10-17,Active,T+2,Dakahlia,Belqas
M00787,Pyramid Bites 0787,Restaurants,Small,2022-11-19,Active,T+0,Giza,Haram
M00788,Quick Foods 0788,Grocery,Micro,2023-07-05,Active,T+1,Minya,Beni Mazar
M00789,Prime Bites 0789,Restaurants,Micro,2024-08-23,Active,T+1,Giza,Sheikh Zayed
M00790,Pyramid Mart 0790,Grocery,Small,2025-11-01,Active,T+1,Giza,Mohandessin - Central
M00791,Quick Academy 0791,Education,Micro,2023-01-27,Active,T+1,Alexandria,Stanley - Central
M00792,Nile Cafe 0792,Restaurants,Small,2024-03-26,Active,T+1,Damietta,New Damietta - Central
M00793,Quick Care 0793,Pharmacy,Micro,2023-10-26,Active,T+1,Sharqia,Abu Hammad - Central
M00794,Family Tech 0794,Electronics,Micro,2023-06-11,Active,T+1,Cairo,Nasr City - Central
M00795,Pyramid Station 0795,Fuel,Medium,2024-12-18,Active,T+2,Cairo,Ain Shams
M00796,Metro Ride 0796,Transportation,Micro,2023-09-13,Active,T+2,Matrouh,Marsa Matrouh
M00797,Sun Station 0797,Fuel,Micro,2021-10-01,Active,T+2,Cairo,Mokattam - Central
M00798,Elite Market 0798,Grocery,Micro,2025-06-06,Active,T+0,Giza,Haram
M00799,Royal Fun 0799,Entertainment,Small,2023-10-16,Active,T+1,Monufia,Shebin El Kom
M00800,Delta Kitchen 0800,Restaurants,Medium,2024-11-07,Active,T+0,Cairo,Nasr City
M00801,Blue Health 0801,Healthcare,Small,2022-09-14,Active,T+1,Assiut,Manfalut - Central
M00802,Delta Transit 0802,Transportation,Medium,2026-01-01,Active,T+1,Qalyubia,Khanka
M00803,Family Market 0803,Grocery,Micro,2022-03-16,Active,T+0,Minya,Beni Mazar
M00804,Quick Online 0804,E-Commerce,Small,2025-10-21,Active,T+1,Cairo,Heliopolis - Central
M00805,Royal Foods 0805,Grocery,Micro,2022-09-09,Active,T+1,Giza,Haram - Central
M00806,Smart Mart 0806,Grocery,Medium,2021-05-23,Active,T+0,Gharbia,Tanta - Central
M00807,Delta Care 0807,Pharmacy,Micro,2025-12-03,Active,T+1,Assiut,Manfalut
M00808,Prime Kitchen 0808,Restaurants,Micro,2023-10-19,Active,T+1,Giza,Dokki
M00809,Urban Market 0809,Grocery,Small,2025-06-19,Active,T+1,Damietta,Ras El Bar
M00810,Royal Ride 0810,Transportation,Medium,2026-01-14,Active,T+1,Cairo,Maadi
M00811,Smart Ride 0811,Transportation,Micro,2021-05-23,Active,T+1,Cairo,Nasr City - Central
M00812,Golden Cafe 0812,Restaurants,Small,2023-11-13,Active,T+1,Cairo,Ain Shams
M00813,Blue Style 0813,Fashion,Medium,2022-09-16,Active,T+0,Ismailia,Qantara - Central
M00814,Pyramid Learning 0814,Education,Micro,2025-08-29,Active,T+1,Giza,Faisal - Central
M00815,Cairo Mart 0815,Grocery,Micro,2022-06-25,Active,T+1,Gharbia,Zefta - Central
M00816,Nova Kitchen 0816,Restaurants,Micro,2021-08-21,Active,T+1,Alexandria,Stanley - Central
M00817,Nile Online 0817,E-Commerce,Medium,2024-11-25,Active,T+1,Alexandria,Agami - Central
M00818,Royal Care 0818,Pharmacy,Micro,2023-12-22,Active,T+2,Cairo,Downtown
M00819,Smart Ride 0819,Transportation,Small,2023-12-30,Active,T+2,Dakahlia,Mansoura - Central
M00820,Royal Pharmacy 0820,Pharmacy,Micro,2024-08-28,Active,T+1,Qena,Qus
M00821,Blue Style 0821,Fashion,Small,2024-11-29,Active,T+1,Cairo,Mokattam
M00822,Blue Electronics 0822,Electronics,Micro,2023-12-07,Active,T+0,Cairo,Downtown - Central
M00823,Delta Store 0823,E-Commerce,Micro,2022-01-05,Active,T+1,Dakahlia,Talkha - Central
M00824,Royal Mobile 0824,Telecom,Small,2023-06-12,Active,T+1,Kafr El Sheikh,Sidi Salem - Central
M00825,Urban Tech 0825,Electronics,Medium,2024-07-26,Active,T+1,Qena,Nag Hammadi
M00826,Elite Health 0826,Healthcare,Micro,2022-03-28,Active,T+1,Minya,Minya - Central
M00827,Elite Cafe 0827,Restaurants,Small,2025-01-30,Active,T+2,Giza,Mohandessin - Central
M00828,Nova Mart 0828,Grocery,Micro,2021-03-20,Active,T+1,Gharbia,Tanta
M00829,Pyramid Style 0829,Fashion,Small,2021-07-29,Active,T+2,Dakahlia,Aga - Central
M00830,Metro Store 0830,E-Commerce,Medium,2021-01-05,Active,T+2,Ismailia,Ismailia
M00831,Cairo Transit 0831,Transportation,Micro,2021-06-19,Active,T+0,Gharbia,Kafr El Zayat
M00832,Quick Pharmacy 0832,Pharmacy,Medium,2024-08-21,Active,T+0,Dakahlia,Talkha
M00833,Metro Tech 0833,Electronics,Micro,2023-04-12,Active,T+1,Cairo,Mokattam - Central
M00834,Urban Mart 0834,Grocery,Micro,2024-12-16,Active,T+0,Giza,Dokki
M00835,Urban Mobile 0835,Telecom,Micro,2023-12-31,Active,T+0,Cairo,Shubra
M00836,Pyramid Ride 0836,Transportation,Enterprise,2021-02-12,Active,T+1,Dakahlia,Aga
M00837,Blue Bites 0837,Restaurants,Small,2021-06-17,Active,T+1,Port Said,Port Fouad - Central
M00838,Metro Market 0838,Grocery,Medium,2025-01-04,Active,T+1,Giza,Sheikh Zayed
M00839,Lotus Academy 0839,Education,Micro,2022-07-15,Offboarded,T+1,Gharbia,Tanta - Central
M00840,Family Wear 0840,Fashion,Micro,2021-12-10,Active,T+2,Minya,Mallawi - Central
M00841,Elite Clinic 0841,Healthcare,Micro,2024-01-21,Active,T+0,Monufia,Sadat City - Central
M00842,Sun Mart 0842,Grocery,Micro,2023-05-11,Active,T+1,Cairo,Shubra - Central
M00843,Nova Market 0843,Grocery,Micro,2023-04-04,Active,T+2,Suez,Ain Sokhna - Central
M00844,Cairo Mart 0844,Grocery,Medium,2022-05-23,Active,T+1,Sharqia,Abu Hammad - Central
M00845,Smart Care 0845,Pharmacy,Micro,2021-09-14,Active,T+2,Sharqia,Belbeis
M00846,Family Wear 0846,Fashion,Enterprise,2023-07-14,Active,T+0,Fayoum,Ibshaway
M00847,Elite Mart 0847,Grocery,Micro,2023-02-22,Active,T+2,Cairo,Downtown
M00848,Urban Tech 0848,Electronics,Micro,2024-06-27,Active,T+1,Cairo,Ain Shams
M00849,Elite Market 0849,Grocery,Micro,2021-03-06,Active,T+2,Sohag,Tahta
M00850,Urban Transit 0850,Transportation,Small,2024-09-17,Active,T+2,Port Said,Port Said
M00851,Sun Online 0851,E-Commerce,Micro,2023-06-14,Active,T+1,Giza,Haram - Central
M00852,Golden Tech 0852,Electronics,Medium,2022-10-13,Active,T+2,Gharbia,Zefta - Central
M00853,Delta Kitchen 0853,Restaurants,Small,2021-06-06,Active,T+2,Assiut,Dairut
M00854,Delta Care 0854,Pharmacy,Micro,2023-04-02,Active,T+1,Cairo,Nasr City
M00855,Cairo Care 0855,Pharmacy,Small,2021-11-08,Active,T+0,Giza,Imbaba
M00856,Lotus Online 0856,E-Commerce,Small,2024-02-02,Active,T+1,Alexandria,Miami
M00857,Family Market 0857,Grocery,Micro,2021-12-27,Active,T+0,Sharqia,10th of Ramadan - Central
M00858,Cairo Transit 0858,Transportation,Enterprise,2023-05-10,Active,T+1,Ismailia,Qantara
M00859,Royal Pharmacy 0859,Pharmacy,Small,2022-11-15,Active,T+1,Dakahlia,Mansoura - Central
M00860,Nova Market 0860,Grocery,Medium,2022-10-16,Temporarily Suspended,T+1,Damietta,New Damietta
M00861,Golden Fun 0861,Entertainment,Medium,2023-01-20,Active,T+2,Cairo,New Cairo - Central
M00862,Metro Care 0862,Pharmacy,Small,2024-08-29,Active,T+0,Damietta,Faraskour - Central
M00863,Quick Transit 0863,Transportation,Micro,2023-05-20,Active,T+2,Sharqia,Zagazig - Central
M00864,Green Transit 0864,Transportation,Small,2021-08-09,Active,T+1,Matrouh,El Alamein
M00865,Smart Transit 0865,Transportation,Small,2024-07-03,Active,T+1,Cairo,Downtown
M00866,Metro Station 0866,Fuel,Enterprise,2022-01-28,Active,T+2,Giza,Faisal - Central
M00867,Lotus Kitchen 0867,Restaurants,Small,2024-08-14,Active,T+1,Cairo,New Cairo - Central
M00868,Metro Market 0868,Grocery,Small,2022-01-12,Active,T+0,Beni Suef,Nasser - Central
M00869,Pyramid Foods 0869,Grocery,Medium,2024-02-28,Active,T+2,Monufia,Ashmoun
M00870,Delta Mart 0870,Grocery,Micro,2021-02-14,Active,T+1,Giza,Imbaba - Central
M00871,Pyramid Style 0871,Fashion,Medium,2024-10-15,Active,T+1,Assiut,Dairut - Central
M00872,Green Pharmacy 0872,Pharmacy,Small,2025-10-13,Active,T+0,Suez,Ain Sokhna
M00873,Golden Fun 0873,Entertainment,Small,2024-03-27,Active,T+0,Cairo,Shubra - Central
M00874,Prime Bites 0874,Restaurants,Small,2025-05-16,Active,T+1,Aswan,Kom Ombo
M00875,Blue Style 0875,Fashion,Small,2026-04-17,Active,T+1,Giza,Imbaba - Central
M00876,Quick Style 0876,Fashion,Enterprise,2024-12-16,Active,T+0,Giza,Haram
M00877,Green Ride 0877,Transportation,Small,2021-01-05,Active,T+2,Cairo,Ain Shams
M00878,Blue Tech 0878,Electronics,Micro,2024-08-10,Active,T+1,Giza,Sheikh Zayed - Central
M00879,Smart Fuel 0879,Fuel,Medium,2024-07-09,Active,T+1,Cairo,Shubra - Central
M00880,Lotus Cafe 0880,Restaurants,Medium,2022-10-15,Active,T+0,Alexandria,Smouha
M00881,Smart Transit 0881,Transportation,Small,2023-03-28,Active,T+1,Gharbia,Tanta
M00882,Nova Ride 0882,Transportation,Micro,2021-11-29,Offboarded,T+1,Alexandria,Agami
M00883,Pyramid Transit 0883,Transportation,Small,2021-10-30,Active,T+0,Giza,Sheikh Zayed
M00884,Cairo Fun 0884,Entertainment,Small,2021-07-14,Active,T+1,Cairo,Heliopolis - Central
M00885,Sun Store 0885,E-Commerce,Small,2022-08-12,Active,T+0,Giza,Dokki - Central
M00886,Sun Style 0886,Fashion,Small,2021-04-03,Active,T+0,Dakahlia,Belqas
M00887,Pyramid Online 0887,E-Commerce,Small,2022-04-02,Active,T+1,Giza,Dokki - Central
M00888,Cairo Clinic 0888,Healthcare,Enterprise,2023-11-07,Active,T+1,Alexandria,Borg El Arab
M00889,Pyramid Bites 0889,Restaurants,Small,2024-02-02,Active,T+1,Qalyubia,Banha
M00890,Green Bites 0890,Restaurants,Micro,2022-01-19,Active,T+1,Giza,Dokki - Central
M00891,Nile Care 0891,Pharmacy,Micro,2025-03-08,Active,T+1,Cairo,Ain Shams
M00892,Blue Tech 0892,Electronics,Small,2024-02-15,Active,T+1,Cairo,Ain Shams
M00893,Family Market 0893,Grocery,Small,2023-01-25,Active,T+1,Cairo,Heliopolis - Central
M00894,Smart Foods 0894,Grocery,Enterprise,2021-08-26,Active,T+1,Cairo,New Cairo
M00895,Nova Care 0895,Pharmacy,Small,2026-05-11,Active,T+1,Dakahlia,Mansoura
M00896,Smart Foods 0896,Grocery,Small,2021-06-16,Active,T+1,Alexandria,Smouha - Central
M00897,Green Electronics 0897,Electronics,Micro,2024-09-24,Active,T+0,Cairo,Mokattam
M00898,Prime Style 0898,Fashion,Micro,2021-06-16,Active,T+1,Cairo,New Cairo
M00899,Metro Market 0899,Grocery,Small,2022-11-21,Active,T+1,Giza,6th of October - Central
M00900,Quick Cinema 0900,Entertainment,Micro,2022-01-28,Active,T+1,Cairo,New Cairo
M00901,Nile Connect 0901,Telecom,Small,2024-08-02,Active,T+1,Aswan,Aswan
M00902,Cairo Pharmacy 0902,Pharmacy,Micro,2022-12-23,Active,T+2,Luxor,Armant
M00903,Prime Electronics 0903,Electronics,Micro,2022-02-27,Active,T+2,Dakahlia,Aga
M00904,Royal Bites 0904,Restaurants,Micro,2023-11-20,Active,T+0,Dakahlia,Mit Ghamr - Central
M00905,Prime Kitchen 0905,Restaurants,Small,2023-05-05,Active,T+1,Cairo,Heliopolis
M00906,Golden Wear 0906,Fashion,Micro,2023-10-20,Active,T+0,Alexandria,Borg El Arab - Central
M00907,Royal Foods 0907,Grocery,Medium,2023-03-12,Active,T+0,Qalyubia,Khanka - Central
M00908,Nile Cinema 0908,Entertainment,Small,2021-02-07,Active,T+1,Qalyubia,Qalyub
M00909,Lotus Transit 0909,Transportation,Small,2025-03-27,Active,T+1,Cairo,Nasr City - Central
M00910,Lotus Mobile 0910,Telecom,Small,2023-03-08,Active,T+1,Luxor,Luxor
M00911,Quick Market 0911,Grocery,Small,2025-02-20,Active,T+2,Cairo,Maadi - Central
M00912,Elite Mobile 0912,Telecom,Medium,2021-02-14,Temporarily Suspended,T+1,Minya,Beni Mazar - Central
M00913,Blue Connect 0913,Telecom,Micro,2023-05-29,Active,T+0,Giza,Haram
M00914,Royal Tech 0914,Electronics,Micro,2023-05-27,Active,T+0,Kafr El Sheikh,Kafr El Sheikh - Central
M00915,Blue Bites 0915,Restaurants,Micro,2023-12-17,Active,T+0,Alexandria,Sidi Gaber
M00916,Golden Care 0916,Pharmacy,Small,2023-08-29,Active,T+1,Giza,Dokki - Central
M00917,Smart Cafe 0917,Restaurants,Micro,2021-08-22,Active,T+1,Cairo,Shubra - Central
M00918,Family Ride 0918,Transportation,Small,2022-04-15,Active,T+1,Giza,Sheikh Zayed - Central
M00919,Nova Station 0919,Fuel,Small,2022-09-18,Active,T+2,Kafr El Sheikh,Baltim
M00920,Quick Fun 0920,Entertainment,Micro,2023-09-01,Active,T+2,Dakahlia,Belqas - Central
M00921,Prime Foods 0921,Grocery,Small,2024-08-08,Active,T+1,Qalyubia,Banha - Central
M00922,Pyramid Health 0922,Healthcare,Micro,2023-12-02,Active,T+1,Kafr El Sheikh,Desouk
M00923,Smart Market 0923,Grocery,Micro,2022-10-23,Active,T+1,Cairo,Downtown - Central
M00924,Quick Style 0924,Fashion,Enterprise,2022-07-15,Active,T+1,Minya,Minya
M00925,Quick Pharmacy 0925,Pharmacy,Micro,2021-07-03,Active,T+1,Alexandria,Borg El Arab - Central
M00926,Urban Store 0926,E-Commerce,Micro,2024-12-02,Active,T+0,Giza,Mohandessin
M00927,Nile Electronics 0927,Electronics,Medium,2021-04-30,Active,T+2,Cairo,Mokattam - Central
M00928,Urban Cafe 0928,Restaurants,Micro,2022-05-05,Active,T+1,Luxor,Armant
M00929,Pyramid Store 0929,E-Commerce,Micro,2024-09-07,Active,T+1,Monufia,Shebin El Kom - Central
M00930,Pyramid Cafe 0930,Restaurants,Enterprise,2022-01-17,Active,T+2,Cairo,New Cairo - Central
M00931,Smart Ride 0931,Transportation,Medium,2022-08-06,Active,T+2,Sharqia,Belbeis - Central
M00932,Nile Store 0932,E-Commerce,Micro,2021-10-29,Active,T+1,Dakahlia,Mit Ghamr - Central
M00933,Sun Market 0933,Grocery,Micro,2022-03-09,Active,T+1,Giza,6th of October
M00934,Sun Ride 0934,Transportation,Small,2022-07-04,Active,T+1,Kafr El Sheikh,Kafr El Sheikh - Central
M00935,Metro Academy 0935,Education,Small,2024-04-19,Active,T+1,Port Said,Port Said - Central
M00936,Delta Health 0936,Healthcare,Medium,2024-11-22,Active,T+2,Giza,Mohandessin
M00937,Sun Bites 0937,Restaurants,Medium,2024-09-11,Active,T+1,Cairo,Shubra - Central
M00938,Metro Bites 0938,Restaurants,Micro,2021-05-14,Temporarily Suspended,T+1,Cairo,New Cairo - Central
M00939,Smart Transit 0939,Transportation,Small,2021-03-03,Active,T+1,Cairo,Ain Shams
M00940,Elite Ride 0940,Transportation,Micro,2022-07-17,Active,T+2,Minya,Minya
M00941,Nova Wear 0941,Fashion,Small,2024-11-07,Active,T+1,Aswan,Aswan
M00942,Royal Mart 0942,Grocery,Small,2023-06-03,Active,T+1,Cairo,Downtown - Central
M00943,Nile Ride 0943,Transportation,Small,2024-04-16,Active,T+1,Alexandria,Stanley - Central
M00944,Golden Transit 0944,Transportation,Medium,2022-06-22,Active,T+1,Giza,Dokki - Central
M00945,Lotus Online 0945,E-Commerce,Small,2021-10-02,Offboarded,T+1,Giza,Dokki - Central
M00946,Blue Cafe 0946,Restaurants,Enterprise,2023-10-24,Active,T+1,Beheira,Kafr El Dawwar
M00947,Metro Connect 0947,Telecom,Micro,2021-09-22,Active,T+2,Cairo,Downtown
M00948,Prime Online 0948,E-Commerce,Medium,2021-02-24,Active,T+1,Ismailia,Fayed - Central
M00949,Sun Kitchen 0949,Restaurants,Micro,2023-01-28,Active,T+0,Alexandria,Stanley - Central
M00950,Royal Online 0950,E-Commerce,Small,2024-09-20,Active,T+1,Qalyubia,Shubra El Kheima
M00951,Sun Store 0951,E-Commerce,Medium,2021-01-10,Active,T+1,Qalyubia,Obour
M00952,Golden Foods 0952,Grocery,Micro,2021-10-25,Active,T+2,Giza,Sheikh Zayed - Central
M00953,Family Mart 0953,Grocery,Small,2024-07-04,Active,T+1,Cairo,Nasr City - Central
M00954,Nile Cinema 0954,Entertainment,Small,2023-09-25,Active,T+1,Red Sea,Safaga
M00955,Urban Online 0955,E-Commerce,Micro,2024-09-28,Active,T+1,Alexandria,Miami - Central
M00956,Urban Electronics 0956,Electronics,Micro,2021-05-08,Active,T+2,Gharbia,Tanta
M00957,Royal Style 0957,Fashion,Micro,2021-01-01,Active,T+1,Dakahlia,Belqas
M00958,Pyramid Foods 0958,Grocery,Micro,2024-07-12,Active,T+1,Giza,Imbaba
M00959,Sun Pharmacy 0959,Pharmacy,Micro,2024-02-03,Active,T+1,Cairo,Nasr City
M00960,Family Care 0960,Pharmacy,Enterprise,2021-09-26,Active,T+1,Minya,Mallawi - Central
M00961,Prime Style 0961,Fashion,Small,2022-09-10,Active,T+2,Assiut,New Assiut - Central
M00962,Urban Kitchen 0962,Restaurants,Micro,2025-02-21,Active,T+1,Cairo,Mokattam - Central
M00963,Blue Store 0963,E-Commerce,Medium,2023-11-20,Active,T+0,Sharqia,Belbeis - Central
M00964,Metro Foods 0964,Grocery,Small,2022-02-04,Active,T+1,Assiut,Dairut - Central
M00965,Delta Connect 0965,Telecom,Small,2025-05-06,Active,T+2,Giza,Dokki
M00966,Cairo Cafe 0966,Restaurants,Micro,2024-02-20,Active,T+1,Beheira,Nubaria - Central
M00967,Nile Health 0967,Healthcare,Small,2024-02-10,Offboarded,T+0,Giza,Dokki
M00968,Golden Cinema 0968,Entertainment,Micro,2023-09-19,Active,T+1,Gharbia,El Mahalla El Kubra
M00969,Sun Kitchen 0969,Restaurants,Micro,2022-07-02,Active,T+1,Giza,Dokki
M00970,Family Cinema 0970,Entertainment,Medium,2024-09-23,Active,T+1,Giza,6th of October
M00971,Quick Pharmacy 0971,Pharmacy,Small,2022-01-29,Active,T+2,Gharbia,Tanta
M00972,Sun Academy 0972,Education,Micro,2024-03-27,Active,T+1,Alexandria,Sidi Gaber
M00973,Nile Store 0973,E-Commerce,Medium,2022-07-26,Active,T+2,Cairo,Maadi - Central
M00974,Metro Style 0974,Fashion,Small,2025-10-03,Active,T+1,Giza,Sheikh Zayed
M00975,Royal Care 0975,Pharmacy,Small,2023-10-01,Active,T+1,Qena,Qus
M00976,Urban Connect 0976,Telecom,Micro,2024-12-03,Active,T+1,Kafr El Sheikh,Sidi Salem - Central
M00977,Sun Online 0977,E-Commerce,Micro,2025-09-10,Active,T+1,Cairo,Downtown - Central
M00978,Sun Fun 0978,Entertainment,Small,2026-05-24,Active,T+1,Giza,Sheikh Zayed
M00979,Delta Mart 0979,Grocery,Medium,2024-07-17,Active,T+1,Monufia,Shebin El Kom
M00980,Royal Health 0980,Healthcare,Micro,2024-11-18,Active,T+1,North Sinai,Arish
M00981,Family Wear 0981,Fashion,Micro,2022-01-15,Active,T+1,Giza,Mohandessin
M00982,Quick Electronics 0982,Electronics,Micro,2023-07-31,Active,T+0,Beheira,Rashid
M00983,Cairo Kitchen 0983,Restaurants,Medium,2024-05-06,Active,T+1,Gharbia,Zefta - Central
M00984,Smart Bites 0984,Restaurants,Small,2021-02-16,Active,T+2,Gharbia,Kafr El Zayat - Central
M00985,Nova Bites 0985,Restaurants,Small,2021-12-20,Active,T+1,Sharqia,10th of Ramadan - Central
M00986,Quick Station 0986,Fuel,Micro,2024-09-02,Active,T+1,Giza,Sheikh Zayed
M00987,Blue Fun 0987,Entertainment,Small,2023-05-16,Active,T+0,Giza,Imbaba - Central
M00988,Smart Tech 0988,Electronics,Small,2021-08-26,Active,T+2,Cairo,Mokattam
M00989,Blue Online 0989,E-Commerce,Micro,2021-03-09,Active,T+0,Giza,6th of October - Central
M00990,Metro Ride 0990,Transportation,Medium,2023-06-27,Active,T+0,Giza,Imbaba - Central
M00991,Golden Electronics 0991,Electronics,Small,2025-05-18,Active,T+0,Assiut,New Assiut - Central
M00992,Urban Mart 0992,Grocery,Medium,2024-03-10,Active,T+1,Monufia,Menouf
M00993,Pyramid Bites 0993,Restaurants,Enterprise,2022-11-08,Active,T+0,Fayoum,Ibshaway
M00994,Cairo Cafe 0994,Restaurants,Medium,2023-03-19,Active,T+1,Alexandria,Agami - Central
M00995,Golden Care 0995,Pharmacy,Micro,2023-11-28,Active,Unknown,Giza,6th of October - Central
M00996,Royal Care 0996,Pharmacy,Medium,2022-12-14,Active,T+1,Dakahlia,Mansoura
M00997,Lotus Care 0997,Pharmacy,Medium,2025-09-30,Active,T+1,Giza,Faisal - Central
M00998,Cairo Tech 0998,Electronics,Small,2024-08-11,Temporarily Suspended,T+0,Sohag,Sohag
M00999,Smart Bites 0999,Restaurants,Enterprise,2025-08-17,Active,T+0,Giza,Haram
M01000,Metro Tech 1000,Electronics,Small,2021-07-07,Active,T+2,Sharqia,10th of Ramadan - Central
M01001,Nile Bites 1001,Restaurants,Micro,2022-02-17,Active,T+0,Cairo,Shubra - Central
M01002,Urban Foods 1002,Grocery,Micro,2021-11-25,Active,T+1,Matrouh,Siwa
M01003,Family Cafe 1003,Restaurants,Micro,2025-05-25,Active,T+0,Sharqia,Zagazig
M01004,Elite Electronics 1004,Electronics,Small,2023-01-20,Active,T+1,Alexandria,Borg El Arab - Central
M01005,Royal Mart 1005,Grocery,Small,2024-03-23,Active,T+1,Cairo,Downtown - Central
M01006,Metro Bites 1006,Restaurants,Small,2022-09-11,Active,T+1,Qena,Nag Hammadi
M01007,Green Tech 1007,Electronics,Medium,2022-03-03,Active,T+0,Sohag,Tahta
M01008,Blue Electronics 1008,Electronics,Micro,2021-12-28,Active,T+1,Cairo,Downtown
M01009,Prime Mart 1009,Grocery,Micro,2023-08-05,Active,T+1,Assiut,New Assiut
M01010,Family Station 1010,Fuel,Medium,2025-10-29,Active,T+1,Fayoum,Ibshaway - Central
M01011,Golden Style 1011,Fashion,Medium,2022-01-21,Offboarded,T+1,Cairo,Heliopolis
M01012,Smart Market 1012,Grocery,Medium,2023-08-21,Active,T+1,Gharbia,Tanta - Central
M01013,Lotus Bites 1013,Restaurants,Micro,2022-02-08,Active,T+0,Cairo,Nasr City
M01014,Sun Wear 1014,Fashion,Small,2021-07-10,Active,T+2,Alexandria,Miami - Central
M01015,Royal Station 1015,Fuel,Micro,2021-09-05,Active,T+0,Luxor,Armant
M01016,Quick Store 1016,E-Commerce,Micro,2026-04-19,Active,T+1,Giza,Imbaba
M01017,Pyramid Bites 1017,Restaurants,Micro,2022-04-27,Temporarily Suspended,T+2,Gharbia,Kafr El Zayat
M01018,Prime Fuel 1018,Fuel,Medium,2024-06-14,Active,T+1,Kafr El Sheikh,Kafr El Sheikh
M01019,Lotus Mobile 1019,Telecom,Small,2024-05-13,Active,T+0,Beheira,Nubaria
M01020,Nova Learning 1020,Education,Small,2021-07-25,Active,T+2,Giza,Sheikh Zayed
M01021,Cairo Kitchen 1021,Restaurants,Medium,2025-05-02,Active,T+0,Port Said,Port Fouad
M01022,Elite Transit 1022,Transportation,Small,2021-11-14,Active,T+1,Giza,Sheikh Zayed
M01023,Quick Transit 1023,Transportation,Small,2021-01-07,Active,T+1,Alexandria,Sidi Gaber - Central
M01024,Nile Wear 1024,Fashion,Small,2021-10-12,Active,T+1,Giza,Faisal
M01025,Cairo Ride 1025,Transportation,Micro,2024-10-08,Active,T+2,Cairo,Ain Shams - Central
M01026,Green Care 1026,Pharmacy,Medium,2021-06-15,Active,T+1,Qena,Qena
M01027,Nile Pharmacy 1027,Pharmacy,Micro,2023-10-31,Active,T+1,Qalyubia,Banha
M01028,Urban Bites 1028,Restaurants,Micro,2022-08-13,Active,T+1,Giza,Dokki
M01029,Royal Care 1029,Pharmacy,Medium,2022-05-23,Active,T+1,Red Sea,Hurghada
M01030,Prime Academy 1030,Education,Medium,2023-10-28,Active,T+0,Giza,Haram - Central
M01031,Nova Clinic 1031,Healthcare,Small,2024-01-15,Active,T+2,Cairo,Ain Shams
M01032,Quick Transit 1032,Transportation,Micro,2021-05-20,Active,T+2,Giza,Mohandessin - Central
M01033,Delta Kitchen 1033,Restaurants,Small,2022-01-18,Active,T+0,Dakahlia,Mansoura - Central
M01034,Cairo Online 1034,E-Commerce,Enterprise,2021-04-22,Active,T+1,Cairo,Downtown - Central
M01035,Smart Clinic 1035,Healthcare,Small,2024-11-03,Active,T+1,Dakahlia,Talkha
M01036,Urban Wear 1036,Fashion,Small,2021-07-22,Active,T+1,South Sinai,El Tor
M01037,Royal Mart 1037,Grocery,Micro,2025-03-12,Active,T+2,Dakahlia,Aga
M01038,Sun Care 1038,Pharmacy,Micro,2024-11-21,Active,T+1,Gharbia,Tanta - Central
M01039,Green Ride 1039,Transportation,Micro,2024-04-25,Active,T+1,Cairo,New Cairo
M01040,Delta Store 1040,E-Commerce,Small,2024-07-14,Active,T+2,Cairo,New Cairo
M01041,Royal Foods 1041,Grocery,Medium,2022-01-31,Active,T+1,Luxor,Luxor
M01042,Elite Cafe 1042,Restaurants,Medium,2024-11-13,Active,T+0,Qalyubia,Khanka
M01043,Urban Store 1043,E-Commerce,Medium,2024-01-08,Active,T+1,Kafr El Sheikh,Kafr El Sheikh
M01044,Quick Mobile 1044,Telecom,Small,2023-07-13,Active,T+1,Luxor,Luxor
M01045,Royal Learning 1045,Education,Enterprise,2024-06-15,Active,T+2,Dakahlia,Aga
M01046,Delta Market 1046,Grocery,Small,2021-04-13,Active,T+0,Cairo,Maadi
M01047,Quick Learning 1047,Education,Micro,2021-04-30,Active,T+1,Cairo,Shubra - Central
M01048,Delta Academy 1048,Education,Medium,2023-12-21,Active,T+1,Damietta,Faraskour - Central
M01049,Sun Mart 1049,Grocery,Micro,2024-10-10,Active,T+1,Ismailia,Qantara
M01050,Nova Fun 1050,Entertainment,Small,2023-09-15,Active,T+0,Giza,Dokki - Central
M01051,Elite Fuel 1051,Fuel,Micro,2024-08-28,Active,T+1,Dakahlia,Mansoura - Central
M01052,Elite Pharmacy 1052,Pharmacy,Small,2021-11-14,Active,T+1,Qalyubia,Shubra El Kheima
M01053,Delta Market 1053,Grocery,Micro,2023-08-15,Active,Unknown,Gharbia,Tanta
M01054,Urban Station 1054,Fuel,Small,2025-09-20,Active,T+1,Giza,Mohandessin
M01055,Cairo Pharmacy 1055,Pharmacy,Micro,2021-02-16,Active,T+0,Giza,6th of October - Central
M01056,Delta Health 1056,Healthcare,Micro,2023-09-20,Active,T+1,Cairo,Ain Shams - Central
M01057,Golden Clinic 1057,Healthcare,Small,2024-05-20,Active,T+1,Giza,Haram - Central
M01058,Royal Academy 1058,Education,Small,2024-03-20,Active,T+2,Luxor,Armant
M01059,Royal Learning 1059,Education,Micro,2022-06-12,Active,T+1,Giza,Sheikh Zayed
M01060,Lotus Ride 1060,Transportation,Medium,2022-05-03,Active,T+0,Cairo,Mokattam - Central
M01061,Elite Ride 1061,Transportation,Small,2023-05-29,Active,T+1,Aswan,Kom Ombo
M01062,Lotus Fuel 1062,Fuel,Micro,2022-08-25,Active,T+1,Giza,Imbaba - Central
M01063,Elite Mart 1063,Grocery,Small,2022-07-30,Active,T+1,Cairo,Mokattam - Central
M01064,Urban Foods 1064,Grocery,Enterprise,2023-04-15,Active,T+2,Cairo,Ain Shams
M01065,Golden Online 1065,E-Commerce,Micro,2021-09-24,Active,T+2,Cairo,New Cairo
M01066,Elite Style 1066,Fashion,Small,2024-10-31,Active,T+0,Cairo,Maadi - Central
M01067,Quick Transit 1067,Transportation,Micro,2023-09-01,Active,T+1,Assiut,Assiut - Central
M01068,Lotus Pharmacy 1068,Pharmacy,Medium,2021-07-16,Active,T+1,Beheira,Damanhur
M01069,Prime Fuel 1069,Fuel,Micro,2025-08-03,Active,T+1,Qalyubia,Banha - Central
M01070,Nova Station 1070,Fuel,Micro,2021-12-14,Active,T+1,Gharbia,El Mahalla El Kubra - Central
M01071,Nova Academy 1071,Education,Micro,2021-03-19,Active,T+1,Qena,Qena
M01072,Urban Mart 1072,Grocery,Small,2023-12-16,Active,T+2,Cairo,Downtown
M01073,Urban Academy 1073,Education,Enterprise,2023-07-14,Active,T+2,Giza,Haram - Central
M01074,Quick Tech 1074,Electronics,Medium,2024-11-22,Active,T+1,Giza,Faisal
M01075,Sun Learning 1075,Education,Micro,2024-03-07,Active,T+1,Port Said,Port Said - Central
M01076,Blue Bites 1076,Restaurants,Small,2023-08-24,Active,T+0,Alexandria,Borg El Arab
M01077,Delta Pharmacy 1077,Pharmacy,Micro,2022-12-26,Active,T+1,Assiut,Dairut - Central
M01078,Nile Pharmacy 1078,Pharmacy,Micro,2022-09-01,Active,T+2,Beheira,Damanhur
M01079,Golden Ride 1079,Transportation,Small,2022-12-29,Active,T+1,Cairo,Shubra
M01080,Nile Pharmacy 1080,Pharmacy,Micro,2024-11-18,Active,T+0,Alexandria,Miami
M01081,Metro Market 1081,Grocery,Small,2025-06-06,Active,T+0,Suez,Ain Sokhna
M01082,Cairo Ride 1082,Transportation,Medium,2024-06-20,Offboarded,T+1,Sharqia,Abu Hammad - Central
M01083,Lotus Health 1083,Healthcare,Micro,2023-02-23,Active,T+2,Sohag,Tahta
M01084,Lotus Wear 1084,Fashion,Small,2022-11-22,Active,T+1,Giza,Haram
M01085,Sun Care 1085,Pharmacy,Micro,2023-07-10,Active,T+1,Giza,Mohandessin
M01086,Elite Store 1086,E-Commerce,Micro,2024-04-10,Active,T+2,Alexandria,Borg El Arab
M01087,Quick Online 1087,E-Commerce,Micro,2023-06-14,Active,T+0,Ismailia,Ismailia - Central
M01088,Royal Electronics 1088,Electronics,Small,2022-06-07,Temporarily Suspended,T+0,Beheira,Kafr El Dawwar - Central
M01089,Metro Health 1089,Healthcare,Micro,2021-07-18,Active,T+2,Cairo,Downtown
M01090,Elite Market 1090,Grocery,Micro,2023-03-07,Active,T+1,Giza,Imbaba
M01091,Cairo Mart 1091,Grocery,Medium,2022-12-19,Active,T+1,Kafr El Sheikh,Sidi Salem
M01092,Family Mart 1092,Grocery,Small,2023-03-10,Active,T+2,Giza,Dokki
M01093,Urban Market 1093,Grocery,Medium,2021-04-05,Active,T+1,Beheira,Damanhur - Central
M01094,Pyramid Transit 1094,Transportation,Medium,2023-08-16,Active,T+1,Luxor,Armant
M01095,Nile Learning 1095,Education,Micro,2026-05-14,Offboarded,T+0,Cairo,Downtown - Central
M01096,Green Station 1096,Fuel,Small,2021-08-19,Active,T+1,Kafr El Sheikh,Desouk - Central
M01097,Lotus Store 1097,E-Commerce,Small,2022-09-11,Active,T+1,Ismailia,Qantara - Central
M01098,Delta Kitchen 1098,Restaurants,Micro,2023-08-19,Active,T+0,Giza,Imbaba
M01099,Delta Online 1099,E-Commerce,Micro,2023-09-12,Active,T+0,Giza,Imbaba
M01100,Urban Connect 1100,Telecom,Micro,2022-04-27,Active,T+1,Cairo,New Cairo - Central
M01101,Green Electronics 1101,Electronics,Medium,2025-04-29,Active,T+2,Cairo,Nasr City - Central
M01102,Nova Foods 1102,Grocery,Medium,2024-08-23,Active,T+2,Beni Suef,Beni Suef - Central
M01103,Golden Academy 1103,Education,Small,2024-11-21,Active,T+1,Cairo,Shubra - Central
M01104,Elite Foods 1104,Grocery,Micro,2021-02-16,Active,T+0,Ismailia,Ismailia - Central
M01105,Metro Ride 1105,Transportation,Micro,2023-02-03,Active,T+2,Cairo,Nasr City
M01106,Blue Style 1106,Fashion,Small,2021-02-16,Active,T+1,Suez,Suez
M01107,Nile Kitchen 1107,Restaurants,Micro,2022-04-16,Active,T+1,Port Said,Port Said - Central
M01108,Nile Mobile 1108,Telecom,Micro,2023-03-07,Active,T+1,Cairo,Nasr City - Central
M01109,Delta Ride 1109,Transportation,Micro,2021-09-22,Active,T+1,Gharbia,Zefta - Central
M01110,Green Foods 1110,Grocery,Medium,2023-11-02,Active,T+1,Cairo,Heliopolis
M01111,Blue Market 1111,Grocery,Micro,2021-07-30,Active,T+0,Cairo,Shubra
M01112,Lotus Store 1112,E-Commerce,Micro,2022-01-06,Active,T+1,Qalyubia,Banha - Central
M01113,Delta Pharmacy 1113,Pharmacy,Enterprise,2022-07-13,Active,T+1,Cairo,Heliopolis - Central
M01114,Cairo Mart 1114,Grocery,Micro,2021-04-26,Active,T+0,Cairo,Ain Shams - Central
M01115,Prime Learning 1115,Education,Small,2026-03-24,Active,T+2,Minya,Mallawi
M01116,Prime Cinema 1116,Entertainment,Medium,2026-03-20,Active,T+2,Cairo,Maadi
M01117,Golden Electronics 1117,Electronics,Micro,2023-08-13,Active,T+0,Gharbia,Kafr El Zayat - Central
M01118,Elite Online 1118,E-Commerce,Enterprise,2024-09-27,Active,T+1,Giza,6th of October - Central
M01119,Nile Care 1119,Pharmacy,Medium,2024-06-07,Active,T+1,Cairo,Nasr City - Central
M01120,Prime Kitchen 1120,Restaurants,Small,2024-07-24,Active,Unknown,Cairo,New Cairo
M01121,Prime Clinic 1121,Healthcare,Micro,2021-08-13,Active,T+1,Giza,Sheikh Zayed - Central
M01122,Elite Cafe 1122,Restaurants,Small,2021-09-23,Active,T+1,Cairo,New Cairo - Central
M01123,Metro Foods 1123,Grocery,Micro,2024-09-20,Active,T+1,Dakahlia,Belqas
M01124,Nile Store 1124,E-Commerce,Micro,2022-03-22,Active,T+1,Alexandria,Agami - Central
M01125,Metro Pharmacy 1125,Pharmacy,Small,2021-07-16,Active,T+0,Gharbia,Zefta - Central
M01126,Royal Store 1126,E-Commerce,Small,2023-05-18,Active,T+1,Cairo,Downtown - Central
M01127,Golden Foods 1127,Grocery,Micro,2024-09-07,Active,T+1,Giza,Imbaba
M01128,Prime Store 1128,E-Commerce,Small,2022-12-13,Active,T+2,Port Said,Port Said - Central
M01129,Nile Electronics 1129,Electronics,Small,2022-01-25,Active,T+2,Gharbia,Tanta
M01130,Elite Transit 1130,Transportation,Micro,2023-08-20,Active,T+1,Monufia,Sadat City - Central
M01131,Urban Market 1131,Grocery,Micro,2026-02-07,Active,T+1,Gharbia,El Mahalla El Kubra
M01132,Delta Ride 1132,Transportation,Medium,2021-01-05,Active,T+1,Gharbia,El Mahalla El Kubra
M01133,Urban Mobile 1133,Telecom,Small,2025-06-23,Active,T+1,Cairo,Ain Shams - Central
M01134,Sun Style 1134,Fashion,Micro,2024-06-19,Active,T+1,Sharqia,10th of Ramadan - Central
M01135,Metro Foods 1135,Grocery,Medium,2022-11-24,Active,T+1,Sharqia,Abu Hammad
M01136,Prime Kitchen 1136,Restaurants,Micro,2023-04-13,Active,T+1,Minya,Beni Mazar - Central
M01137,Golden Tech 1137,Electronics,Medium,2022-07-28,Active,T+1,Cairo,Shubra
M01138,Delta Style 1138,Fashion,Small,2022-08-24,Active,T+2,Giza,Haram - Central
M01139,Lotus Care 1139,Pharmacy,Small,2024-03-28,Active,T+2,Dakahlia,Belqas - Central
M01140,Delta Transit 1140,Transportation,Micro,2021-01-13,Active,T+0,Alexandria,Miami - Central
M01141,Blue Foods 1141,Grocery,Micro,2023-09-22,Active,T+1,New Valley,Dakhla
M01142,Lotus Kitchen 1142,Restaurants,Micro,2023-04-24,Active,T+0,Alexandria,Sidi Gaber
M01143,Nile Store 1143,E-Commerce,Medium,2023-08-22,Active,T+1,Qalyubia,Obour - Central
M01144,Royal Store 1144,E-Commerce,Small,2024-09-17,Active,T+1,Giza,Dokki
M01145,Family Mart 1145,Grocery,Micro,2021-08-26,Active,T+1,Giza,Imbaba
M01146,Golden Mart 1146,Grocery,Micro,2023-04-15,Active,T+2,Alexandria,Agami
M01147,Green Ride 1147,Transportation,Small,2022-04-12,Temporarily Suspended,T+2,Alexandria,Stanley - Central
M01148,Quick Style 1148,Fashion,Medium,2021-03-15,Active,T+1,Cairo,New Cairo - Central
M01149,Blue Station 1149,Fuel,Micro,2022-12-30,Active,T+0,Damietta,Faraskour
M01150,Lotus Connect 1150,Telecom,Medium,2022-07-06,Active,T+1,Cairo,Heliopolis
M01151,Blue Online 1151,E-Commerce,Micro,2023-05-03,Active,T+1,Giza,Haram
M01152,Elite Cafe 1152,Restaurants,Small,2022-07-28,Active,T+1,Cairo,Ain Shams
M01153,Golden Mart 1153,Grocery,Micro,2025-08-26,Active,T+0,Giza,Imbaba - Central
M01154,Pyramid Health 1154,Healthcare,Enterprise,2024-09-29,Active,T+1,Dakahlia,Mansoura
M01155,Cairo Foods 1155,Grocery,Small,2024-03-20,Active,T+2,Cairo,Downtown - Central
M01156,Urban Bites 1156,Restaurants,Micro,2024-10-17,Active,T+2,Alexandria,Borg El Arab - Central
M01157,Delta Fuel 1157,Fuel,Small,2022-01-13,Active,T+0,Giza,Haram - Central
M01158,Blue Ride 1158,Transportation,Micro,2023-10-04,Temporarily Suspended,T+0,Aswan,Edfu
M01159,Elite Cafe 1159,Restaurants,Micro,2023-09-02,Active,T+1,Sohag,Sohag
M01160,Nova Pharmacy 1160,Pharmacy,Small,2022-03-16,Active,T+2,Qalyubia,Banha - Central
M01161,Nile Kitchen 1161,Restaurants,Micro,2023-01-26,Active,T+2,Aswan,Aswan
M01162,Golden Kitchen 1162,Restaurants,Micro,2023-06-25,Active,T+2,Luxor,Luxor
M01163,Pyramid Foods 1163,Grocery,Small,2023-11-24,Active,T+0,Giza,Haram
M01164,Smart Cafe 1164,Restaurants,Small,2025-12-09,Active,T+2,Alexandria,Sidi Gaber
M01165,Metro Care 1165,Pharmacy,Small,2021-08-14,Active,T+1,Cairo,Maadi
M01166,Lotus Bites 1166,Restaurants,Medium,2022-09-13,Active,T+2,Cairo,Maadi
M01167,Prime Cinema 1167,Entertainment,Enterprise,2025-05-15,Active,T+0,Sohag,Sohag
M01168,Pyramid Store 1168,E-Commerce,Small,2024-12-28,Active,T+1,Alexandria,Sidi Gaber
M01169,Nova Market 1169,Grocery,Medium,2022-02-05,Active,T+1,Dakahlia,Mit Ghamr
M01170,Family Clinic 1170,Healthcare,Micro,2024-07-09,Active,T+1,Alexandria,Agami - Central
M01171,Quick Fuel 1171,Fuel,Micro,2023-06-17,Active,T+1,Giza,Sheikh Zayed
M01172,Elite Foods 1172,Grocery,Micro,2022-05-13,Active,T+0,Sharqia,Minya Al Qamh - Central
M01173,Pyramid Clinic 1173,Healthcare,Medium,2022-04-05,Active,T+2,Giza,Faisal
M01174,Urban Style 1174,Fashion,Medium,2024-11-06,Active,T+1,Beheira,Kafr El Dawwar
M01175,Sun Market 1175,Grocery,Micro,2022-03-17,Active,T+1,Sohag,Akhmim
M01176,Delta Clinic 1176,Healthcare,Micro,2021-07-13,Active,T+2,Assiut,Manfalut
M01177,Prime Cafe 1177,Restaurants,Micro,2024-06-04,Active,T+1,Gharbia,Zefta
M01178,Cairo Transit 1178,Transportation,Small,2023-08-25,Active,T+1,Cairo,Heliopolis
M01179,Golden Style 1179,Fashion,Small,2023-09-25,Active,T+1,Sohag,Akhmim
M01180,Prime Bites 1180,Restaurants,Micro,2024-11-22,Active,T+1,Sharqia,Abu Hammad
M01181,Elite Clinic 1181,Healthcare,Micro,2022-08-31,Active,T+1,Cairo,Shubra
M01182,Cairo Mart 1182,Grocery,Micro,2025-04-12,Active,T+1,Cairo,Shubra
M01183,Pyramid Transit 1183,Transportation,Small,2023-09-17,Active,T+1,Beheira,Kafr El Dawwar
M01184,Nile Wear 1184,Fashion,Medium,2023-05-03,Active,T+1,Dakahlia,Aga - Central
M01185,Lotus Bites 1185,Restaurants,Micro,2023-07-25,Active,T+2,Sharqia,Abu Hammad
M01186,Pyramid Kitchen 1186,Restaurants,Medium,2024-07-10,Active,T+1,Alexandria,Sidi Gaber - Central
M01187,Metro Tech 1187,Electronics,Micro,2022-07-19,Active,T+1,Ismailia,Fayed
M01188,Lotus Store 1188,E-Commerce,Micro,2021-10-18,Active,T+2,Alexandria,Smouha - Central
M01189,Sun Online 1189,E-Commerce,Medium,2024-08-15,Active,T+1,Cairo,Heliopolis - Central
M01190,Metro Online 1190,E-Commerce,Micro,2021-06-20,Active,T+1,Port Said,Port Fouad - Central
M01191,Smart Kitchen 1191,Restaurants,Micro,2023-10-31,Active,T+1,Minya,Mallawi - Central
M01192,Pyramid Academy 1192,Education,Micro,2021-01-25,Active,T+2,Monufia,Ashmoun
M01193,Green Care 1193,Pharmacy,Micro,2023-08-24,Active,T+1,Alexandria,Agami
M01194,Family Style 1194,Fashion,Enterprise,2023-03-13,Active,T+1,Fayoum,Sinnuris - Central
M01195,Delta Pharmacy 1195,Pharmacy,Micro,2024-11-26,Active,T+1,Qalyubia,Shubra El Kheima
M01196,Nova Style 1196,Fashion,Micro,2024-12-21,Active,T+1,Port Said,Port Said
M01197,Royal Mart 1197,Grocery,Medium,2022-01-22,Active,T+1,Gharbia,Kafr El Zayat - Central
M01198,Quick Style 1198,Fashion,Micro,2023-09-26,Active,T+2,Giza,6th of October
M01199,Nile Wear 1199,Fashion,Medium,2025-08-04,Active,T+1,Assiut,Dairut - Central
M01200,Metro Kitchen 1200,Restaurants,Micro,2026-04-12,Active,T+0,Dakahlia,Mit Ghamr - Central
M01201,Lotus Wear 1201,Fashion,Micro,2022-08-24,Active,T+1,Monufia,Shebin El Kom - Central
M01202,Cairo Academy 1202,Education,Small,2021-07-02,Active,T+1,Qena,Qena
M01203,Lotus Ride 1203,Transportation,Micro,2021-07-04,Active,T+0,Alexandria,Smouha
M01204,Metro Market 1204,Grocery,Micro,2024-07-30,Active,T+1,Port Said,Port Said - Central
M01205,Quick Transit 1205,Transportation,Small,2022-10-17,Active,T+2,Gharbia,Tanta
M01206,Pyramid Market 1206,Grocery,Micro,2023-12-14,Active,T+2,Alexandria,Stanley - Central
M01207,Family Health 1207,Healthcare,Small,2023-10-02,Active,T+1,Gharbia,El Mahalla El Kubra - Central
M01208,Golden Online 1208,E-Commerce,Enterprise,2023-04-09,Active,T+1,Dakahlia,Belqas
M01209,Cairo Pharmacy 1209,Pharmacy,Micro,2021-05-14,Active,T+1,Sharqia,Minya Al Qamh
M01210,Nile Cafe 1210,Restaurants,Micro,2021-10-12,Active,T+2,Alexandria,Sidi Gaber
M01211,Family Mobile 1211,Telecom,Small,2022-10-01,Active,T+1,Beheira,Rashid
M01212,Golden Ride 1212,Transportation,Enterprise,2025-06-04,Active,T+1,Giza,Mohandessin - Central
M01213,Pyramid Kitchen 1213,Restaurants,Micro,2024-04-22,Active,T+1,Sohag,Akhmim
M01214,Nova Cinema 1214,Entertainment,Small,2022-09-14,Active,T+1,Kafr El Sheikh,Kafr El Sheikh
M01215,Metro Mart 1215,Grocery,Medium,2022-02-03,Active,T+1,Aswan,Aswan
M01216,Nile Station 1216,Fuel,Micro,2024-09-16,Active,T+0,Assiut,Assiut - Central
M01217,Royal Care 1217,Pharmacy,Small,2024-03-23,Active,T+1,Giza,Mohandessin - Central
M01218,Urban Care 1218,Pharmacy,Small,2023-10-24,Active,T+2,Beheira,Damanhur
M01219,Cairo Electronics 1219,Electronics,Micro,2023-10-13,Active,T+1,Aswan,Aswan
M01220,Pyramid Clinic 1220,Healthcare,Medium,2021-12-22,Active,T+1,Sharqia,Belbeis
M01221,Green Online 1221,E-Commerce,Enterprise,2023-04-24,Active,T+0,Cairo,Downtown - Central
M01222,Prime Store 1222,E-Commerce,Micro,2021-01-11,Active,T+1,Kafr El Sheikh,Sidi Salem - Central
M01223,Cairo Care 1223,Pharmacy,Small,2024-07-27,Active,T+0,Alexandria,Agami - Central
M01224,Family Ride 1224,Transportation,Micro,2024-01-21,Active,T+2,Alexandria,Sidi Gaber
M01225,Urban Ride 1225,Transportation,Small,2021-08-22,Active,T+1,Minya,Mallawi - Central
M01226,Quick Care 1226,Pharmacy,Micro,2024-08-03,Active,T+1,Cairo,Shubra - Central
M01227,Green Electronics 1227,Electronics,Medium,2022-01-12,Active,T+2,Minya,Beni Mazar - Central
M01228,Delta Care 1228,Pharmacy,Micro,2022-09-13,Active,T+1,Qalyubia,Khanka - Central
M01229,Blue Mart 1229,Grocery,Micro,2026-05-30,Active,T+0,Alexandria,Miami - Central
M01230,Metro Care 1230,Pharmacy,Micro,2024-03-06,Active,T+1,Dakahlia,Mansoura - Central
M01231,Delta Ride 1231,Transportation,Micro,2022-10-25,Active,T+1,Giza,Faisal - Central
M01232,Delta Cinema 1232,Entertainment,Micro,2021-12-27,Active,T+0,Minya,Minya
M01233,Golden Learning 1233,Education,Medium,2024-11-27,Active,T+2,Sharqia,10th of Ramadan
M01234,Family Learning 1234,Education,Small,2021-09-02,Active,T+2,Port Said,Port Said
M01235,Nova Foods 1235,Grocery,Small,2022-04-02,Active,T+2,Minya,Samalut
M01236,Blue Mobile 1236,Telecom,Micro,2024-10-17,Active,T+1,Giza,Dokki - Central
M01237,Urban Ride 1237,Transportation,Micro,2023-03-02,Active,T+1,Giza,Imbaba - Central
M01238,Delta Foods 1238,Grocery,Small,2024-08-18,Active,T+0,Monufia,Shebin El Kom - Central
M01239,Urban Health 1239,Healthcare,Medium,2024-12-04,Active,T+2,Giza,Dokki - Central
M01240,Family Cafe 1240,Restaurants,Micro,2025-03-12,Active,T+1,Alexandria,Sidi Gaber
M01241,Smart Bites 1241,Restaurants,Micro,2022-10-07,Active,T+0,Cairo,Heliopolis
M01242,Nova Online 1242,E-Commerce,Small,2022-04-07,Active,T+2,Cairo,Ain Shams - Central
M01243,Pyramid Bites 1243,Restaurants,Small,2024-02-07,Active,T+0,Kafr El Sheikh,Kafr El Sheikh - Central
M01244,Urban Cafe 1244,Restaurants,Small,2024-08-04,Temporarily Suspended,T+1,Kafr El Sheikh,Sidi Salem - Central
M01245,Urban Clinic 1245,Healthcare,Micro,2024-03-04,Active,T+2,Giza,Dokki - Central
M01246,Sun Health 1246,Healthcare,Micro,2022-12-19,Active,T+1,Cairo,Mokattam
M01247,Nile Kitchen 1247,Restaurants,Small,2024-08-12,Active,T+1,Cairo,Maadi
M01248,Golden Style 1248,Fashion,Small,2022-09-25,Active,T+1,Giza,Sheikh Zayed
M01249,Delta Cafe 1249,Restaurants,Small,2024-10-10,Active,T+1,Suez,Ain Sokhna - Central
M01250,Green Ride 1250,Transportation,Medium,2023-08-02,Active,T+2,Gharbia,Tanta
M01251,Prime Market 1251,Grocery,Small,2024-05-04,Active,T+2,Gharbia,Tanta - Central
M01252,Lotus Academy 1252,Education,Medium,2024-05-21,Active,T+1,Sharqia,10th of Ramadan - Central
M01253,Lotus Market 1253,Grocery,Small,2024-10-17,Active,T+1,Alexandria,Agami
M01254,Green Online 1254,E-Commerce,Micro,2023-08-14,Active,T+1,Giza,Haram - Central
M01255,Nova Wear 1255,Fashion,Small,2021-03-06,Active,T+1,Beheira,Nubaria
M01256,Urban Tech 1256,Electronics,Small,2023-08-22,Active,T+0,Giza,Imbaba - Central
M01257,Blue Market 1257,Grocery,Medium,2024-09-18,Active,T+2,Giza,Haram - Central
M01258,Lotus Store 1258,E-Commerce,Small,2022-10-25,Active,T+1,Port Said,Port Fouad - Central
M01259,Urban Mart 1259,Grocery,Micro,2025-05-16,Active,T+0,Giza,Mohandessin - Central
M01260,Smart Cafe 1260,Restaurants,Small,2023-09-30,Active,T+1,Alexandria,Borg El Arab - Central
M01261,Smart Store 1261,E-Commerce,Small,2024-11-25,Active,T+0,Gharbia,Kafr El Zayat
M01262,Prime Health 1262,Healthcare,Small,2024-01-26,Active,T+2,Alexandria,Borg El Arab - Central
M01263,Urban Bites 1263,Restaurants,Small,2021-02-16,Active,T+1,Cairo,Ain Shams
M01264,Green Tech 1264,Electronics,Micro,2021-12-18,Active,T+1,Cairo,Shubra - Central
M01265,Quick Foods 1265,Grocery,Small,2021-01-02,Active,T+1,Cairo,Mokattam - Central
M01266,Blue Mart 1266,Grocery,Medium,2023-07-14,Active,T+1,Giza,Imbaba - Central
M01267,Sun Style 1267,Fashion,Micro,2023-02-24,Active,T+0,Qena,Nag Hammadi
M01268,Metro Market 1268,Grocery,Enterprise,2024-03-27,Active,T+1,Giza,6th of October - Central
M01269,Cairo Market 1269,Grocery,Small,2022-08-31,Active,T+1,Giza,Mohandessin - Central
M01270,Cairo Style 1270,Fashion,Small,2022-04-09,Active,T+2,Giza,6th of October
M01271,Royal Style 1271,Fashion,Small,2022-08-12,Active,T+0,Aswan,Aswan
M01272,Family Market 1272,Grocery,Medium,2022-08-12,Active,T+1,Alexandria,Stanley - Central
M01273,Sun Foods 1273,Grocery,Micro,2024-12-23,Active,T+1,Cairo,Ain Shams
M01274,Pyramid Learning 1274,Education,Micro,2021-08-21,Active,T+1,Beni Suef,New Beni Suef - Central
M01275,Elite Fun 1275,Entertainment,Micro,2023-10-22,Active,T+1,Dakahlia,Talkha - Central
M01276,Pyramid Market 1276,Grocery,Micro,2022-11-05,Active,T+1,Alexandria,Miami - Central
M01277,Urban Style 1277,Fashion,Small,2021-08-17,Active,T+1,Cairo,Nasr City
M01278,Cairo Market 1278,Grocery,Micro,2023-10-12,Active,T+1,Giza,Mohandessin - Central
M01279,Blue Fuel 1279,Fuel,Medium,2022-11-24,Active,T+1,Assiut,Manfalut - Central
M01280,Green Foods 1280,Grocery,Micro,2022-12-12,Active,T+0,Red Sea,Safaga
M01281,Blue Cafe 1281,Restaurants,Medium,2021-06-15,Active,T+0,Beni Suef,New Beni Suef
M01282,Prime Academy 1282,Education,Small,2025-06-07,Active,T+2,Fayoum,Fayoum - Central
M01283,Green Ride 1283,Transportation,Micro,2023-07-02,Active,T+1,Dakahlia,Belqas - Central
M01284,Family Care 1284,Pharmacy,Small,2023-05-31,Active,T+2,Cairo,New Cairo
M01285,Blue Market 1285,Grocery,Small,2023-10-14,Active,T+0,Gharbia,El Mahalla El Kubra - Central
M01286,Quick Mart 1286,Grocery,Micro,2022-02-22,Active,T+1,Minya,Samalut - Central
M01287,Quick Cafe 1287,Restaurants,Micro,2022-04-19,Active,T+0,Alexandria,Agami
M01288,Golden Ride 1288,Transportation,Micro,2026-02-04,Active,T+1,Giza,Faisal - Central
M01289,Delta Transit 1289,Transportation,Small,2022-11-29,Active,T+1,Cairo,Mokattam - Central
M01290,Pyramid Pharmacy 1290,Pharmacy,Small,2022-11-20,Active,T+1,Port Said,Port Fouad - Central
M01291,Royal Online 1291,E-Commerce,Small,2024-10-06,Active,T+1,Suez,Ain Sokhna
M01292,Cairo Market 1292,Grocery,Small,2024-11-27,Active,T+2,Qalyubia,Banha
M01293,Quick Foods 1293,Grocery,Micro,2023-07-10,Active,T+1,Luxor,Luxor
M01294,Lotus Pharmacy 1294,Pharmacy,Micro,2024-04-29,Active,T+0,Alexandria,Borg El Arab
M01295,Green Mart 1295,Grocery,Micro,2023-04-05,Active,T+2,Cairo,Heliopolis
M01296,Blue Mart 1296,Grocery,Medium,2022-01-17,Active,T+2,Giza,Sheikh Zayed
M01297,Prime Learning 1297,Education,Micro,2022-06-12,Active,T+1,Dakahlia,Talkha
M01298,Green Kitchen 1298,Restaurants,Micro,2022-03-17,Active,T+1,Beni Suef,New Beni Suef - Central
M01299,Elite Kitchen 1299,Restaurants,Medium,2022-11-19,Active,T+1,Assiut,Dairut - Central
M01300,Quick Kitchen 1300,Restaurants,Small,2024-05-12,Active,T+1,Giza,6th of October
M01301,Delta Clinic 1301,Healthcare,Medium,2022-03-27,Active,T+1,Giza,Faisal
M01302,Pyramid Pharmacy 1302,Pharmacy,Micro,2022-10-08,Active,T+1,South Sinai,Dahab
M01303,Delta Clinic 1303,Healthcare,Micro,2022-08-16,Active,T+1,Cairo,Heliopolis - Central
M01304,Nova Connect 1304,Telecom,Micro,2025-07-02,Active,T+1,Red Sea,Safaga
M01305,Quick Online 1305,E-Commerce,Micro,2023-06-16,Active,T+1,Cairo,Nasr City
M01306,Nile Academy 1306,Education,Enterprise,2025-01-13,Active,T+2,Minya,Minya
M01307,Delta Care 1307,Pharmacy,Micro,2024-04-13,Active,T+1,Qalyubia,Qalyub
M01308,Nova Market 1308,Grocery,Small,2024-02-25,Offboarded,T+1,North Sinai,Arish
M01309,Sun Tech 1309,Electronics,Medium,2021-02-04,Active,T+1,Cairo,Ain Shams - Central
M01310,Royal Wear 1310,Fashion,Enterprise,2023-06-09,Active,T+1,Cairo,Mokattam - Central
M01311,Lotus Ride 1311,Transportation,Micro,2022-12-17,Active,T+1,Cairo,Ain Shams
M01312,Delta Wear 1312,Fashion,Micro,2022-08-28,Active,T+1,Cairo,New Cairo - Central
M01313,Elite Fuel 1313,Fuel,Micro,2023-04-12,Active,T+1,Cairo,Downtown - Central
M01314,Metro Learning 1314,Education,Micro,2021-08-08,Active,T+1,Cairo,Shubra - Central
M01315,Cairo Foods 1315,Grocery,Medium,2021-06-05,Active,T+1,Kafr El Sheikh,Desouk
M01316,Metro Fun 1316,Entertainment,Small,2022-01-16,Active,T+1,Cairo,Maadi
M01317,Quick Foods 1317,Grocery,Medium,2024-04-09,Active,T+1,Luxor,Esna
M01318,Nile Foods 1318,Grocery,Micro,2024-05-20,Active,T+1,Aswan,Aswan
M01319,Quick Care 1319,Pharmacy,Medium,2024-09-09,Active,T+1,Qena,Qus
M01320,Green Electronics 1320,Electronics,Enterprise,2022-10-15,Active,T+1,Assiut,New Assiut - Central
M01321,Golden Mart 1321,Grocery,Small,2021-09-19,Active,T+1,Cairo,Ain Shams
M01322,Sun Fuel 1322,Fuel,Small,2024-01-12,Active,T+2,Qalyubia,Khanka
M01323,Smart Market 1323,Grocery,Micro,2024-06-14,Active,T+1,Cairo,New Cairo
M01324,Blue Learning 1324,Education,Micro,2022-10-26,Active,T+1,Dakahlia,Belqas
M01325,Nova Mart 1325,Grocery,Small,2021-06-01,Active,T+0,Sharqia,Zagazig
M01326,Pyramid Pharmacy 1326,Pharmacy,Small,2023-06-07,Temporarily Suspended,T+1,Alexandria,Agami
M01327,Family Market 1327,Grocery,Small,2022-01-01,Active,T+1,Cairo,Nasr City - Central
M01328,Blue Bites 1328,Restaurants,Micro,2023-03-27,Active,T+1,Sharqia,Abu Hammad - Central
M01329,Smart Mobile 1329,Telecom,Medium,2021-03-14,Active,T+1,Suez,Suez - Central
M01330,Cairo Ride 1330,Transportation,Enterprise,2023-03-30,Active,T+1,North Sinai,Bir El Abd
M01331,Prime Care 1331,Pharmacy,Medium,2023-10-26,Active,T+1,Cairo,Downtown
M01332,Prime Ride 1332,Transportation,Small,2023-05-12,Active,T+1,Giza,Dokki
M01333,Elite Transit 1333,Transportation,Small,2024-02-14,Active,T+2,Ismailia,Qantara
M01334,Smart Transit 1334,Transportation,Micro,2025-07-03,Active,T+2,Cairo,Mokattam - Central
M01335,Delta Wear 1335,Fashion,Micro,2024-10-25,Active,T+1,Aswan,Edfu
M01336,Lotus Style 1336,Fashion,Micro,2022-04-11,Active,T+1,Kafr El Sheikh,Desouk
M01337,Elite Ride 1337,Transportation,Micro,2023-01-15,Active,T+2,Cairo,Maadi - Central
M01338,Family Online 1338,E-Commerce,Micro,2021-11-19,Active,T+1,Cairo,Maadi - Central
M01339,Royal Kitchen 1339,Restaurants,Small,2024-07-03,Active,T+0,Cairo,Heliopolis
M01340,Golden Mobile 1340,Telecom,Small,2022-11-12,Active,T+0,Giza,Dokki - Central
M01341,Royal Transit 1341,Transportation,Medium,2021-10-24,Active,T+0,Giza,Sheikh Zayed - Central
M01342,Metro Transit 1342,Transportation,Small,2021-05-07,Active,T+1,Giza,Imbaba
M01343,Prime Pharmacy 1343,Pharmacy,Micro,2021-07-14,Active,T+1,Qena,Nag Hammadi
M01344,Family Style 1344,Fashion,Small,2024-01-07,Active,T+1,Cairo,Heliopolis - Central
M01345,Pyramid Clinic 1345,Healthcare,Micro,2022-07-19,Temporarily Suspended,T+1,Assiut,Dairut - Central
M01346,Sun Style 1346,Fashion,Micro,2025-09-06,Active,T+0,Giza,Haram
M01347,Green Clinic 1347,Healthcare,Medium,2021-07-08,Active,T+0,Sharqia,10th of Ramadan - Central
M01348,Elite Fuel 1348,Fuel,Small,2024-06-10,Active,T+1,Giza,Faisal - Central
M01349,Prime Bites 1349,Restaurants,Micro,2022-01-08,Temporarily Suspended,T+1,Sharqia,Zagazig - Central
M01350,Nile Bites 1350,Restaurants,Enterprise,2023-12-18,Active,T+1,Sohag,Akhmim
M01351,Sun Station 1351,Fuel,Medium,2023-04-23,Active,T+1,Monufia,Ashmoun - Central
M01352,Quick Care 1352,Pharmacy,Enterprise,2022-07-25,Offboarded,T+0,Cairo,Maadi - Central
M01353,Family Pharmacy 1353,Pharmacy,Micro,2024-04-19,Active,T+1,Cairo,Shubra - Central
M01354,Royal Foods 1354,Grocery,Small,2022-09-24,Active,T+1,Port Said,Port Said
M01355,Nova Style 1355,Fashion,Enterprise,2025-01-13,Active,T+0,Giza,Mohandessin - Central
M01356,Urban Foods 1356,Grocery,Micro,2023-09-02,Active,T+1,Cairo,Heliopolis
M01357,Delta Mobile 1357,Telecom,Small,2021-09-19,Active,T+1,Giza,Faisal
M01358,Elite Learning 1358,Education,Micro,2024-12-19,Active,T+2,Dakahlia,Talkha - Central
M01359,Quick Cafe 1359,Restaurants,Micro,2024-03-25,Active,T+1,Gharbia,Zefta - Central
M01360,Elite Foods 1360,Grocery,Micro,2022-03-11,Active,T+1,Qalyubia,Qalyub - Central
M01361,Delta Bites 1361,Restaurants,Micro,2023-01-15,Active,T+2,North Sinai,Bir El Abd
M01362,Metro Cafe 1362,Restaurants,Micro,2021-09-17,Active,T+1,Cairo,Shubra
M01363,Prime Electronics 1363,Electronics,Micro,2025-05-17,Active,T+1,Giza,Faisal
M01364,Nova Pharmacy 1364,Pharmacy,Small,2025-05-17,Active,T+0,Fayoum,Sinnuris - Central
M01365,Family Mobile 1365,Telecom,Micro,2022-07-24,Active,T+1,Giza,Mohandessin - Central
M01366,Family Cafe 1366,Restaurants,Micro,2023-12-11,Active,T+0,Giza,6th of October
M01367,Sun Tech 1367,Electronics,Micro,2022-01-31,Active,T+1,Alexandria,Stanley
M01368,Sun Wear 1368,Fashion,Small,2022-07-08,Active,T+1,Giza,6th of October - Central
M01369,Cairo Kitchen 1369,Restaurants,Micro,2023-07-03,Active,T+1,Giza,Faisal - Central
M01370,Lotus Transit 1370,Transportation,Micro,2023-04-12,Active,T+1,Damietta,Faraskour - Central
M01371,Green Learning 1371,Education,Micro,2023-10-12,Active,T+1,Beheira,Nubaria - Central
M01372,Golden Foods 1372,Grocery,Medium,2023-03-28,Active,T+1,Giza,Mohandessin
M01373,Pyramid Kitchen 1373,Restaurants,Small,2022-01-07,Active,T+0,Giza,Faisal - Central
M01374,Blue Online 1374,E-Commerce,Micro,2021-11-26,Active,T+1,Assiut,New Assiut - Central
M01375,Family Foods 1375,Grocery,Medium,2021-09-16,Active,T+0,Giza,Haram
M01376,Delta Tech 1376,Electronics,Medium,2024-07-02,Temporarily Suspended,T+1,Gharbia,Tanta - Central
M01377,Royal Market 1377,Grocery,Small,2022-04-01,Active,T+2,Qalyubia,Obour - Central
M01378,Pyramid Pharmacy 1378,Pharmacy,Micro,2024-07-12,Active,T+1,Giza,Mohandessin
M01379,Green Online 1379,E-Commerce,Small,2024-10-17,Active,T+1,Kafr El Sheikh,Kafr El Sheikh - Central
M01380,Delta Cafe 1380,Restaurants,Enterprise,2022-12-07,Active,T+1,Cairo,Ain Shams
M01381,Blue Connect 1381,Telecom,Small,2022-12-30,Active,T+1,Cairo,Mokattam - Central
M01382,Nova Kitchen 1382,Restaurants,Enterprise,2022-03-10,Temporarily Suspended,T+1,Giza,Faisal
M01383,Quick Academy 1383,Education,Micro,2022-11-05,Active,T+0,Giza,Dokki
M01384,Green Kitchen 1384,Restaurants,Micro,2021-12-11,Active,T+1,Red Sea,Marsa Alam
M01385,Cairo Fun 1385,Entertainment,Small,2023-12-26,Active,T+1,Cairo,Heliopolis
M01386,Pyramid Kitchen 1386,Restaurants,Micro,2022-12-20,Active,T+1,Qalyubia,Obour - Central
M01387,Family Learning 1387,Education,Medium,2023-06-03,Active,T+2,Beheira,Rashid
M01388,Nile Tech 1388,Electronics,Small,2024-09-02,Active,T+1,Beheira,Rashid
M01389,Lotus Tech 1389,Electronics,Medium,2023-03-09,Active,T+1,Cairo,Ain Shams - Central
M01390,Smart Cafe 1390,Restaurants,Small,2025-03-11,Active,T+2,Alexandria,Miami - Central
M01391,Family Style 1391,Fashion,Micro,2024-01-31,Active,T+0,Cairo,Shubra - Central
M01392,Royal Tech 1392,Electronics,Micro,2022-09-30,Active,T+1,Assiut,New Assiut - Central
M01393,Nile Mart 1393,Grocery,Small,2022-04-20,Active,T+0,Cairo,New Cairo
M01394,Pyramid Style 1394,Fashion,Micro,2021-04-14,Active,T+0,Suez,Suez - Central
M01395,Golden Kitchen 1395,Restaurants,Micro,2023-05-19,Active,T+1,Giza,Mohandessin
M01396,Nile Mart 1396,Grocery,Small,2021-11-29,Active,T+1,Kafr El Sheikh,Desouk
M01397,Prime Store 1397,E-Commerce,Micro,2021-03-12,Active,T+1,Cairo,New Cairo - Central
M01398,Elite Transit 1398,Transportation,Enterprise,2022-09-22,Active,T+1,Cairo,Mokattam
M01399,Lotus Foods 1399,Grocery,Micro,2024-08-21,Active,T+2,Assiut,Dairut - Central
M01400,Metro Pharmacy 1400,Pharmacy,Micro,2021-06-29,Active,T+1,Dakahlia,Mit Ghamr - Central
M01401,Smart Care 1401,Pharmacy,Micro,2023-06-26,Active,T+1,Beni Suef,New Beni Suef - Central
M01402,Nova Connect 1402,Telecom,Small,2021-05-25,Active,T+2,Cairo,Nasr City - Central
M01403,Quick Ride 1403,Transportation,Small,2021-01-12,Active,T+1,Kafr El Sheikh,Sidi Salem - Central
M01404,Prime Market 1404,Grocery,Micro,2025-03-20,Active,T+1,Alexandria,Smouha
M01405,Pyramid Mart 1405,Grocery,Medium,2021-06-16,Temporarily Suspended,T+2,Cairo,Nasr City
M01406,Quick Market 1406,Grocery,Small,2022-11-03,Active,T+1,Cairo,Ain Shams - Central
M01407,Smart Transit 1407,Transportation,Small,2022-06-15,Active,T+1,Cairo,New Cairo - Central
M01408,Lotus Care 1408,Pharmacy,Medium,2021-07-21,Active,T+1,Dakahlia,Mit Ghamr
M01409,Cairo Mart 1409,Grocery,Micro,2022-07-27,Active,T+0,Beheira,Damanhur - Central
M01410,Delta Wear 1410,Fashion,Micro,2024-03-02,Active,T+2,Matrouh,Siwa
M01411,Golden Kitchen 1411,Restaurants,Small,2022-10-09,Active,T+1,Damietta,Ras El Bar
M01412,Quick Transit 1412,Transportation,Micro,2026-04-05,Offboarded,T+0,Cairo,Nasr City
M01413,Metro Fun 1413,Entertainment,Micro,2024-03-24,Active,T+1,Sohag,Sohag
M01414,Nile Kitchen 1414,Restaurants,Medium,2021-04-20,Temporarily Suspended,T+1,Giza,Imbaba - Central
M01415,Delta Market 1415,Grocery,Medium,2024-08-25,Active,T+2,Qena,Qus
M01416,Golden Foods 1416,Grocery,Small,2022-10-31,Active,T+1,Monufia,Menouf
M01417,Smart Station 1417,Fuel,Small,2024-11-29,Active,T+1,Cairo,New Cairo - Central
M01418,Lotus Store 1418,E-Commerce,Medium,2021-09-04,Active,T+1,Damietta,Ras El Bar - Central
M01419,Urban Style 1419,Fashion,Medium,2021-03-01,Active,T+1,Kafr El Sheikh,Kafr El Sheikh - Central
M01420,Quick Cafe 1420,Restaurants,Micro,2022-12-06,Active,T+1,Giza,Sheikh Zayed
M01421,Royal Cafe 1421,Restaurants,Small,2021-06-30,Active,T+1,Beheira,Damanhur - Central
M01422,Royal Connect 1422,Telecom,Small,2023-01-07,Active,T+1,Qena,Qena
M01423,Elite Market 1423,Grocery,Small,2024-10-13,Active,T+1,Sharqia,Minya Al Qamh
M01424,Cairo Transit 1424,Transportation,Micro,2023-10-08,Active,T+1,Qena,Qus
M01425,Nile Care 1425,Pharmacy,Small,2022-03-17,Active,T+1,Cairo,Maadi - Central
M01426,Royal Store 1426,E-Commerce,Medium,2023-05-11,Active,T+1,Alexandria,Sidi Gaber
M01427,Green Fuel 1427,Fuel,Small,2023-06-10,Active,T+1,Giza,Sheikh Zayed
M01428,Family Transit 1428,Transportation,Small,2022-06-27,Active,T+1,Gharbia,Kafr El Zayat - Central
M01429,Pyramid Market 1429,Grocery,Medium,2024-08-25,Active,T+2,Alexandria,Borg El Arab - Central
M01430,Golden Bites 1430,Restaurants,Micro,2025-06-15,Active,T+2,Giza,Faisal
M01431,Blue Bites 1431,Restaurants,Micro,2024-11-07,Active,T+1,Cairo,Shubra
M01432,Golden Clinic 1432,Healthcare,Micro,2026-05-31,Temporarily Suspended,T+2,Kafr El Sheikh,Baltim - Central
M01433,Golden Pharmacy 1433,Pharmacy,Small,2024-03-09,Active,T+1,Beheira,Damanhur
M01434,Pyramid Connect 1434,Telecom,Micro,2021-11-25,Temporarily Suspended,T+1,Monufia,Ashmoun - Central
M01435,Green Transit 1435,Transportation,Small,2021-11-22,Active,T+1,Qalyubia,Banha
M01436,Cairo Foods 1436,Grocery,Micro,2022-06-14,Active,T+1,Giza,Haram - Central
M01437,Lotus Cafe 1437,Restaurants,Micro,2025-11-16,Active,T+2,Alexandria,Borg El Arab - Central
M01438,Cairo Foods 1438,Grocery,Small,2021-03-27,Active,T+1,Minya,Beni Mazar - Central
M01439,Prime Online 1439,E-Commerce,Small,2023-03-26,Active,T+1,Cairo,Heliopolis
M01440,Metro Kitchen 1440,Restaurants,Small,2025-01-08,Active,T+1,Cairo,Shubra - Central
M01441,Golden Foods 1441,Grocery,Medium,2024-08-21,Active,T+1,Gharbia,Tanta - Central
M01442,Nile Clinic 1442,Healthcare,Enterprise,2022-08-19,Active,T+2,Port Said,Port Said - Central
M01443,Urban Care 1443,Pharmacy,Micro,2023-03-24,Active,T+2,Cairo,Maadi - Central
M01444,Sun Market 1444,Grocery,Small,2026-01-23,Active,T+1,Minya,Samalut
M01445,Royal Tech 1445,Electronics,Micro,2023-06-17,Active,T+1,Cairo,Heliopolis - Central
M01446,Royal Style 1446,Fashion,Micro,2023-11-27,Active,T+1,Beheira,Damanhur - Central
M01447,Lotus Mobile 1447,Telecom,Small,2025-03-05,Active,T+0,Alexandria,Borg El Arab
M01448,Quick Academy 1448,Education,Micro,2023-06-06,Active,T+2,Giza,Mohandessin - Central
M01449,Nile Academy 1449,Education,Micro,2025-08-08,Active,T+2,Monufia,Ashmoun - Central
M01450,Elite Pharmacy 1450,Pharmacy,Small,2022-09-22,Active,T+1,Dakahlia,Aga - Central
M01451,Green Store 1451,E-Commerce,Micro,2023-10-10,Active,T+2,Dakahlia,Belqas
M01452,Green Connect 1452,Telecom,Small,2021-12-03,Active,T+1,Giza,Dokki - Central
M01453,Pyramid Learning 1453,Education,Medium,2024-05-22,Active,T+0,Cairo,New Cairo - Central
M01454,Prime Tech 1454,Electronics,Medium,2022-11-05,Active,T+1,Cairo,Mokattam
M01455,Sun Wear 1455,Fashion,Micro,2024-06-29,Active,T+0,Cairo,Mokattam
M01456,Nova Pharmacy 1456,Pharmacy,Enterprise,2024-12-18,Active,T+1,Alexandria,Sidi Gaber
M01457,Sun Pharmacy 1457,Pharmacy,Enterprise,2025-02-12,Active,T+2,Port Said,Port Fouad
M01458,Quick Bites 1458,Restaurants,Micro,2023-12-16,Active,T+2,Cairo,Maadi
M01459,Quick Bites 1459,Restaurants,Micro,2024-07-11,Active,T+2,South Sinai,Sharm El Sheikh
M01460,Nile Store 1460,E-Commerce,Micro,2021-10-23,Active,T+0,Giza,Sheikh Zayed - Central
M01461,Pyramid Online 1461,E-Commerce,Medium,2021-06-29,Active,T+1,Kafr El Sheikh,Kafr El Sheikh - Central
M01462,Lotus Style 1462,Fashion,Micro,2023-11-12,Active,T+2,Sharqia,Zagazig - Central
M01463,Family Online 1463,E-Commerce,Micro,2024-06-14,Active,T+0,Dakahlia,Aga - Central
M01464,Royal Wear 1464,Fashion,Small,2024-02-21,Active,T+0,Beheira,Nubaria
M01465,Family Learning 1465,Education,Micro,2023-12-12,Active,T+1,Beni Suef,Nasser
M01466,Golden Market 1466,Grocery,Micro,2024-03-07,Active,T+2,Gharbia,Zefta
M01467,Golden Store 1467,E-Commerce,Micro,2023-03-19,Active,T+0,Assiut,New Assiut - Central
M01468,Elite Market 1468,Grocery,Medium,2024-06-18,Active,T+1,Giza,Mohandessin - Central
M01469,Nile Store 1469,E-Commerce,Micro,2023-01-19,Active,T+2,Cairo,Heliopolis
M01470,Metro Mart 1470,Grocery,Medium,2022-11-24,Active,T+0,Giza,Dokki - Central
M01471,Green Mart 1471,Grocery,Small,2022-12-26,Active,T+2,Matrouh,Marsa Matrouh
M01472,Metro Store 1472,E-Commerce,Enterprise,2024-10-31,Active,T+1,Cairo,Shubra
M01473,Green Kitchen 1473,Restaurants,Medium,2022-01-25,Active,T+0,Cairo,Shubra - Central
M01474,Cairo Kitchen 1474,Restaurants,Micro,2021-01-18,Active,T+1,Giza,Faisal - Central
M01475,Delta Online 1475,E-Commerce,Medium,2024-07-01,Active,T+1,Giza,Haram
M01476,Blue Bites 1476,Restaurants,Medium,2022-01-14,Active,T+1,Alexandria,Agami
M01477,Pyramid Care 1477,Pharmacy,Micro,2024-12-12,Active,T+1,Alexandria,Agami - Central
M01478,Lotus Electronics 1478,Electronics,Micro,2021-03-23,Active,T+1,Giza,Sheikh Zayed
M01479,Delta Academy 1479,Education,Medium,2024-05-11,Active,T+2,Giza,Haram
M01480,Pyramid Market 1480,Grocery,Micro,2023-08-05,Active,T+0,Cairo,Mokattam - Central
M01481,Golden Fuel 1481,Fuel,Micro,2023-05-16,Active,T+2,Cairo,Nasr City
M01482,Pyramid Learning 1482,Education,Small,2025-02-11,Active,T+0,Qalyubia,Shubra El Kheima - Central
M01483,Sun Tech 1483,Electronics,Medium,2022-07-01,Active,T+1,Cairo,Heliopolis
M01484,Delta Style 1484,Fashion,Medium,2024-11-26,Temporarily Suspended,T+2,Suez,Ain Sokhna - Central
M01485,Golden Style 1485,Fashion,Small,2022-11-30,Temporarily Suspended,T+1,Alexandria,Stanley - Central
M01486,Elite Store 1486,E-Commerce,Micro,2021-09-02,Active,T+2,Qalyubia,Khanka - Central
M01487,Royal Online 1487,E-Commerce,Small,2021-09-26,Active,T+1,Giza,Dokki - Central
M01488,Nova Clinic 1488,Healthcare,Small,2025-07-29,Active,T+1,Alexandria,Borg El Arab
M01489,Pyramid Pharmacy 1489,Pharmacy,Small,2025-03-22,Active,T+1,Giza,Imbaba
M01490,Family Mart 1490,Grocery,Micro,2022-10-02,Active,T+0,Cairo,New Cairo - Central
M01491,Quick Kitchen 1491,Restaurants,Micro,2024-06-15,Active,T+1,Gharbia,Kafr El Zayat
M01492,Elite Market 1492,Grocery,Small,2023-09-28,Active,T+1,Giza,6th of October - Central
M01493,Golden Mart 1493,Grocery,Micro,2024-06-17,Active,T+0,Alexandria,Sidi Gaber
M01494,Pyramid Wear 1494,Fashion,Medium,2022-06-20,Active,T+2,Sohag,Tahta
M01495,Nile Mart 1495,Grocery,Enterprise,2021-04-09,Active,T+2,Damietta,Ras El Bar - Central
M01496,Nile Cinema 1496,Entertainment,Small,2022-12-09,Active,T+1,Giza,Haram - Central
M01497,Elite Mart 1497,Grocery,Medium,2024-11-22,Active,T+2,Gharbia,Zefta
M01498,Lotus Academy 1498,Education,Small,2024-08-26,Active,T+1,Dakahlia,Talkha
M01499,Blue Foods 1499,Grocery,Small,2021-10-06,Active,T+1,Aswan,Edfu
M01500,Pyramid Transit 1500,Transportation,Micro,2021-07-18,Active,T+1,Cairo,Maadi - Central
M01501,Pyramid Ride 1501,Transportation,Small,2024-01-31,Active,T+1,Dakahlia,Belqas
M01502,Metro Mart 1502,Grocery,Micro,2022-08-21,Active,T+1,Alexandria,Borg El Arab
M01503,Nile Learning 1503,Education,Small,2025-02-05,Active,T+1,Dakahlia,Aga
M01504,Smart Pharmacy 1504,Pharmacy,Medium,2026-04-28,Temporarily Suspended,T+1,Cairo,New Cairo
M01505,Family Mobile 1505,Telecom,Medium,2024-06-08,Active,T+0,Sharqia,Zagazig - Central
M01506,Royal Style 1506,Fashion,Medium,2021-04-19,Active,T+1,Beheira,Damanhur
M01507,Urban Mobile 1507,Telecom,Medium,2022-09-01,Active,T+2,Giza,Haram
M01508,Delta Station 1508,Fuel,Micro,2021-07-19,Active,T+0,Sharqia,Abu Hammad
M01509,Quick Pharmacy 1509,Pharmacy,Micro,2024-11-24,Active,T+0,Red Sea,Safaga
M01510,Green Transit 1510,Transportation,Small,2022-06-03,Active,T+2,Monufia,Ashmoun
M01511,Royal Pharmacy 1511,Pharmacy,Small,2024-06-24,Active,T+1,Cairo,Mokattam - Central
M01512,Cairo Market 1512,Grocery,Medium,2025-10-26,Offboarded,T+0,Qalyubia,Khanka - Central
M01513,Metro Transit 1513,Transportation,Micro,2024-06-29,Active,T+0,Aswan,Kom Ombo
M01514,Smart Online 1514,E-Commerce,Micro,2025-10-23,Active,T+1,Qalyubia,Khanka - Central
M01515,Elite Mart 1515,Grocery,Small,2023-03-08,Active,T+2,Alexandria,Sidi Gaber
M01516,Urban Care 1516,Pharmacy,Small,2024-07-24,Active,T+2,Giza,Haram - Central
M01517,Family Mart 1517,Grocery,Micro,2022-06-06,Active,T+1,Cairo,Maadi
M01518,Royal Clinic 1518,Healthcare,Micro,2022-03-20,Active,T+1,Cairo,Shubra
M01519,Green Tech 1519,Electronics,Micro,2021-08-15,Active,T+0,Fayoum,Ibshaway
M01520,Nile Transit 1520,Transportation,Small,2022-03-21,Active,T+1,Giza,Mohandessin
M01521,Quick Tech 1521,Electronics,Small,2023-10-13,Active,T+2,Cairo,Shubra
M01522,Delta Foods 1522,Grocery,Micro,2024-10-24,Active,T+1,Gharbia,El Mahalla El Kubra
M01523,Royal Fun 1523,Entertainment,Small,2025-09-20,Active,T+0,Monufia,Sadat City - Central
M01524,Urban Cafe 1524,Restaurants,Medium,2025-12-14,Active,T+1,Cairo,Downtown - Central
M01525,Royal Style 1525,Fashion,Micro,2023-05-18,Active,T+1,Cairo,Maadi
M01526,Quick Bites 1526,Restaurants,Small,2022-08-23,Active,T+1,Gharbia,El Mahalla El Kubra - Central
M01527,Delta Connect 1527,Telecom,Micro,2026-02-23,Active,T+1,Alexandria,Smouha - Central
M01528,Cairo Connect 1528,Telecom,Micro,2022-07-02,Active,T+0,Cairo,Shubra - Central
M01529,Prime Mobile 1529,Telecom,Medium,2022-12-21,Active,T+1,Giza,Haram - Central
M01530,Prime Care 1530,Pharmacy,Medium,2022-09-30,Active,T+1,Gharbia,Zefta
M01531,Smart Learning 1531,Education,Medium,2024-08-20,Active,T+2,Kafr El Sheikh,Baltim
M01532,Green Electronics 1532,Electronics,Micro,2025-04-17,Active,T+0,Cairo,Ain Shams
M01533,Blue Style 1533,Fashion,Micro,2022-07-16,Active,T+1,Cairo,Downtown
M01534,Cairo Fuel 1534,Fuel,Micro,2022-09-15,Active,T+1,Assiut,Dairut - Central
M01535,Quick Bites 1535,Restaurants,Micro,2023-12-02,Active,T+1,Cairo,Mokattam
M01536,Sun Connect 1536,Telecom,Micro,2026-04-09,Active,T+0,Giza,6th of October - Central
M01537,Nova Foods 1537,Grocery,Small,2024-08-24,Active,T+1,Giza,Mohandessin - Central
M01538,Cairo Foods 1538,Grocery,Micro,2021-01-06,Active,T+1,Alexandria,Stanley - Central
M01539,Royal Wear 1539,Fashion,Micro,2023-05-02,Active,T+2,South Sinai,Sharm El Sheikh
M01540,Blue Electronics 1540,Electronics,Micro,2023-03-23,Active,T+1,Giza,Imbaba
M01541,Urban Cinema 1541,Entertainment,Small,2023-12-25,Active,T+1,Cairo,New Cairo - Central
M01542,Nile Tech 1542,Electronics,Micro,2022-09-04,Offboarded,T+1,New Valley,Kharga
M01543,Lotus Tech 1543,Electronics,Micro,2023-02-14,Active,T+1,Cairo,New Cairo - Central
M01544,Blue Transit 1544,Transportation,Micro,2023-06-11,Active,T+0,Luxor,Armant
M01545,Green Electronics 1545,Electronics,Micro,2023-07-04,Active,T+1,Cairo,Ain Shams - Central
M01546,Smart Foods 1546,Grocery,Enterprise,2022-04-05,Active,T+0,Fayoum,Ibshaway
M01547,Green Foods 1547,Grocery,Micro,2021-06-13,Active,T+0,Aswan,Aswan
M01548,Nile Wear 1548,Fashion,Enterprise,2024-07-05,Active,T+2,Giza,Dokki - Central
M01549,Quick Transit 1549,Transportation,Small,2023-09-21,Active,T+2,Red Sea,Marsa Alam
M01550,Cairo Academy 1550,Education,Micro,2022-11-29,Active,T+1,Cairo,Ain Shams
M01551,Golden Mart 1551,Grocery,Small,2024-11-05,Active,T+0,Cairo,New Cairo
M01552,Family Care 1552,Pharmacy,Micro,2024-07-10,Active,T+1,Cairo,Downtown - Central
M01553,Urban Pharmacy 1553,Pharmacy,Small,2022-08-03,Active,T+1,Cairo,Mokattam - Central
M01554,Prime Pharmacy 1554,Pharmacy,Micro,2022-03-12,Active,T+1,Giza,Imbaba - Central
M01555,Royal Learning 1555,Education,Small,2023-08-23,Active,T+1,Damietta,Ras El Bar
M01556,Elite Clinic 1556,Healthcare,Medium,2022-12-07,Active,T+1,Alexandria,Smouha
M01557,Blue Cinema 1557,Entertainment,Micro,2023-06-14,Active,T+0,Alexandria,Agami
M01558,Royal Market 1558,Grocery,Small,2024-06-10,Active,T+1,Alexandria,Sidi Gaber
M01559,Lotus Academy 1559,Education,Micro,2022-03-14,Active,T+0,Monufia,Menouf - Central
M01560,Prime Academy 1560,Education,Small,2021-08-30,Active,T+1,Giza,Mohandessin
M01561,Urban Mart 1561,Grocery,Small,2024-09-18,Active,T+2,Matrouh,Marsa Matrouh
M01562,Nova Electronics 1562,Electronics,Enterprise,2021-12-07,Active,T+1,Alexandria,Miami - Central
M01563,Urban Store 1563,E-Commerce,Small,2024-01-26,Temporarily Suspended,T+1,Giza,Faisal - Central
M01564,Prime Wear 1564,Fashion,Micro,2024-08-21,Active,T+0,Luxor,Armant
M01565,Cairo Bites 1565,Restaurants,Micro,2025-01-03,Active,T+1,Giza,Sheikh Zayed
M01566,Quick Kitchen 1566,Restaurants,Micro,2021-04-22,Active,T+1,Cairo,Shubra - Central
M01567,Cairo Store 1567,E-Commerce,Micro,2023-12-16,Active,T+2,Giza,Imbaba - Central
M01568,Blue Care 1568,Pharmacy,Micro,2024-04-04,Active,T+1,Sharqia,10th of Ramadan
M01569,Lotus Market 1569,Grocery,Small,2024-12-03,Active,T+2,Cairo,Ain Shams
M01570,Lotus Wear 1570,Fashion,Small,2025-03-07,Active,T+0,Alexandria,Smouha - Central
M01571,Elite Care 1571,Pharmacy,Micro,2023-02-21,Active,T+1,Sohag,Akhmim
M01572,Blue Kitchen 1572,Restaurants,Micro,2021-06-14,Active,T+0,Dakahlia,Mansoura - Central
M01573,Prime Kitchen 1573,Restaurants,Small,2024-12-18,Active,T+2,Cairo,Shubra
M01574,Prime Mart 1574,Grocery,Enterprise,2021-10-15,Active,T+1,Cairo,Nasr City
M01575,Nova Bites 1575,Restaurants,Small,2026-05-16,Active,T+1,Beheira,Damanhur - Central
M01576,Metro Electronics 1576,Electronics,Micro,2023-02-10,Active,T+2,Aswan,Kom Ombo
M01577,Lotus Mart 1577,Grocery,Micro,2021-06-02,Active,T+1,Gharbia,Tanta
M01578,Smart Market 1578,Grocery,Medium,2024-10-30,Active,T+0,Giza,Faisal - Central
M01579,Urban Mart 1579,Grocery,Small,2023-10-14,Active,T+1,Assiut,Dairut
M01580,Green Pharmacy 1580,Pharmacy,Small,2021-01-15,Active,T+0,Suez,Ain Sokhna
M01581,Sun Connect 1581,Telecom,Small,2024-02-06,Active,T+1,Port Said,Port Said - Central
M01582,Cairo Ride 1582,Transportation,Medium,2024-03-18,Active,T+1,Dakahlia,Talkha - Central
M01583,Nile Cafe 1583,Restaurants,Micro,2023-05-25,Active,T+0,Gharbia,Zefta - Central
M01584,Nova Cinema 1584,Entertainment,Micro,2023-05-05,Active,T+1,Cairo,Maadi
M01585,Metro Store 1585,E-Commerce,Medium,2023-10-19,Active,T+0,Sharqia,Zagazig
M01586,Smart Kitchen 1586,Restaurants,Small,2023-01-23,Active,T+0,Giza,Sheikh Zayed
M01587,Delta Style 1587,Fashion,Micro,2023-12-12,Active,T+1,Beheira,Kafr El Dawwar
M01588,Delta Care 1588,Pharmacy,Micro,2022-01-28,Active,T+0,Damietta,New Damietta
M01589,Green Mart 1589,Grocery,Small,2021-06-27,Active,T+1,Giza,Imbaba
M01590,Royal Online 1590,E-Commerce,Enterprise,2022-09-01,Active,T+2,Giza,6th of October - Central
M01591,Quick Foods 1591,Grocery,Micro,2021-01-10,Active,T+1,Sohag,Girga
M01592,Sun Fun 1592,Entertainment,Micro,2021-04-12,Active,T+1,Giza,Sheikh Zayed - Central
M01593,Smart Foods 1593,Grocery,Micro,2022-10-27,Temporarily Suspended,T+1,Giza,Sheikh Zayed - Central
M01594,Golden Mobile 1594,Telecom,Medium,2021-07-04,Active,T+0,Sharqia,Minya Al Qamh - Central
M01595,Smart Kitchen 1595,Restaurants,Micro,2023-09-27,Active,T+2,Giza,Faisal - Central
M01596,Delta Mart 1596,Grocery,Micro,2022-02-08,Active,T+1,Beni Suef,Beni Suef
M01597,Royal Health 1597,Healthcare,Small,2022-04-07,Active,T+1,Cairo,Heliopolis
M01598,Blue Tech 1598,Electronics,Micro,2025-06-22,Active,T+1,Cairo,Ain Shams
M01599,Golden Clinic 1599,Healthcare,Small,2023-04-15,Active,T+2,Cairo,Maadi
M01600,Family Mart 1600,Grocery,Small,2025-07-10,Active,T+1,Assiut,Manfalut - Central
M01601,Delta Foods 1601,Grocery,Small,2023-11-09,Active,T+2,Qalyubia,Khanka
M01602,Urban Transit 1602,Transportation,Small,2022-01-28,Active,T+1,Gharbia,Zefta
M01603,Nova Online 1603,E-Commerce,Small,2022-03-05,Active,T+1,Qalyubia,Qalyub - Central
M01604,Cairo Ride 1604,Transportation,Small,2024-05-09,Active,T+1,Cairo,Heliopolis
M01605,Nile Ride 1605,Transportation,Micro,2023-12-08,Active,T+0,Cairo,Maadi
M01606,Nova Care 1606,Pharmacy,Small,2023-02-01,Active,T+0,Cairo,Shubra - Central
M01607,Blue Store 1607,E-Commerce,Enterprise,2022-07-28,Active,T+0,Fayoum,Ibshaway - Central
M01608,Pyramid Store 1608,E-Commerce,Medium,2024-11-29,Active,T+1,Giza,6th of October - Central
M01609,Green Ride 1609,Transportation,Small,2024-09-20,Active,T+0,Beheira,Damanhur - Central
M01610,Cairo Bites 1610,Restaurants,Small,2022-03-20,Active,T+0,Alexandria,Smouha - Central
M01611,Smart Transit 1611,Transportation,Micro,2021-07-08,Active,T+1,Gharbia,Kafr El Zayat
M01612,Nova Fuel 1612,Fuel,Small,2025-06-09,Active,T+0,Qalyubia,Banha - Central
M01613,Golden Online 1613,E-Commerce,Micro,2023-07-08,Active,T+2,Sharqia,Minya Al Qamh - Central
M01614,Pyramid Bites 1614,Restaurants,Enterprise,2023-06-27,Active,T+1,Giza,Faisal
M01615,Urban Health 1615,Healthcare,Medium,2023-03-09,Active,T+1,Fayoum,Sinnuris
M01616,Lotus Kitchen 1616,Restaurants,Small,2022-06-28,Active,T+1,Dakahlia,Talkha
M01617,Nile Pharmacy 1617,Pharmacy,Micro,2024-12-22,Active,T+1,Cairo,Heliopolis
M01618,Metro Cinema 1618,Entertainment,Micro,2022-04-30,Active,T+1,Luxor,Esna
M01619,Metro Foods 1619,Grocery,Micro,2024-07-19,Active,T+1,Giza,Imbaba
M01620,Smart Cafe 1620,Restaurants,Small,2023-01-04,Active,T+1,Cairo,New Cairo - Central
M01621,Urban Style 1621,Fashion,Small,2021-09-02,Active,T+2,Cairo,Heliopolis - Central
M01622,Nile Transit 1622,Transportation,Medium,2022-02-05,Active,T+2,Cairo,Nasr City - Central
M01623,Quick Style 1623,Fashion,Micro,2025-11-17,Active,T+2,Giza,Faisal
M01624,Delta Ride 1624,Transportation,Micro,2021-07-10,Active,T+1,Aswan,Edfu
M01625,Cairo Pharmacy 1625,Pharmacy,Micro,2021-07-30,Active,T+1,Dakahlia,Belqas
M01626,Elite Foods 1626,Grocery,Medium,2021-07-30,Active,T+0,Cairo,Mokattam - Central
M01627,Green Ride 1627,Transportation,Small,2021-10-21,Active,T+1,Sohag,Akhmim
M01628,Nova Market 1628,Grocery,Micro,2022-04-19,Active,T+1,Qalyubia,Obour - Central
M01629,Family Cinema 1629,Entertainment,Micro,2021-04-12,Active,T+1,Dakahlia,Mit Ghamr - Central
M01630,Elite Foods 1630,Grocery,Small,2023-07-07,Active,T+1,Cairo,Maadi - Central
M01631,Family Online 1631,E-Commerce,Small,2023-02-05,Active,T+1,Dakahlia,Mansoura - Central
M01632,Urban Ride 1632,Transportation,Medium,2021-01-02,Active,T+0,Beheira,Rashid
M01633,Nova Online 1633,E-Commerce,Small,2024-03-14,Active,T+1,Gharbia,Zefta - Central
M01634,Nile Style 1634,Fashion,Medium,2021-02-13,Active,T+1,Dakahlia,Aga - Central
M01635,Prime Online 1635,E-Commerce,Micro,2021-09-26,Active,T+1,Cairo,Ain Shams
M01636,Golden Kitchen 1636,Restaurants,Micro,2022-05-24,Active,T+1,Cairo,Shubra
M01637,Blue Bites 1637,Restaurants,Medium,2022-06-08,Active,T+1,Alexandria,Miami
M01638,Pyramid Bites 1638,Restaurants,Medium,2022-11-19,Temporarily Suspended,T+0,Dakahlia,Mansoura
M01639,Lotus Academy 1639,Education,Micro,2023-11-15,Active,T+1,Giza,Dokki - Central
M01640,Royal Market 1640,Grocery,Micro,2022-08-21,Active,T+0,Giza,Mohandessin
M01641,Nova Cinema 1641,Entertainment,Micro,2022-04-04,Active,T+1,Cairo,Maadi - Central
M01642,Smart Cafe 1642,Restaurants,Small,2023-07-04,Active,T+2,Damietta,Ras El Bar - Central
M01643,Metro Mart 1643,Grocery,Small,2023-10-16,Active,T+0,Alexandria,Agami
M01644,Smart Kitchen 1644,Restaurants,Small,2022-06-04,Active,T+2,Damietta,New Damietta - Central
M01645,Golden Care 1645,Pharmacy,Micro,2023-04-10,Active,T+1,Damietta,Ras El Bar
M01646,Family Foods 1646,Grocery,Medium,2021-01-30,Active,T+0,Qalyubia,Qalyub
M01647,Royal Kitchen 1647,Restaurants,Micro,2025-01-20,Active,T+1,Cairo,New Cairo - Central
M01648,Nile Health 1648,Healthcare,Micro,2021-02-01,Active,T+1,Giza,Dokki - Central
M01649,Pyramid Learning 1649,Education,Medium,2021-05-16,Active,T+1,Cairo,New Cairo
M01650,Quick Mart 1650,Grocery,Small,2022-07-16,Active,T+1,Cairo,Maadi - Central
M01651,Lotus Fuel 1651,Fuel,Small,2023-11-04,Active,T+1,Cairo,New Cairo - Central
M01652,Quick Mart 1652,Grocery,Small,2022-04-30,Active,T+2,Giza,Faisal
M01653,Royal Care 1653,Pharmacy,Medium,2025-03-31,Active,T+1,Beheira,Nubaria
M01654,Green Care 1654,Pharmacy,Medium,2022-12-23,Active,T+0,Sharqia,10th of Ramadan
M01655,Quick Market 1655,Grocery,Micro,2021-12-23,Active,T+1,Cairo,Nasr City
M01656,Family Bites 1656,Restaurants,Small,2021-08-25,Active,T+0,Minya,Minya - Central
M01657,Nile Store 1657,E-Commerce,Micro,2021-12-27,Active,T+1,Cairo,Downtown - Central
M01658,Sun Station 1658,Fuel,Micro,2022-09-09,Active,T+1,Giza,Mohandessin - Central
M01659,Royal Clinic 1659,Healthcare,Micro,2022-02-21,Active,T+2,Alexandria,Sidi Gaber
M01660,Quick Electronics 1660,Electronics,Medium,2025-05-15,Active,T+2,Dakahlia,Mansoura - Central
M01661,Nova Fun 1661,Entertainment,Micro,2026-02-22,Active,T+1,Alexandria,Borg El Arab - Central
M01662,Golden Mart 1662,Grocery,Micro,2023-12-09,Active,T+2,Dakahlia,Mit Ghamr
M01663,Pyramid Bites 1663,Restaurants,Medium,2023-01-01,Active,T+2,Giza,Mohandessin - Central
M01664,Metro Wear 1664,Fashion,Micro,2023-08-03,Active,T+1,Ismailia,Qantara - Central
M01665,Pyramid Kitchen 1665,Restaurants,Medium,2026-04-20,Active,T+1,Minya,Beni Mazar - Central
M01666,Pyramid Market 1666,Grocery,Small,2024-05-03,Active,T+2,Giza,Imbaba
M01667,Prime Store 1667,E-Commerce,Small,2026-01-02,Active,T+1,Cairo,Maadi
M01668,Sun Store 1668,E-Commerce,Enterprise,2022-08-09,Active,T+1,Cairo,Downtown
M01669,Golden Station 1669,Fuel,Micro,2023-01-25,Active,T+1,Alexandria,Smouha
M01670,Golden Foods 1670,Grocery,Micro,2022-11-15,Active,T+0,Damietta,Damietta - Central
M01671,Elite Market 1671,Grocery,Small,2024-12-22,Active,T+2,Giza,Imbaba - Central
M01672,Metro Store 1672,E-Commerce,Micro,2023-12-06,Active,T+1,Port Said,Port Fouad - Central
M01673,Lotus Market 1673,Grocery,Micro,2022-05-22,Active,T+1,Giza,6th of October
M01674,Urban Cafe 1674,Restaurants,Micro,2023-03-15,Active,T+1,Alexandria,Smouha - Central
M01675,Cairo Health 1675,Healthcare,Small,2021-12-26,Active,T+1,North Sinai,Arish
M01676,Metro Transit 1676,Transportation,Micro,2025-08-08,Temporarily Suspended,T+1,Cairo,New Cairo
M01677,Delta Foods 1677,Grocery,Small,2024-04-02,Active,T+0,Alexandria,Smouha - Central
M01678,Blue Cafe 1678,Restaurants,Small,2024-01-23,Active,T+1,Cairo,Downtown - Central
M01679,Nile Station 1679,Fuel,Micro,2023-06-14,Active,T+0,Dakahlia,Talkha - Central
M01680,Smart Station 1680,Fuel,Medium,2025-03-03,Temporarily Suspended,T+1,Dakahlia,Talkha - Central
M01681,Nova Tech 1681,Electronics,Small,2021-04-15,Active,T+1,Cairo,Maadi - Central
M01682,Elite Electronics 1682,Electronics,Enterprise,2023-06-16,Active,Unknown,Giza,Mohandessin - Central
M01683,Blue Academy 1683,Education,Enterprise,2023-11-21,Active,T+0,Suez,Suez - Central
M01684,Metro Store 1684,E-Commerce,Small,2023-08-01,Active,T+0,Suez,Ain Sokhna
M01685,Blue Market 1685,Grocery,Small,2021-04-14,Active,T+1,Giza,Faisal - Central
M01686,Elite Mart 1686,Grocery,Micro,2024-07-20,Active,T+2,Giza,Sheikh Zayed
M01687,Nova Store 1687,E-Commerce,Micro,2021-10-20,Active,T+1,Luxor,Armant
M01688,Nile Market 1688,Grocery,Medium,2024-10-12,Temporarily Suspended,T+2,Cairo,Heliopolis - Central
M01689,Sun Ride 1689,Transportation,Micro,2024-04-17,Active,T+0,Cairo,Maadi - Central
M01690,Lotus Transit 1690,Transportation,Micro,2022-07-05,Active,T+0,Qalyubia,Banha - Central
M01691,Golden Cafe 1691,Restaurants,Micro,2023-06-25,Active,T+1,Dakahlia,Mansoura
M01692,Blue Electronics 1692,Electronics,Micro,2023-01-29,Temporarily Suspended,T+2,Giza,6th of October - Central
M01693,Smart Wear 1693,Fashion,Small,2021-05-27,Active,T+1,New Valley,Dakhla
M01694,Smart Store 1694,E-Commerce,Small,2023-01-07,Active,T+0,Cairo,Maadi - Central
M01695,Elite Wear 1695,Fashion,Medium,2025-09-16,Active,T+1,Giza,Mohandessin
M01696,Pyramid Care 1696,Pharmacy,Medium,2023-02-14,Active,T+1,Dakahlia,Mit Ghamr
M01697,Elite Learning 1697,Education,Small,2023-09-07,Active,T+1,Alexandria,Agami
M01698,Lotus Transit 1698,Transportation,Small,2023-03-25,Active,T+0,Giza,Mohandessin - Central
M01699,Elite Electronics 1699,Electronics,Small,2024-03-11,Active,T+1,Giza,Mohandessin
M01700,Royal Fun 1700,Entertainment,Micro,2024-05-22,Active,T+2,Giza,Imbaba
M01701,Cairo Pharmacy 1701,Pharmacy,Medium,2024-01-19,Active,T+1,Gharbia,Zefta - Central
M01702,Prime Transit 1702,Transportation,Small,2025-09-26,Active,T+1,Giza,Haram - Central
M01703,Family Ride 1703,Transportation,Micro,2024-11-03,Offboarded,T+0,Alexandria,Borg El Arab - Central
M01704,Delta Transit 1704,Transportation,Micro,2026-01-29,Active,T+1,Cairo,Shubra
M01705,Cairo Care 1705,Pharmacy,Small,2021-08-27,Active,T+0,Giza,Dokki - Central
M01706,Blue Foods 1706,Grocery,Micro,2021-12-11,Active,T+0,Cairo,Heliopolis - Central
M01707,Royal Transit 1707,Transportation,Micro,2024-02-20,Active,T+1,Sohag,Tahta
M01708,Cairo Kitchen 1708,Restaurants,Micro,2022-06-21,Temporarily Suspended,T+1,Cairo,Nasr City
M01709,Metro Cafe 1709,Restaurants,Micro,2025-08-10,Active,T+0,Monufia,Menouf - Central
M01710,Pyramid Tech 1710,Electronics,Micro,2021-07-21,Active,T+1,Sharqia,Minya Al Qamh
M01711,Golden Market 1711,Grocery,Micro,2024-05-10,Active,T+0,Cairo,Shubra
M01712,Urban Transit 1712,Transportation,Micro,2024-05-12,Active,T+1,Alexandria,Agami - Central
M01713,Family Store 1713,E-Commerce,Micro,2022-03-19,Active,T+1,Cairo,Ain Shams
M01714,Pyramid Market 1714,Grocery,Small,2022-09-13,Active,T+2,Damietta,Damietta
M01715,Golden Health 1715,Healthcare,Micro,2025-12-22,Active,T+1,Cairo,Nasr City
M01716,Smart Style 1716,Fashion,Medium,2024-09-30,Active,T+1,Giza,Sheikh Zayed
M01717,Delta Ride 1717,Transportation,Medium,2025-01-04,Active,T+1,Qalyubia,Qalyub - Central
M01718,Sun Style 1718,Fashion,Small,2022-02-18,Active,T+1,Giza,Sheikh Zayed - Central
M01719,Green Wear 1719,Fashion,Small,2024-01-08,Active,T+1,Giza,Imbaba
M01720,Lotus Market 1720,Grocery,Micro,2024-07-11,Active,T+1,Giza,Haram
M01721,Elite Online 1721,E-Commerce,Enterprise,2023-08-06,Active,T+1,Cairo,Maadi - Central
M01722,Sun Tech 1722,Electronics,Micro,2024-04-28,Active,T+2,Gharbia,El Mahalla El Kubra
M01723,Prime Foods 1723,Grocery,Small,2024-02-14,Active,T+1,Cairo,New Cairo
M01724,Green Tech 1724,Electronics,Micro,2023-12-02,Active,T+1,Minya,Minya - Central
M01725,Royal Electronics 1725,Electronics,Micro,2024-08-21,Active,T+1,Alexandria,Stanley - Central
M01726,Blue Store 1726,E-Commerce,Micro,2024-10-19,Active,T+2,Monufia,Shebin El Kom
M01727,Urban Market 1727,Grocery,Micro,2024-03-15,Temporarily Suspended,T+0,Gharbia,Zefta
M01728,Cairo Transit 1728,Transportation,Small,2024-03-17,Active,T+1,Alexandria,Smouha
M01729,Quick Store 1729,E-Commerce,Micro,2025-04-10,Active,T+1,Cairo,New Cairo - Central
M01730,Quick Ride 1730,Transportation,Micro,2024-07-01,Active,T+1,Giza,Dokki - Central
M01731,Royal Station 1731,Fuel,Medium,2025-02-18,Active,T+1,Sharqia,Abu Hammad
M01732,Metro Wear 1732,Fashion,Micro,2025-05-07,Active,T+1,Cairo,Nasr City
M01733,Blue Tech 1733,Electronics,Micro,2023-08-13,Active,T+1,Beheira,Rashid - Central
M01734,Sun Station 1734,Fuel,Micro,2023-01-16,Active,T+1,Damietta,Faraskour - Central
M01735,Nova Online 1735,E-Commerce,Medium,2024-12-04,Offboarded,T+1,Gharbia,El Mahalla El Kubra - Central
M01736,Urban Cafe 1736,Restaurants,Micro,2021-05-22,Active,T+1,Cairo,Maadi - Central
M01737,Green Wear 1737,Fashion,Small,2025-04-13,Active,T+0,Cairo,Nasr City
M01738,Elite Fuel 1738,Fuel,Medium,2023-02-23,Active,T+0,Cairo,Maadi
M01739,Golden Foods 1739,Grocery,Small,2022-03-29,Active,T+1,Sohag,Tahta
M01740,Family Market 1740,Grocery,Small,2025-07-18,Active,T+2,Giza,6th of October
M01741,Cairo Style 1741,Fashion,Micro,2022-01-30,Active,T+1,Alexandria,Agami
M01742,Pyramid Mart 1742,Grocery,Small,2021-10-20,Active,T+2,Monufia,Ashmoun
M01743,Smart Care 1743,Pharmacy,Medium,2021-05-12,Active,T+1,Red Sea,Marsa Alam
M01744,Green Electronics 1744,Electronics,Micro,2023-09-21,Active,T+1,Giza,Sheikh Zayed
M01745,Nile Bites 1745,Restaurants,Small,2022-04-15,Active,T+1,Giza,Haram
M01746,Royal Wear 1746,Fashion,Small,2022-11-06,Active,T+1,Kafr El Sheikh,Baltim - Central
M01747,Cairo Online 1747,E-Commerce,Micro,2021-10-11,Active,T+1,Gharbia,Kafr El Zayat - Central
M01748,Golden Fuel 1748,Fuel,Small,2024-06-03,Active,T+1,Cairo,Nasr City - Central
M01749,Prime Cafe 1749,Restaurants,Small,2023-12-26,Active,T+1,Cairo,Shubra
M01750,Golden Foods 1750,Grocery,Small,2023-09-10,Active,T+0,Minya,Minya - Central
M01751,Metro Tech 1751,Electronics,Micro,2021-11-12,Active,T+2,Cairo,Heliopolis
M01752,Delta Health 1752,Healthcare,Micro,2021-05-13,Active,T+1,Giza,Haram
M01753,Sun Bites 1753,Restaurants,Small,2023-02-16,Active,T+1,Ismailia,Ismailia
M01754,Nova Wear 1754,Fashion,Micro,2021-04-25,Active,T+1,Gharbia,Kafr El Zayat - Central
M01755,Lotus Market 1755,Grocery,Micro,2021-09-08,Active,T+2,Alexandria,Stanley
M01756,Blue Ride 1756,Transportation,Micro,2022-12-01,Active,T+1,Alexandria,Smouha
M01757,Urban Tech 1757,Electronics,Micro,2023-04-02,Active,T+1,Cairo,Shubra - Central
M01758,Pyramid Mart 1758,Grocery,Micro,2024-01-03,Active,T+1,Cairo,Ain Shams
M01759,Smart Cafe 1759,Restaurants,Micro,2021-08-10,Active,T+1,Giza,Dokki - Central
M01760,Nile Health 1760,Healthcare,Medium,2021-10-25,Active,T+1,Ismailia,Fayed
M01761,Quick Care 1761,Pharmacy,Medium,2022-06-30,Active,T+1,Cairo,Nasr City - Central
M01762,Pyramid Foods 1762,Grocery,Small,2023-03-07,Active,T+1,Cairo,Heliopolis
M01763,Lotus Ride 1763,Transportation,Small,2022-04-22,Active,T+0,Alexandria,Agami
M01764,Pyramid Mobile 1764,Telecom,Micro,2024-05-14,Active,T+1,Sohag,Sohag
M01765,Golden Academy 1765,Education,Small,2022-01-16,Active,T+1,Cairo,Shubra - Central
M01766,Golden Academy 1766,Education,Small,2022-09-17,Active,T+0,Gharbia,Tanta
M01767,Cairo Care 1767,Pharmacy,Micro,2023-12-15,Active,T+1,Dakahlia,Talkha - Central
M01768,Green Store 1768,E-Commerce,Medium,2023-10-19,Active,T+1,Dakahlia,Mansoura - Central
M01769,Sun Connect 1769,Telecom,Small,2022-02-04,Active,T+1,Cairo,Ain Shams - Central
M01770,Cairo Wear 1770,Fashion,Micro,2024-05-10,Active,T+1,Cairo,Shubra - Central
M01771,Smart Learning 1771,Education,Medium,2023-12-22,Active,T+0,Sharqia,Minya Al Qamh - Central
M01772,Delta Ride 1772,Transportation,Small,2021-08-28,Active,T+0,Cairo,Nasr City
M01773,Elite Ride 1773,Transportation,Small,2023-08-01,Active,T+0,Cairo,Maadi - Central
M01774,Family Mobile 1774,Telecom,Medium,2023-06-24,Active,T+2,Cairo,Maadi
M01775,Nile Tech 1775,Electronics,Medium,2024-06-06,Active,T+1,Cairo,Mokattam
M01776,Blue Bites 1776,Restaurants,Medium,2021-09-04,Active,T+1,Giza,Sheikh Zayed - Central
M01777,Cairo Mart 1777,Grocery,Small,2021-01-19,Active,T+0,Assiut,Manfalut - Central
M01778,Nova Bites 1778,Restaurants,Micro,2024-05-21,Active,T+1,Alexandria,Sidi Gaber
M01779,Metro Ride 1779,Transportation,Small,2024-03-15,Active,T+2,Suez,Suez - Central
M01780,Nile Learning 1780,Education,Micro,2023-05-20,Active,T+0,Giza,Mohandessin - Central
M01781,Family Care 1781,Pharmacy,Small,2021-12-21,Active,T+1,Sharqia,Abu Hammad
M01782,Nile Clinic 1782,Healthcare,Small,2023-06-19,Active,T+1,Alexandria,Smouha
M01783,Sun Transit 1783,Transportation,Small,2021-08-02,Active,T+1,Sharqia,Abu Hammad
M01784,Golden Care 1784,Pharmacy,Enterprise,2024-09-29,Active,T+1,Giza,6th of October
M01785,Blue Connect 1785,Telecom,Micro,2024-07-06,Active,T+0,Cairo,Mokattam
M01786,Delta Fun 1786,Entertainment,Micro,2021-11-10,Active,T+0,Alexandria,Sidi Gaber
M01787,Golden Fun 1787,Entertainment,Micro,2025-06-16,Active,T+0,Cairo,Ain Shams
M01788,Smart Learning 1788,Education,Micro,2021-09-18,Active,T+1,Dakahlia,Mansoura - Central
M01789,Cairo Bites 1789,Restaurants,Micro,2024-06-04,Active,T+0,Giza,Sheikh Zayed - Central
M01790,Lotus Ride 1790,Transportation,Micro,2025-04-17,Active,T+1,Cairo,Nasr City
M01791,Prime Fun 1791,Entertainment,Medium,2024-09-17,Active,T+2,Gharbia,Kafr El Zayat - Central
M01792,Delta Cafe 1792,Restaurants,Medium,2022-03-28,Active,T+1,Giza,Imbaba
M01793,Nova Bites 1793,Restaurants,Micro,2021-09-16,Active,T+0,Alexandria,Smouha - Central
M01794,Elite Market 1794,Grocery,Medium,2024-08-20,Active,T+2,Qalyubia,Qalyub
M01795,Lotus Transit 1795,Transportation,Medium,2023-09-09,Active,T+1,Damietta,Faraskour - Central
M01796,Elite Pharmacy 1796,Pharmacy,Micro,2021-12-21,Active,T+1,Cairo,Nasr City - Central
M01797,Lotus Store 1797,E-Commerce,Small,2023-11-07,Active,T+1,Beni Suef,New Beni Suef
M01798,Pyramid Cafe 1798,Restaurants,Micro,2022-02-27,Active,T+2,Port Said,Port Said
M01799,Smart Academy 1799,Education,Small,2023-06-01,Active,T+0,Cairo,Ain Shams - Central
M01800,Elite Store 1800,E-Commerce,Micro,2022-04-25,Active,T+1,Cairo,Mokattam
M01801,Delta Mart 1801,Grocery,Small,2025-04-07,Active,T+0,Cairo,Mokattam - Central
M01802,Sun Store 1802,E-Commerce,Medium,2024-04-15,Active,T+1,Kafr El Sheikh,Kafr El Sheikh
M01803,Delta Wear 1803,Fashion,Medium,2024-03-12,Offboarded,T+0,Giza,Haram
M01804,Elite Kitchen 1804,Restaurants,Micro,2022-07-05,Active,T+1,Giza,Sheikh Zayed
M01805,Elite Online 1805,E-Commerce,Micro,2026-02-09,Active,T+1,Gharbia,Kafr El Zayat - Central
M01806,Golden Ride 1806,Transportation,Small,2023-11-06,Active,T+1,Cairo,Downtown
M01807,Lotus Bites 1807,Restaurants,Small,2023-10-27,Active,T+1,Qalyubia,Shubra El Kheima
M01808,Nile Wear 1808,Fashion,Micro,2025-12-01,Temporarily Suspended,T+1,Qena,Qena
M01809,Pyramid Station 1809,Fuel,Small,2021-06-12,Active,T+1,Beheira,Kafr El Dawwar
M01810,Royal Care 1810,Pharmacy,Small,2022-02-08,Active,T+0,Cairo,Shubra - Central
M01811,Pyramid Store 1811,E-Commerce,Micro,2024-04-23,Active,T+1,Giza,Sheikh Zayed - Central
M01812,Pyramid Station 1812,Fuel,Micro,2022-03-13,Active,T+1,Aswan,Edfu
M01813,Prime Bites 1813,Restaurants,Small,2024-08-05,Active,T+0,Qena,Qus
M01814,Family Care 1814,Pharmacy,Small,2021-11-24,Active,T+0,Cairo,Mokattam - Central
M01815,Golden Mobile 1815,Telecom,Micro,2025-01-12,Active,T+1,Alexandria,Smouha - Central
M01816,Pyramid Style 1816,Fashion,Small,2024-07-23,Active,T+0,Aswan,Edfu
M01817,Quick Fuel 1817,Fuel,Small,2022-11-21,Active,T+1,Qalyubia,Khanka - Central
M01818,Smart Kitchen 1818,Restaurants,Small,2024-06-20,Active,T+2,Beni Suef,New Beni Suef
M01819,Nile Station 1819,Fuel,Micro,2021-10-16,Active,T+2,Monufia,Menouf
M01820,Prime Style 1820,Fashion,Micro,2024-03-21,Active,T+1,Giza,Sheikh Zayed - Central
M01821,Elite Bites 1821,Restaurants,Micro,2023-04-07,Active,T+2,North Sinai,Bir El Abd
M01822,Royal Transit 1822,Transportation,Small,2022-05-24,Active,T+2,Cairo,Maadi - Central
M01823,Urban Clinic 1823,Healthcare,Small,2023-07-26,Active,T+1,Cairo,Mokattam
M01824,Quick Foods 1824,Grocery,Micro,2025-12-23,Active,T+1,Giza,Dokki - Central
M01825,Sun Ride 1825,Transportation,Micro,2024-05-25,Active,T+1,Cairo,Nasr City
M01826,Pyramid Pharmacy 1826,Pharmacy,Micro,2023-11-25,Active,T+1,Giza,Faisal
M01827,Quick Foods 1827,Grocery,Micro,2021-08-14,Active,T+1,Gharbia,Kafr El Zayat - Central
M01828,Metro Care 1828,Pharmacy,Medium,2026-05-26,Active,T+0,Qalyubia,Obour
M01829,Blue Wear 1829,Fashion,Small,2024-07-07,Active,T+1,Gharbia,Kafr El Zayat - Central
M01830,Family Fun 1830,Entertainment,Small,2024-04-27,Active,T+2,Giza,Faisal - Central
M01831,Royal Fuel 1831,Fuel,Micro,2023-12-08,Active,T+0,Red Sea,Marsa Alam
M01832,Sun Foods 1832,Grocery,Medium,2025-01-19,Active,T+1,Giza,Dokki - Central
M01833,Sun Kitchen 1833,Restaurants,Small,2025-08-30,Active,T+1,Cairo,Downtown - Central
M01834,Nile Market 1834,Grocery,Small,2024-09-30,Active,T+0,Cairo,Downtown
M01835,Elite Tech 1835,Electronics,Micro,2026-04-14,Active,T+0,Giza,Haram
M01836,Lotus Style 1836,Fashion,Micro,2021-04-07,Active,T+0,Kafr El Sheikh,Baltim
M01837,Green Kitchen 1837,Restaurants,Medium,2024-06-26,Active,T+1,Qalyubia,Obour
M01838,Lotus Mart 1838,Grocery,Micro,2024-07-24,Active,T+1,Kafr El Sheikh,Desouk
M01839,Smart Health 1839,Healthcare,Medium,2023-03-22,Active,T+1,Cairo,New Cairo
M01840,Metro Style 1840,Fashion,Micro,2022-05-08,Active,T+1,Damietta,Ras El Bar - Central
M01841,Lotus Ride 1841,Transportation,Medium,2024-01-28,Active,T+1,Cairo,Mokattam - Central
M01842,Elite Learning 1842,Education,Micro,2022-01-10,Active,T+1,Beheira,Nubaria - Central
M01843,Pyramid Learning 1843,Education,Micro,2021-06-03,Active,T+2,Alexandria,Agami - Central
M01844,Lotus Pharmacy 1844,Pharmacy,Medium,2024-05-21,Active,T+1,Giza,Dokki - Central
M01845,Golden Mart 1845,Grocery,Small,2024-11-11,Active,T+0,Damietta,New Damietta - Central
M01846,Urban Tech 1846,Electronics,Small,2024-07-03,Temporarily Suspended,T+1,Cairo,Heliopolis
M01847,Cairo Care 1847,Pharmacy,Micro,2022-05-25,Active,T+1,Giza,Dokki
M01848,Golden Mart 1848,Grocery,Medium,2022-12-13,Active,Unknown,Port Said,Port Fouad
M01849,Green Mart 1849,Grocery,Small,2021-11-08,Active,T+0,Dakahlia,Belqas - Central
M01850,Smart Market 1850,Grocery,Medium,2022-04-24,Active,T+0,Alexandria,Miami
M01851,Pyramid Connect 1851,Telecom,Small,2023-10-09,Active,T+0,Giza,Haram - Central
M01852,Family Tech 1852,Electronics,Small,2022-10-25,Active,T+2,Sohag,Sohag
M01853,Delta Wear 1853,Fashion,Small,2025-04-15,Active,T+1,Gharbia,Tanta - Central
M01854,Smart Learning 1854,Education,Small,2022-12-06,Active,T+2,Cairo,Heliopolis - Central
M01855,Prime Health 1855,Healthcare,Small,2022-07-24,Active,T+2,Giza,6th of October
M01856,Metro Store 1856,E-Commerce,Micro,2021-10-25,Active,T+0,Monufia,Shebin El Kom - Central
M01857,Urban Clinic 1857,Healthcare,Small,2021-10-25,Active,T+1,Beheira,Rashid - Central
M01858,Nova Academy 1858,Education,Enterprise,2022-11-01,Active,T+0,Cairo,Mokattam
M01859,Royal Electronics 1859,Electronics,Micro,2021-05-24,Active,T+1,Sharqia,Minya Al Qamh - Central
M01860,Prime Transit 1860,Transportation,Small,2021-07-21,Active,T+0,Cairo,New Cairo
M01861,Golden Bites 1861,Restaurants,Enterprise,2021-09-06,Active,T+1,Cairo,New Cairo - Central
M01862,Golden Mart 1862,Grocery,Small,2024-05-02,Active,T+1,Cairo,Maadi - Central
M01863,Green Care 1863,Pharmacy,Small,2022-04-06,Active,T+0,Qena,Qus
M01864,Smart Market 1864,Grocery,Micro,2022-10-24,Active,T+1,Sharqia,Zagazig
M01865,Pyramid Care 1865,Pharmacy,Medium,2021-02-07,Active,T+1,Cairo,Heliopolis - Central
M01866,Delta Market 1866,Grocery,Micro,2021-06-30,Active,T+1,Giza,Mohandessin - Central
M01867,Delta Market 1867,Grocery,Small,2026-03-25,Active,T+1,Port Said,Port Said
M01868,Lotus Store 1868,E-Commerce,Micro,2021-10-04,Active,T+1,Matrouh,Marsa Matrouh
M01869,Urban Fun 1869,Entertainment,Small,2021-05-11,Active,T+1,Giza,Faisal - Central
M01870,Blue Station 1870,Fuel,Small,2023-09-08,Active,T+1,Cairo,Nasr City
M01871,Nile Pharmacy 1871,Pharmacy,Micro,2021-04-18,Active,T+0,Cairo,Ain Shams - Central
M01872,Golden Bites 1872,Restaurants,Small,2022-12-15,Active,T+0,Dakahlia,Mansoura
M01873,Green Ride 1873,Transportation,Micro,2026-01-25,Active,T+1,Giza,Imbaba - Central
M01874,Smart Ride 1874,Transportation,Medium,2021-12-07,Active,T+1,Beheira,Damanhur - Central
M01875,Sun Foods 1875,Grocery,Micro,2021-12-28,Active,T+1,Gharbia,Kafr El Zayat
M01876,Sun Station 1876,Fuel,Micro,2023-05-27,Active,T+1,Alexandria,Agami - Central
M01877,Metro Market 1877,Grocery,Micro,2025-09-10,Active,T+0,Cairo,Downtown
M01878,Cairo Foods 1878,Grocery,Micro,2022-09-16,Active,T+2,Assiut,Dairut
M01879,Nova Foods 1879,Grocery,Micro,2023-09-28,Active,T+1,Giza,Haram
M01880,Smart Transit 1880,Transportation,Small,2025-01-18,Active,T+2,Sharqia,Belbeis - Central
M01881,Royal Station 1881,Fuel,Micro,2024-10-12,Active,T+1,Giza,Dokki - Central
M01882,Nile Fun 1882,Entertainment,Small,2022-07-17,Active,T+1,Cairo,Nasr City
M01883,Prime Electronics 1883,Electronics,Micro,2022-11-15,Active,T+0,North Sinai,Bir El Abd
M01884,Nova Care 1884,Pharmacy,Micro,2022-12-27,Active,T+0,Cairo,New Cairo
M01885,Royal Transit 1885,Transportation,Micro,2022-12-24,Active,T+1,Giza,Faisal - Central
M01886,Delta Wear 1886,Fashion,Small,2022-06-04,Active,T+1,Alexandria,Borg El Arab - Central
M01887,Blue Tech 1887,Electronics,Micro,2023-09-21,Active,T+1,Alexandria,Agami
M01888,Family Store 1888,E-Commerce,Small,2026-01-18,Active,T+1,Gharbia,El Mahalla El Kubra
M01889,Metro Cafe 1889,Restaurants,Enterprise,2022-10-31,Active,T+2,Dakahlia,Aga - Central
M01890,Blue Mart 1890,Grocery,Micro,2025-04-28,Active,T+1,Giza,6th of October - Central
M01891,Metro Academy 1891,Education,Micro,2025-12-04,Active,T+1,Giza,Dokki - Central
M01892,Lotus Bites 1892,Restaurants,Micro,2025-07-12,Active,T+2,Minya,Mallawi - Central
M01893,Green Health 1893,Healthcare,Small,2023-10-30,Active,T+1,Qena,Qus
M01894,Blue Learning 1894,Education,Small,2022-04-15,Active,T+1,Kafr El Sheikh,Baltim
M01895,Quick Mobile 1895,Telecom,Micro,2024-01-23,Active,T+1,Giza,Imbaba
M01896,Royal Fuel 1896,Fuel,Micro,2024-07-23,Active,T+0,Giza,Imbaba
M01897,Lotus Store 1897,E-Commerce,Medium,2021-05-06,Active,T+1,Alexandria,Smouha - Central
M01898,Urban Ride 1898,Transportation,Micro,2025-07-26,Active,T+2,Cairo,Maadi - Central
M01899,Golden Cinema 1899,Entertainment,Medium,2024-04-03,Active,T+1,Port Said,Port Said
M01900,Nova Mart 1900,Grocery,Micro,2021-12-16,Active,T+1,Cairo,Shubra
M01901,Family Care 1901,Pharmacy,Small,2021-02-08,Active,T+0,Alexandria,Stanley - Central
M01902,Metro Transit 1902,Transportation,Micro,2022-12-04,Active,T+1,Assiut,New Assiut
M01903,Sun Electronics 1903,Electronics,Micro,2021-03-18,Active,T+2,Damietta,Faraskour
M01904,Royal Style 1904,Fashion,Small,2021-04-30,Active,T+1,New Valley,Kharga
M01905,Quick Learning 1905,Education,Small,2021-08-23,Active,T+1,Port Said,Port Said - Central
M01906,Elite Foods 1906,Grocery,Small,2022-12-07,Active,T+0,Port Said,Port Said - Central
M01907,Nile Foods 1907,Grocery,Micro,2023-03-09,Active,T+2,Giza,Faisal
M01908,Quick Kitchen 1908,Restaurants,Micro,2026-03-09,Active,T+2,Giza,Faisal
M01909,Sun Foods 1909,Grocery,Micro,2026-02-02,Active,T+2,Giza,Imbaba
M01910,Prime Style 1910,Fashion,Micro,2021-11-29,Active,T+0,Sharqia,Zagazig
M01911,Pyramid Store 1911,E-Commerce,Small,2024-12-28,Active,T+1,Cairo,Heliopolis
M01912,Delta Mart 1912,Grocery,Medium,2024-04-05,Active,T+0,Alexandria,Stanley
M01913,Pyramid Cinema 1913,Entertainment,Small,2024-06-01,Active,T+1,Damietta,Faraskour
M01914,Prime Store 1914,E-Commerce,Small,2024-04-15,Active,T+2,Dakahlia,Aga - Central
M01915,Pyramid Transit 1915,Transportation,Micro,2021-04-27,Active,T+1,Giza,6th of October - Central
M01916,Delta Ride 1916,Transportation,Micro,2023-12-30,Active,T+1,Giza,Dokki - Central
M01917,Royal Bites 1917,Restaurants,Small,2021-10-23,Active,T+1,Alexandria,Smouha - Central
M01918,Nile Style 1918,Fashion,Medium,2025-11-04,Active,T+0,Dakahlia,Mit Ghamr
M01919,Cairo Care 1919,Pharmacy,Micro,2023-10-25,Active,T+1,Sharqia,Minya Al Qamh - Central
M01920,Nile Market 1920,Grocery,Medium,2021-06-30,Active,T+1,Cairo,Downtown
M01921,Family Store 1921,E-Commerce,Small,2023-10-16,Active,T+1,Cairo,Nasr City - Central
M01922,Metro Foods 1922,Grocery,Micro,2025-06-07,Active,T+0,Red Sea,Safaga
M01923,Delta Mart 1923,Grocery,Micro,2022-10-24,Active,T+1,Fayoum,Ibshaway - Central
M01924,Nile Transit 1924,Transportation,Small,2023-07-17,Active,T+1,Cairo,Downtown - Central
M01925,Urban Bites 1925,Restaurants,Medium,2024-06-29,Temporarily Suspended,T+1,Gharbia,Tanta
M01926,Elite Kitchen 1926,Restaurants,Small,2021-08-28,Active,T+1,Cairo,Heliopolis - Central
M01927,Lotus Connect 1927,Telecom,Medium,2022-12-17,Active,T+0,Cairo,Mokattam - Central
M01928,Nile Care 1928,Pharmacy,Micro,2026-03-14,Active,T+1,Red Sea,Safaga
M01929,Sun Bites 1929,Restaurants,Small,2024-11-04,Active,T+1,Assiut,Manfalut - Central
M01930,Urban Market 1930,Grocery,Small,2023-08-01,Active,T+0,Giza,Faisal - Central
M01931,Metro Mart 1931,Grocery,Small,2022-03-02,Active,T+1,Gharbia,El Mahalla El Kubra - Central
M01932,Prime Clinic 1932,Healthcare,Small,2021-11-17,Active,T+1,Dakahlia,Mit Ghamr
M01933,Green Pharmacy 1933,Pharmacy,Medium,2021-10-17,Active,T+1,Qena,Qus
M01934,Quick Wear 1934,Fashion,Medium,2025-12-24,Active,T+2,Cairo,Shubra
M01935,Cairo Health 1935,Healthcare,Medium,2021-01-30,Active,T+0,Giza,Faisal - Central
M01936,Green Cafe 1936,Restaurants,Small,2022-04-22,Active,T+1,Gharbia,Kafr El Zayat - Central
M01937,Elite Style 1937,Fashion,Medium,2022-06-07,Active,T+1,Qalyubia,Shubra El Kheima
M01938,Delta Kitchen 1938,Restaurants,Medium,2025-12-08,Active,T+2,Cairo,New Cairo
M01939,Family Transit 1939,Transportation,Enterprise,2023-07-17,Active,T+1,Giza,Imbaba
M01940,Family Ride 1940,Transportation,Small,2022-02-16,Active,T+0,Giza,Haram
M01941,Prime Kitchen 1941,Restaurants,Medium,2023-02-03,Active,T+1,Monufia,Sadat City
M01942,Blue Ride 1942,Transportation,Micro,2023-01-08,Active,T+1,Assiut,Manfalut - Central
M01943,Lotus Market 1943,Grocery,Micro,2021-02-26,Offboarded,T+1,Sharqia,10th of Ramadan - Central
M01944,Smart Market 1944,Grocery,Small,2021-05-07,Active,T+2,Damietta,Damietta
M01945,Golden Station 1945,Fuel,Micro,2023-07-02,Active,T+2,Alexandria,Agami
M01946,Prime Electronics 1946,Electronics,Micro,2023-06-16,Active,T+1,Port Said,Port Fouad
M01947,Green Store 1947,E-Commerce,Enterprise,2026-02-09,Active,T+1,Monufia,Menouf
M01948,Prime Cinema 1948,Entertainment,Micro,2023-05-28,Active,T+1,Giza,Imbaba - Central
M01949,Blue Store 1949,E-Commerce,Small,2025-11-03,Active,T+1,Giza,Imbaba
M01950,Blue Online 1950,E-Commerce,Micro,2021-10-08,Active,T+1,Giza,Imbaba
M01951,Lotus Store 1951,E-Commerce,Enterprise,2021-07-24,Active,T+2,Giza,Dokki
M01952,Prime Kitchen 1952,Restaurants,Small,2024-09-06,Active,T+1,Beheira,Damanhur
M01953,Nova Wear 1953,Fashion,Small,2024-10-08,Active,T+1,Giza,Sheikh Zayed
M01954,Urban Pharmacy 1954,Pharmacy,Micro,2022-03-31,Active,T+1,Sohag,Sohag
M01955,Prime Wear 1955,Fashion,Micro,2023-04-20,Active,T+2,Sharqia,Zagazig
M01956,Prime Transit 1956,Transportation,Small,2022-08-14,Active,Unknown,North Sinai,Bir El Abd
M01957,Prime Health 1957,Healthcare,Micro,2025-06-01,Active,T+1,Giza,Dokki - Central
M01958,Family Tech 1958,Electronics,Medium,2023-02-05,Active,T+1,Gharbia,Kafr El Zayat - Central
M01959,Family Wear 1959,Fashion,Enterprise,2024-03-14,Active,T+1,Minya,Samalut - Central
M01960,Golden Connect 1960,Telecom,Micro,2023-12-16,Active,T+1,Cairo,Shubra - Central
M01961,Blue Market 1961,Grocery,Micro,2024-04-27,Active,T+0,Giza,Haram
M01962,Golden Fun 1962,Entertainment,Micro,2021-12-31,Active,T+1,Giza,Dokki
M01963,Nile Online 1963,E-Commerce,Micro,2023-04-12,Active,T+0,Giza,Dokki
M01964,Sun Cinema 1964,Entertainment,Medium,2023-10-09,Active,T+1,Sohag,Sohag
M01965,Smart Style 1965,Fashion,Small,2021-10-18,Active,T+1,Cairo,Ain Shams
M01966,Lotus Online 1966,E-Commerce,Micro,2023-07-22,Active,T+1,Assiut,Dairut - Central
M01967,Green Mart 1967,Grocery,Medium,2023-12-24,Active,T+1,Giza,Sheikh Zayed
M01968,Royal Connect 1968,Telecom,Micro,2023-12-29,Active,T+1,Cairo,Ain Shams
M01969,Pyramid Market 1969,Grocery,Micro,2022-07-30,Active,T+1,Monufia,Shebin El Kom
M01970,Cairo Foods 1970,Grocery,Micro,2021-07-10,Active,T+2,Giza,Dokki - Central
M01971,Blue Transit 1971,Transportation,Small,2025-02-06,Active,T+1,Sharqia,Abu Hammad
M01972,Cairo Mobile 1972,Telecom,Micro,2023-04-12,Active,T+1,Giza,Sheikh Zayed
M01973,Quick Transit 1973,Transportation,Small,2021-10-09,Active,T+2,Alexandria,Borg El Arab
M01974,Cairo Market 1974,Grocery,Medium,2022-06-01,Active,T+0,Dakahlia,Mit Ghamr - Central
M01975,Nova Transit 1975,Transportation,Medium,2022-07-28,Active,T+1,Monufia,Sadat City - Central
M01976,Smart Clinic 1976,Healthcare,Micro,2021-07-11,Active,T+1,Cairo,Downtown - Central
M01977,Elite Kitchen 1977,Restaurants,Small,2022-10-18,Active,T+1,Dakahlia,Talkha
M01978,Lotus Style 1978,Fashion,Micro,2025-06-21,Active,T+1,Fayoum,Fayoum - Central
M01979,Cairo Store 1979,E-Commerce,Small,2022-09-22,Active,T+0,Cairo,Mokattam
M01980,Delta Wear 1980,Fashion,Small,2021-11-11,Active,T+2,Giza,Sheikh Zayed - Central
M01981,Royal Pharmacy 1981,Pharmacy,Micro,2023-10-09,Active,T+1,Beheira,Kafr El Dawwar
M01982,Prime Transit 1982,Transportation,Small,2024-07-30,Active,T+1,Giza,Faisal - Central
M01983,Smart Cafe 1983,Restaurants,Micro,2024-12-11,Active,T+0,Assiut,Assiut
M01984,Green Bites 1984,Restaurants,Small,2025-07-04,Active,T+1,Giza,Sheikh Zayed - Central
M01985,Lotus Transit 1985,Transportation,Small,2024-08-16,Temporarily Suspended,T+1,Alexandria,Miami - Central
M01986,Pyramid Learning 1986,Education,Micro,2022-04-15,Active,T+2,Fayoum,Ibshaway
M01987,Family Academy 1987,Education,Micro,2025-12-08,Active,T+0,Giza,Haram
M01988,Urban Care 1988,Pharmacy,Small,2024-02-25,Active,T+1,Qalyubia,Obour
M01989,Green Ride 1989,Transportation,Micro,2023-09-14,Active,T+0,Assiut,Dairut - Central
M01990,Sun Ride 1990,Transportation,Enterprise,2021-01-09,Active,T+1,Sohag,Akhmim
M01991,Family Style 1991,Fashion,Small,2023-03-16,Active,T+2,Cairo,Mokattam
M01992,Metro Store 1992,E-Commerce,Micro,2023-08-12,Active,T+1,Gharbia,Zefta - Central
M01993,Lotus Transit 1993,Transportation,Micro,2023-07-28,Active,T+1,Cairo,New Cairo
M01994,Sun Learning 1994,Education,Micro,2023-10-11,Active,T+2,Sharqia,Belbeis
M01995,Nova Market 1995,Grocery,Micro,2021-08-22,Active,T+1,Dakahlia,Talkha - Central
M01996,Blue Care 1996,Pharmacy,Medium,2024-02-02,Active,T+0,Giza,Faisal - Central
M01997,Urban Wear 1997,Fashion,Small,2024-12-31,Active,T+0,Alexandria,Stanley
M01998,Sun Style 1998,Fashion,Medium,2021-02-08,Offboarded,T+1,Cairo,Downtown - Central
M01999,Urban Online 1999,E-Commerce,Micro,2023-01-21,Active,T+2,Dakahlia,Mansoura
M02000,Elite Style 2000,Fashion,Small,2022-12-11,Active,T+0,Sharqia,Belbeis
M02001,Metro Clinic 2001,Healthcare,Small,2023-01-27,Active,T+1,Port Said,Port Said - Central
M02002,Metro Academy 2002,Education,Small,2021-01-24,Active,T+1,Sohag,Sohag
M02003,Elite Learning 2003,Education,Micro,2024-10-15,Active,T+1,Giza,6th of October - Central
M02004,Prime Cinema 2004,Entertainment,Small,2024-02-09,Active,T+2,Qalyubia,Obour
M02005,Prime Wear 2005,Fashion,Small,2024-02-03,Active,T+2,Beheira,Rashid
M02006,Prime Clinic 2006,Healthcare,Medium,2023-01-27,Active,T+0,Cairo,Ain Shams
M02007,Royal Style 2007,Fashion,Micro,2023-05-26,Temporarily Suspended,T+1,Cairo,Downtown - Central
M02008,Nova Mart 2008,Grocery,Micro,2024-08-02,Active,T+1,Monufia,Ashmoun - Central
M02009,Nova Care 2009,Pharmacy,Micro,2024-11-29,Active,T+2,Alexandria,Smouha
M02010,Smart Learning 2010,Education,Micro,2023-07-30,Active,T+0,Beni Suef,Beni Suef - Central
M02011,Pyramid Care 2011,Pharmacy,Small,2023-11-30,Active,T+1,Giza,Imbaba - Central
M02012,Pyramid Cafe 2012,Restaurants,Enterprise,2022-05-25,Active,T+1,Cairo,Shubra - Central
M02013,Sun Station 2013,Fuel,Small,2021-05-26,Active,T+1,Fayoum,Sinnuris - Central
M02014,Golden Bites 2014,Restaurants,Medium,2021-04-17,Active,T+1,Giza,Imbaba
M02015,Royal Fun 2015,Entertainment,Small,2023-12-08,Active,T+2,Alexandria,Borg El Arab
M02016,Nile Wear 2016,Fashion,Micro,2026-01-09,Active,T+1,Alexandria,Miami
M02017,Golden Transit 2017,Transportation,Small,2023-08-04,Active,T+2,Cairo,New Cairo
M02018,Pyramid Style 2018,Fashion,Small,2023-09-25,Active,T+1,Sharqia,10th of Ramadan - Central
M02019,Family Market 2019,Grocery,Micro,2022-11-11,Active,T+1,Qena,Nag Hammadi
M02020,Nova Cinema 2020,Entertainment,Micro,2023-03-22,Active,T+1,Cairo,Heliopolis
M02021,Quick Bites 2021,Restaurants,Medium,2021-01-13,Active,T+1,Giza,Imbaba - Central
M02022,Cairo Transit 2022,Transportation,Micro,2021-12-31,Active,T+2,Giza,Faisal - Central
M02023,Royal Pharmacy 2023,Pharmacy,Micro,2023-06-09,Active,T+1,Red Sea,Marsa Alam
M02024,Delta Tech 2024,Electronics,Enterprise,2021-11-16,Active,T+2,Cairo,Mokattam - Central
M02025,Elite Care 2025,Pharmacy,Micro,2023-06-20,Active,T+2,Qena,Nag Hammadi
M02026,Quick Clinic 2026,Healthcare,Micro,2021-08-04,Active,T+1,Port Said,Port Fouad
M02027,Family Fuel 2027,Fuel,Medium,2021-04-16,Active,T+1,Suez,Suez
M02028,Quick Electronics 2028,Electronics,Small,2023-03-26,Active,T+1,Cairo,Ain Shams - Central
M02029,Cairo Foods 2029,Grocery,Micro,2022-03-20,Temporarily Suspended,T+0,Alexandria,Stanley
M02030,Urban Cafe 2030,Restaurants,Micro,2024-07-25,Active,T+1,Cairo,Ain Shams
M02031,Delta Ride 2031,Transportation,Small,2021-11-21,Active,T+1,Sharqia,Abu Hammad - Central
M02032,Smart Market 2032,Grocery,Micro,2022-09-15,Active,T+1,Beheira,Rashid - Central
M02033,Blue Electronics 2033,Electronics,Small,2023-10-12,Active,T+0,Giza,6th of October - Central
M02034,Quick Academy 2034,Education,Micro,2026-02-07,Active,T+1,Alexandria,Borg El Arab
M02035,Sun Ride 2035,Transportation,Small,2023-10-07,Active,T+1,Cairo,Mokattam - Central
M02036,Prime Pharmacy 2036,Pharmacy,Small,2025-08-05,Active,T+1,Cairo,Heliopolis
M02037,Quick Wear 2037,Fashion,Small,2023-09-12,Active,T+0,Dakahlia,Mit Ghamr
M02038,Blue Bites 2038,Restaurants,Small,2024-12-22,Active,T+1,Giza,Mohandessin - Central
M02039,Pyramid Wear 2039,Fashion,Medium,2021-03-11,Active,T+1,Cairo,Maadi
M02040,Family Ride 2040,Transportation,Medium,2021-05-14,Active,T+0,Port Said,Port Said
M02041,Sun Market 2041,Grocery,Micro,2022-03-10,Active,T+1,Beheira,Rashid
M02042,Green Foods 2042,Grocery,Medium,2021-02-08,Active,T+0,Sharqia,Abu Hammad
M02043,Quick Pharmacy 2043,Pharmacy,Micro,2021-03-11,Active,T+1,Minya,Samalut - Central
M02044,Smart Mart 2044,Grocery,Micro,2025-11-14,Active,T+1,Dakahlia,Belqas - Central
M02045,Cairo Cafe 2045,Restaurants,Micro,2024-09-30,Active,T+1,Dakahlia,Mit Ghamr
M02046,Green Wear 2046,Fashion,Medium,2023-01-09,Active,T+1,Cairo,Heliopolis
M02047,Urban Kitchen 2047,Restaurants,Micro,2023-01-17,Active,T+1,Alexandria,Agami - Central
M02048,Nile Tech 2048,Electronics,Micro,2023-06-11,Active,T+2,Matrouh,Marsa Matrouh
M02049,Family Pharmacy 2049,Pharmacy,Enterprise,2024-12-31,Active,T+0,Cairo,Downtown - Central
M02050,Sun Cafe 2050,Restaurants,Micro,2023-10-17,Active,T+1,Cairo,Nasr City - Central
M02051,Lotus Tech 2051,Electronics,Small,2024-01-10,Active,T+2,Qena,Qena
M02052,Metro Fun 2052,Entertainment,Small,2021-06-11,Active,T+2,Sohag,Tahta
M02053,Green Health 2053,Healthcare,Micro,2022-12-01,Active,T+1,Assiut,Dairut - Central
M02054,Prime Station 2054,Fuel,Medium,2024-06-12,Temporarily Suspended,T+1,Giza,Dokki - Central
M02055,Golden Online 2055,E-Commerce,Micro,2022-08-12,Temporarily Suspended,T+1,Beni Suef,Beni Suef
M02056,Nile Kitchen 2056,Restaurants,Medium,2024-03-02,Active,T+1,Cairo,Shubra
M02057,Urban Care 2057,Pharmacy,Medium,2023-05-31,Active,T+2,Beheira,Kafr El Dawwar
M02058,Blue Mart 2058,Grocery,Micro,2021-07-01,Active,T+0,Gharbia,Kafr El Zayat
M02059,Green Store 2059,E-Commerce,Small,2024-05-20,Active,T+0,Giza,6th of October - Central
M02060,Quick Connect 2060,Telecom,Micro,2021-12-23,Active,T+2,Qena,Qena
M02061,Family Ride 2061,Transportation,Micro,2022-05-29,Active,T+1,Damietta,Faraskour
M02062,Smart Online 2062,E-Commerce,Micro,2023-03-03,Active,T+1,Sharqia,Belbeis
M02063,Sun Electronics 2063,Electronics,Small,2021-10-27,Active,T+2,Luxor,Luxor
M02064,Golden Style 2064,Fashion,Micro,2024-07-12,Active,T+1,Cairo,Heliopolis
M02065,Cairo Electronics 2065,Electronics,Micro,2021-05-17,Active,T+2,North Sinai,Arish
M02066,Pyramid Market 2066,Grocery,Micro,2025-12-14,Active,T+2,Alexandria,Agami
M02067,Nova Mart 2067,Grocery,Medium,2021-05-16,Active,T+1,Giza,Haram
M02068,Urban Transit 2068,Transportation,Micro,2022-05-06,Active,T+1,Giza,Mohandessin
M02069,Sun Fuel 2069,Fuel,Micro,2024-03-26,Active,T+0,Giza,Imbaba - Central
M02070,Smart Mobile 2070,Telecom,Enterprise,2024-02-01,Active,T+2,Sharqia,10th of Ramadan - Central
M02071,Metro Station 2071,Fuel,Medium,2023-04-29,Active,T+1,Assiut,Assiut
M02072,Family Online 2072,E-Commerce,Small,2023-10-13,Active,T+2,Gharbia,Zefta
M02073,Nile Foods 2073,Grocery,Enterprise,2022-01-26,Active,T+1,Alexandria,Agami
M02074,Pyramid Health 2074,Healthcare,Micro,2024-12-02,Active,T+2,Suez,Suez - Central
M02075,Nile Online 2075,E-Commerce,Micro,2023-03-08,Active,T+2,Cairo,Ain Shams - Central
M02076,Cairo Clinic 2076,Healthcare,Micro,2024-03-05,Active,T+1,Minya,Beni Mazar - Central
M02077,Urban Learning 2077,Education,Micro,2021-09-03,Active,T+1,Beni Suef,New Beni Suef - Central
M02078,Prime Bites 2078,Restaurants,Micro,2023-07-08,Active,T+1,Sharqia,Zagazig - Central
M02079,Sun Pharmacy 2079,Pharmacy,Medium,2026-02-27,Active,T+1,Cairo,Downtown
M02080,Prime Tech 2080,Electronics,Small,2023-11-15,Offboarded,T+1,Cairo,New Cairo - Central
M02081,Lotus Cinema 2081,Entertainment,Micro,2022-01-29,Active,T+0,Beheira,Nubaria
M02082,Family Cafe 2082,Restaurants,Enterprise,2025-01-28,Active,T+1,Qena,Nag Hammadi
M02083,Elite Tech 2083,Electronics,Micro,2022-03-31,Active,T+1,Alexandria,Sidi Gaber
M02084,Smart Learning 2084,Education,Small,2024-12-21,Active,T+1,Dakahlia,Aga
M02085,Green Ride 2085,Transportation,Micro,2022-08-28,Active,T+0,Qena,Qena
M02086,Nile Health 2086,Healthcare,Medium,2024-01-16,Active,T+1,Kafr El Sheikh,Kafr El Sheikh - Central
M02087,Blue Online 2087,E-Commerce,Medium,2021-01-09,Active,T+1,Dakahlia,Belqas - Central
M02088,Blue Market 2088,Grocery,Medium,2024-10-13,Active,T+2,Minya,Beni Mazar
M02089,Smart Market 2089,Grocery,Medium,2021-03-04,Active,T+1,Alexandria,Stanley - Central
M02090,Sun Station 2090,Fuel,Micro,2023-09-27,Active,T+2,Fayoum,Fayoum - Central
M02091,Nile Learning 2091,Education,Micro,2026-01-23,Active,T+0,Sohag,Akhmim
M02092,Golden Online 2092,E-Commerce,Micro,2023-03-09,Active,T+1,Giza,Haram
M02093,Urban Cafe 2093,Restaurants,Small,2024-08-02,Active,T+1,Alexandria,Stanley - Central
M02094,Smart Mobile 2094,Telecom,Small,2023-05-27,Active,T+2,Kafr El Sheikh,Sidi Salem - Central
M02095,Pyramid Online 2095,E-Commerce,Medium,2021-01-17,Active,T+1,Dakahlia,Talkha
M02096,Prime Clinic 2096,Healthcare,Medium,2022-09-03,Active,T+0,Beheira,Damanhur - Central
M02097,Urban Ride 2097,Transportation,Small,2022-12-22,Active,T+1,Alexandria,Borg El Arab - Central
M02098,Sun Fuel 2098,Fuel,Micro,2022-08-17,Active,T+1,Qalyubia,Shubra El Kheima - Central
M02099,Cairo Cafe 2099,Restaurants,Small,2024-04-13,Active,T+2,Dakahlia,Mansoura - Central
M02100,Quick Clinic 2100,Healthcare,Micro,2022-08-27,Active,T+1,Dakahlia,Belqas - Central
M02101,Golden Market 2101,Grocery,Enterprise,2024-11-06,Active,T+1,Alexandria,Stanley - Central
M02102,Pyramid Health 2102,Healthcare,Micro,2026-04-04,Active,T+1,Giza,6th of October - Central
M02103,Nova Ride 2103,Transportation,Small,2023-01-11,Active,T+1,Dakahlia,Mit Ghamr
M02104,Delta Health 2104,Healthcare,Micro,2025-07-20,Active,T+2,Beni Suef,Nasser - Central
M02105,Nova Academy 2105,Education,Micro,2025-08-22,Active,T+1,Giza,Imbaba
M02106,Smart Bites 2106,Restaurants,Small,2024-11-27,Active,T+1,Qena,Qena
M02107,Lotus Style 2107,Fashion,Small,2023-09-15,Active,T+1,Monufia,Shebin El Kom - Central
M02108,Smart Bites 2108,Restaurants,Enterprise,2024-08-30,Active,T+1,Minya,Beni Mazar - Central
M02109,Nova Transit 2109,Transportation,Small,2025-05-11,Active,T+2,Monufia,Ashmoun - Central
M02110,Quick Connect 2110,Telecom,Small,2025-10-18,Active,T+1,Aswan,Edfu
M02111,Pyramid Kitchen 2111,Restaurants,Small,2021-07-11,Active,T+1,Giza,Dokki - Central
M02112,Smart Transit 2112,Transportation,Small,2021-10-10,Active,T+1,Alexandria,Miami
M02113,Cairo Online 2113,E-Commerce,Micro,2025-01-08,Active,T+2,Cairo,Maadi
M02114,Nile Cafe 2114,Restaurants,Enterprise,2021-07-06,Active,T+2,Giza,Haram
M02115,Smart Mobile 2115,Telecom,Small,2023-10-25,Active,T+1,Sohag,Girga
M02116,Elite Mart 2116,Grocery,Micro,2024-09-17,Offboarded,T+0,Beheira,Kafr El Dawwar - Central
M02117,Metro Electronics 2117,Electronics,Micro,2024-11-27,Active,T+1,Cairo,Ain Shams
M02118,Royal Bites 2118,Restaurants,Micro,2023-01-25,Active,T+1,Giza,6th of October - Central
M02119,Lotus Fuel 2119,Fuel,Small,2021-07-01,Active,T+1,Assiut,New Assiut
M02120,Cairo Care 2120,Pharmacy,Medium,2025-05-28,Active,T+1,Cairo,Ain Shams
M02121,Delta Cafe 2121,Restaurants,Medium,2024-02-02,Temporarily Suspended,T+1,Cairo,Nasr City - Central
M02122,Nile Clinic 2122,Healthcare,Medium,2021-07-15,Active,T+2,Alexandria,Smouha
M02123,Pyramid Kitchen 2123,Restaurants,Medium,2025-04-15,Active,T+1,Giza,Imbaba - Central
M02124,Blue Electronics 2124,Electronics,Micro,2023-09-21,Active,T+1,Sharqia,Zagazig - Central
M02125,Smart Market 2125,Grocery,Medium,2023-11-26,Active,T+1,Dakahlia,Mit Ghamr - Central
M02126,Elite Electronics 2126,Electronics,Micro,2024-11-17,Active,T+1,Alexandria,Stanley - Central
M02127,Lotus Store 2127,E-Commerce,Micro,2024-07-04,Active,T+2,Cairo,Nasr City - Central
M02128,Sun Fuel 2128,Fuel,Medium,2021-07-15,Temporarily Suspended,T+2,Cairo,Ain Shams
M02129,Urban Style 2129,Fashion,Micro,2021-02-10,Active,T+1,Cairo,Heliopolis - Central
M02130,Nova Store 2130,E-Commerce,Enterprise,2025-03-23,Active,T+1,Aswan,Aswan
M02131,Quick Ride 2131,Transportation,Medium,2023-05-31,Active,T+1,Monufia,Sadat City
M02132,Prime Kitchen 2132,Restaurants,Small,2022-06-21,Active,T+0,Giza,Imbaba
M02133,Lotus Bites 2133,Restaurants,Enterprise,2023-03-23,Active,T+1,Suez,Suez - Central
M02134,Golden Pharmacy 2134,Pharmacy,Micro,2024-01-05,Active,T+1,Giza,Sheikh Zayed
M02135,Lotus Pharmacy 2135,Pharmacy,Small,2024-02-26,Active,T+0,Sharqia,Minya Al Qamh
M02136,Sun Market 2136,Grocery,Micro,2024-06-05,Active,T+2,Cairo,New Cairo
M02137,Nova Transit 2137,Transportation,Medium,2025-02-13,Active,T+0,Alexandria,Agami
M02138,Smart Foods 2138,Grocery,Small,2022-01-17,Active,T+1,Aswan,Edfu
M02139,Royal Foods 2139,Grocery,Enterprise,2021-12-25,Active,T+1,Luxor,Esna
M02140,Smart Learning 2140,Education,Micro,2026-05-10,Active,T+1,Monufia,Ashmoun
M02141,Delta Style 2141,Fashion,Small,2021-09-21,Active,T+2,Giza,Faisal - Central
M02142,Royal Academy 2142,Education,Micro,2022-04-26,Active,T+1,Port Said,Port Fouad
M02143,Delta Cafe 2143,Restaurants,Medium,2022-11-23,Active,T+2,Giza,Sheikh Zayed
M02144,Pyramid Health 2144,Healthcare,Small,2021-02-02,Active,T+1,Cairo,Downtown
M02145,Metro Kitchen 2145,Restaurants,Micro,2024-08-06,Active,T+1,Giza,Dokki - Central
M02146,Sun Online 2146,E-Commerce,Micro,2024-02-04,Active,T+1,Cairo,Mokattam - Central
M02147,Cairo Store 2147,E-Commerce,Micro,2021-07-06,Active,T+1,Alexandria,Stanley
M02148,Delta Cafe 2148,Restaurants,Small,2024-07-14,Active,T+1,Qalyubia,Khanka
M02149,Golden Ride 2149,Transportation,Small,2023-12-21,Active,T+1,Matrouh,Marsa Matrouh
M02150,Delta Mart 2150,Grocery,Micro,2023-02-24,Active,T+1,Matrouh,Marsa Matrouh
M02151,Prime Bites 2151,Restaurants,Medium,2022-06-24,Active,T+0,Alexandria,Smouha
M02152,Golden Care 2152,Pharmacy,Small,2024-03-04,Active,T+1,Cairo,Maadi - Central
M02153,Lotus Tech 2153,Electronics,Micro,2022-04-18,Active,T+1,Sharqia,Zagazig
M02154,Elite Transit 2154,Transportation,Small,2021-08-08,Active,T+1,Giza,Faisal - Central
M02155,Prime Foods 2155,Grocery,Small,2022-06-05,Active,T+1,Giza,Dokki - Central
M02156,Prime Care 2156,Pharmacy,Small,2022-05-24,Active,T+1,Giza,6th of October - Central
M02157,Metro Mart 2157,Grocery,Medium,2025-12-25,Active,T+1,Alexandria,Miami - Central
M02158,Green Wear 2158,Fashion,Micro,2021-05-06,Active,T+0,Giza,Dokki
M02159,Nova Clinic 2159,Healthcare,Small,2025-10-09,Active,T+1,Alexandria,Sidi Gaber - Central
M02160,Green Style 2160,Fashion,Micro,2025-08-09,Active,T+1,Suez,Suez
M02161,Family Mobile 2161,Telecom,Small,2021-06-10,Temporarily Suspended,T+1,Giza,Imbaba - Central
M02162,Urban Foods 2162,Grocery,Micro,2022-06-30,Active,T+1,Sohag,Tahta
M02163,Prime Store 2163,E-Commerce,Medium,2021-01-22,Active,T+1,Cairo,Downtown - Central
M02164,Urban Style 2164,Fashion,Micro,2025-09-07,Active,T+0,Cairo,Ain Shams - Central
M02165,Family Clinic 2165,Healthcare,Small,2022-03-19,Active,T+1,Alexandria,Miami - Central
M02166,Delta Tech 2166,Electronics,Medium,2023-02-11,Active,T+1,Cairo,Mokattam
M02167,Golden Transit 2167,Transportation,Medium,2024-10-26,Active,T+1,Dakahlia,Mansoura
M02168,Royal Clinic 2168,Healthcare,Small,2022-02-16,Active,T+1,Cairo,Downtown
M02169,Royal Ride 2169,Transportation,Small,2021-01-18,Active,T+1,Fayoum,Sinnuris - Central
M02170,Cairo Style 2170,Fashion,Small,2023-11-16,Active,T+1,Cairo,Maadi
M02171,Delta Fun 2171,Entertainment,Micro,2021-11-10,Active,T+1,Cairo,Nasr City - Central
M02172,Metro Pharmacy 2172,Pharmacy,Medium,2023-06-05,Active,T+1,Beni Suef,Beni Suef
M02173,Pyramid Mart 2173,Grocery,Medium,2023-06-19,Active,T+1,Assiut,Dairut
M02174,Sun Bites 2174,Restaurants,Small,2021-04-02,Active,T+1,Monufia,Sadat City - Central
M02175,Delta Store 2175,E-Commerce,Medium,2023-03-30,Active,T+1,Monufia,Menouf
M02176,Urban Care 2176,Pharmacy,Micro,2023-07-17,Active,T+0,Port Said,Port Said - Central
M02177,Nova Style 2177,Fashion,Medium,2025-03-04,Active,T+1,Giza,Mohandessin - Central
M02178,Urban Kitchen 2178,Restaurants,Small,2025-12-11,Active,T+1,Ismailia,Qantara
M02179,Lotus Mart 2179,Grocery,Small,2025-10-04,Active,T+2,Suez,Suez - Central
M02180,Cairo Station 2180,Fuel,Enterprise,2022-01-30,Active,T+0,Alexandria,Sidi Gaber - Central
M02181,Delta Tech 2181,Electronics,Small,2022-09-06,Active,T+1,Giza,Sheikh Zayed - Central
M02182,Sun Ride 2182,Transportation,Small,2022-01-27,Active,T+1,Alexandria,Agami - Central
M02183,Family Tech 2183,Electronics,Small,2024-08-12,Active,T+1,Beni Suef,Nasser - Central
M02184,Nile Style 2184,Fashion,Micro,2026-01-11,Active,T+0,Alexandria,Sidi Gaber
M02185,Golden Pharmacy 2185,Pharmacy,Enterprise,2023-07-08,Active,T+2,Giza,Haram
M02186,Golden Care 2186,Pharmacy,Medium,2021-02-04,Active,T+1,Giza,6th of October
M02187,Metro Transit 2187,Transportation,Medium,2024-01-10,Active,T+1,Giza,Mohandessin - Central
M02188,Nile Transit 2188,Transportation,Small,2024-10-25,Active,T+2,Cairo,Nasr City - Central
M02189,Delta Pharmacy 2189,Pharmacy,Small,2021-09-16,Active,T+1,Giza,Dokki
M02190,Elite Fun 2190,Entertainment,Enterprise,2026-01-04,Active,T+1,Alexandria,Smouha - Central
M02191,Golden Health 2191,Healthcare,Micro,2023-05-07,Active,T+2,Monufia,Ashmoun - Central
M02192,Royal Fuel 2192,Fuel,Small,2024-03-18,Active,T+2,Beheira,Damanhur - Central
M02193,Blue Mart 2193,Grocery,Micro,2021-10-10,Active,T+1,Giza,6th of October
M02194,Sun Care 2194,Pharmacy,Small,2023-07-07,Active,T+1,Minya,Beni Mazar - Central
M02195,Lotus Pharmacy 2195,Pharmacy,Small,2023-12-04,Active,T+1,Cairo,Heliopolis - Central
M02196,Lotus Learning 2196,Education,Small,2024-09-10,Active,T+1,Cairo,New Cairo
M02197,Metro Pharmacy 2197,Pharmacy,Micro,2023-04-17,Active,T+2,Sohag,Akhmim
M02198,Metro Wear 2198,Fashion,Micro,2021-03-06,Active,T+1,Gharbia,El Mahalla El Kubra - Central
M02199,Pyramid Wear 2199,Fashion,Small,2025-11-24,Active,T+1,Qena,Qus
M02200,Metro Care 2200,Pharmacy,Small,2022-03-11,Active,T+0,Giza,Sheikh Zayed
M02201,Urban Kitchen 2201,Restaurants,Medium,2024-07-31,Active,T+1,Fayoum,Fayoum
M02202,Urban Mart 2202,Grocery,Enterprise,2023-02-16,Active,T+1,Cairo,New Cairo - Central
M02203,Golden Wear 2203,Fashion,Micro,2023-05-26,Active,T+1,Alexandria,Borg El Arab - Central
M02204,Nova Electronics 2204,Electronics,Medium,2022-09-17,Active,T+1,Cairo,Mokattam - Central
M02205,Smart Mart 2205,Grocery,Micro,2022-03-07,Active,T+1,Giza,Faisal
M02206,Golden Care 2206,Pharmacy,Micro,2021-11-08,Active,T+0,Monufia,Sadat City
M02207,Nile Mart 2207,Grocery,Micro,2021-11-24,Active,T+1,Cairo,Downtown
M02208,Family Fun 2208,Entertainment,Micro,2022-06-02,Active,T+1,Cairo,New Cairo
M02209,Urban Mart 2209,Grocery,Micro,2021-06-20,Active,T+1,Beni Suef,Beni Suef
M02210,Sun Pharmacy 2210,Pharmacy,Micro,2022-08-05,Active,T+1,Qalyubia,Qalyub - Central
M02211,Lotus Ride 2211,Transportation,Micro,2023-09-06,Active,T+1,Giza,Sheikh Zayed - Central
M02212,Smart Transit 2212,Transportation,Small,2022-08-22,Active,T+1,Gharbia,Tanta - Central
M02213,Prime Style 2213,Fashion,Small,2022-10-05,Active,T+1,Cairo,Mokattam - Central
M02214,Delta Foods 2214,Grocery,Small,2023-08-20,Active,T+0,Giza,6th of October - Central
M02215,Pyramid Academy 2215,Education,Micro,2023-02-03,Active,T+0,Giza,6th of October - Central
M02216,Prime Store 2216,E-Commerce,Small,2021-03-14,Active,T+1,Ismailia,Fayed
M02217,Nova Kitchen 2217,Restaurants,Small,2022-03-24,Active,T+1,Giza,Dokki
M02218,Golden Pharmacy 2218,Pharmacy,Medium,2021-07-02,Active,T+0,Minya,Beni Mazar
M02219,Prime Kitchen 2219,Restaurants,Small,2025-11-21,Active,T+1,Cairo,Shubra
M02220,Lotus Station 2220,Fuel,Micro,2021-10-18,Active,T+2,Beni Suef,Nasser
M02221,Golden Kitchen 2221,Restaurants,Micro,2021-02-02,Active,T+1,Assiut,Manfalut - Central
M02222,Metro Market 2222,Grocery,Micro,2024-12-24,Active,T+1,Cairo,Heliopolis
M02223,Smart Ride 2223,Transportation,Medium,2021-04-25,Active,T+0,Dakahlia,Mansoura - Central
M02224,Metro Care 2224,Pharmacy,Medium,2021-03-29,Active,T+1,Giza,Sheikh Zayed
M02225,Cairo Mart 2225,Grocery,Medium,2022-03-15,Active,T+1,Beheira,Rashid
M02226,Metro Online 2226,E-Commerce,Micro,2026-05-28,Active,T+2,Cairo,Heliopolis
M02227,Pyramid Transit 2227,Transportation,Enterprise,2025-12-03,Active,T+0,Dakahlia,Mit Ghamr - Central
M02228,Royal Station 2228,Fuel,Small,2025-05-26,Active,T+2,Cairo,Maadi
M02229,Urban Wear 2229,Fashion,Small,2023-09-14,Active,T+0,Minya,Beni Mazar
M02230,Lotus Station 2230,Fuel,Small,2023-03-20,Active,T+1,Cairo,Ain Shams - Central
M02231,Royal Market 2231,Grocery,Micro,2023-08-31,Active,T+1,Minya,Mallawi
M02232,Quick Mobile 2232,Telecom,Small,2022-06-19,Active,T+1,Giza,Mohandessin
M02233,Blue Market 2233,Grocery,Small,2022-03-23,Active,T+0,Alexandria,Miami
M02234,Golden Connect 2234,Telecom,Micro,2024-05-29,Active,T+1,Monufia,Ashmoun - Central
M02235,Blue Wear 2235,Fashion,Medium,2024-11-26,Active,T+0,Gharbia,Tanta
M02236,Prime Learning 2236,Education,Small,2022-12-27,Active,T+1,Qalyubia,Qalyub
M02237,Nova Store 2237,E-Commerce,Small,2024-10-20,Active,T+1,Giza,Faisal - Central
M02238,Green Tech 2238,Electronics,Medium,2023-09-04,Active,T+0,Cairo,Heliopolis - Central
M02239,Golden Fuel 2239,Fuel,Micro,2024-10-05,Active,T+2,Sharqia,Abu Hammad - Central
M02240,Sun Ride 2240,Transportation,Enterprise,2024-09-25,Offboarded,T+2,Cairo,Maadi
M02241,Family Cafe 2241,Restaurants,Micro,2021-04-06,Active,T+1,Cairo,New Cairo - Central
M02242,Urban Learning 2242,Education,Medium,2024-01-29,Active,T+0,Beheira,Damanhur - Central
M02243,Quick Ride 2243,Transportation,Micro,2024-02-24,Active,T+0,Cairo,Downtown - Central
M02244,Green Learning 2244,Education,Micro,2024-02-25,Active,T+1,Giza,Imbaba - Central
M02245,Green Kitchen 2245,Restaurants,Small,2024-12-18,Active,T+2,Giza,Imbaba - Central
M02246,Lotus Mobile 2246,Telecom,Medium,2026-05-19,Active,T+2,Gharbia,Tanta
M02247,Nile Tech 2247,Electronics,Enterprise,2025-10-29,Active,T+1,Alexandria,Borg El Arab - Central
M02248,Smart Care 2248,Pharmacy,Micro,2024-02-06,Active,T+1,Beheira,Rashid
M02249,Green Foods 2249,Grocery,Enterprise,2023-07-12,Active,T+2,Cairo,Heliopolis - Central
M02250,Sun Health 2250,Healthcare,Medium,2022-06-14,Active,T+0,Sharqia,Zagazig - Central
M02251,Quick Learning 2251,Education,Medium,2024-11-14,Active,T+1,Sharqia,10th of Ramadan - Central
M02252,Urban Cafe 2252,Restaurants,Medium,2024-03-31,Active,T+0,Giza,6th of October
M02253,Delta Fuel 2253,Fuel,Micro,2024-12-10,Active,T+1,Cairo,Nasr City - Central
M02254,Blue Wear 2254,Fashion,Micro,2021-07-23,Active,T+1,Matrouh,El Alamein
M02255,Quick Market 2255,Grocery,Medium,2022-04-07,Temporarily Suspended,T+2,Giza,Faisal - Central
M02256,Blue Online 2256,E-Commerce,Micro,2021-03-03,Active,T+2,Giza,Dokki
M02257,Urban Ride 2257,Transportation,Small,2023-06-24,Active,T+1,Giza,Dokki - Central
M02258,Urban Electronics 2258,Electronics,Small,2023-11-25,Active,T+1,Beheira,Damanhur
M02259,Nile Online 2259,E-Commerce,Micro,2025-10-28,Active,T+1,Alexandria,Agami
M02260,Metro Fuel 2260,Fuel,Micro,2024-04-11,Active,T+1,Monufia,Ashmoun
M02261,Royal Tech 2261,Electronics,Medium,2024-03-09,Active,T+1,Sharqia,Abu Hammad - Central
M02262,Elite Online 2262,E-Commerce,Medium,2021-06-17,Active,T+2,Giza,Haram - Central
M02263,Nile Market 2263,Grocery,Medium,2021-04-12,Active,T+0,Fayoum,Ibshaway
M02264,Elite Mart 2264,Grocery,Small,2023-06-06,Active,T+1,Damietta,Faraskour - Central
M02265,Lotus Transit 2265,Transportation,Enterprise,2022-06-03,Active,T+1,Dakahlia,Aga
M02266,Urban Market 2266,Grocery,Micro,2022-06-01,Active,T+1,Alexandria,Smouha - Central
M02267,Metro Market 2267,Grocery,Micro,2025-06-12,Active,T+2,Cairo,Shubra - Central
M02268,Royal Care 2268,Pharmacy,Medium,2024-01-04,Active,T+0,Cairo,Maadi - Central
M02269,Urban Kitchen 2269,Restaurants,Medium,2022-06-08,Active,Unknown,Qalyubia,Banha - Central
M02270,Elite Online 2270,E-Commerce,Micro,2022-03-09,Active,T+1,Cairo,Ain Shams - Central
M02271,Green Health 2271,Healthcare,Micro,2024-11-03,Active,T+1,Fayoum,Sinnuris
M02272,Cairo Online 2272,E-Commerce,Small,2023-05-09,Active,T+1,Monufia,Ashmoun - Central
M02273,Royal Wear 2273,Fashion,Small,2023-05-27,Active,T+1,Qalyubia,Obour - Central
M02274,Lotus Learning 2274,Education,Medium,2023-11-02,Active,T+1,Cairo,Shubra - Central
M02275,Metro Clinic 2275,Healthcare,Small,2021-01-20,Active,T+2,Alexandria,Miami - Central
M02276,Metro Electronics 2276,Electronics,Medium,2023-03-18,Active,T+1,Cairo,Ain Shams
M02277,Blue Learning 2277,Education,Medium,2025-12-02,Active,T+2,Cairo,Nasr City - Central
M02278,Cairo Kitchen 2278,Restaurants,Micro,2022-06-02,Active,T+0,Giza,Mohandessin
M02279,Pyramid Style 2279,Fashion,Medium,2024-01-17,Active,T+1,Cairo,Mokattam - Central
M02280,Nile Connect 2280,Telecom,Small,2025-08-05,Active,T+1,Matrouh,Marsa Matrouh
M02281,Sun Pharmacy 2281,Pharmacy,Small,2022-10-19,Active,T+1,Fayoum,Sinnuris - Central
M02282,Lotus Kitchen 2282,Restaurants,Micro,2021-10-18,Active,T+1,Cairo,New Cairo - Central
M02283,Blue Online 2283,E-Commerce,Small,2021-06-06,Active,T+1,Dakahlia,Talkha
M02284,Smart Style 2284,Fashion,Micro,2021-11-07,Active,T+2,Suez,Suez
M02285,Lotus Transit 2285,Transportation,Micro,2021-05-15,Active,T+1,Alexandria,Sidi Gaber - Central
M02286,Family Foods 2286,Grocery,Small,2024-07-10,Active,T+0,Gharbia,Kafr El Zayat
M02287,Blue Kitchen 2287,Restaurants,Small,2026-02-10,Active,T+0,Giza,Dokki - Central
M02288,Lotus Transit 2288,Transportation,Medium,2023-07-17,Active,T+1,Beni Suef,Beni Suef - Central
M02289,Elite Ride 2289,Transportation,Medium,2024-11-15,Active,T+1,Cairo,Heliopolis - Central
M02290,Green Care 2290,Pharmacy,Micro,2022-12-24,Active,T+0,Cairo,Mokattam
M02291,Nova Care 2291,Pharmacy,Small,2024-08-01,Active,T+1,Dakahlia,Mansoura
M02292,Nova Store 2292,E-Commerce,Small,2021-08-06,Active,T+0,Red Sea,Marsa Alam
M02293,Metro Market 2293,Grocery,Small,2022-10-14,Active,T+2,Sharqia,Abu Hammad
M02294,Golden Transit 2294,Transportation,Enterprise,2024-05-23,Active,T+1,Dakahlia,Talkha - Central
M02295,Urban Care 2295,Pharmacy,Micro,2022-08-31,Active,T+1,Cairo,Ain Shams
M02296,Royal Foods 2296,Grocery,Micro,2024-05-19,Active,T+1,South Sinai,El Tor
M02297,Green Pharmacy 2297,Pharmacy,Micro,2024-03-17,Active,T+1,Cairo,Mokattam - Central
M02298,Smart Cafe 2298,Restaurants,Small,2024-11-01,Active,T+1,Gharbia,Kafr El Zayat
M02299,Elite Pharmacy 2299,Pharmacy,Micro,2024-10-30,Offboarded,T+0,Cairo,Downtown
M02300,Delta Ride 2300,Transportation,Micro,2022-06-05,Active,T+1,Qalyubia,Qalyub - Central
M02301,Nile Wear 2301,Fashion,Micro,2021-06-20,Active,T+1,Qalyubia,Khanka
M02302,Nile Academy 2302,Education,Medium,2021-04-30,Active,T+1,Giza,Haram - Central
M02303,Golden Online 2303,E-Commerce,Small,2023-01-05,Active,T+2,Qalyubia,Shubra El Kheima
M02304,Prime Connect 2304,Telecom,Micro,2022-01-28,Active,T+1,Cairo,Shubra - Central
M02305,Pyramid Pharmacy 2305,Pharmacy,Micro,2021-12-10,Active,T+1,Gharbia,Tanta - Central
M02306,Family Cafe 2306,Restaurants,Micro,2024-08-20,Active,T+1,Red Sea,Marsa Alam
M02307,Metro Wear 2307,Fashion,Small,2024-01-09,Active,T+0,Cairo,Mokattam - Central
M02308,Urban Foods 2308,Grocery,Medium,2022-09-05,Active,T+0,Assiut,Manfalut
M02309,Green Style 2309,Fashion,Micro,2023-09-20,Active,T+0,Dakahlia,Mansoura
M02310,Green Clinic 2310,Healthcare,Micro,2022-09-04,Active,T+1,Luxor,Luxor
M02311,Urban Pharmacy 2311,Pharmacy,Small,2021-06-17,Active,T+0,Giza,Sheikh Zayed - Central
M02312,Family Bites 2312,Restaurants,Medium,2023-09-03,Active,T+2,Giza,Faisal
M02313,Smart Pharmacy 2313,Pharmacy,Micro,2022-04-26,Active,T+0,Giza,Imbaba - Central
M02314,Prime Pharmacy 2314,Pharmacy,Small,2021-10-10,Active,T+2,Minya,Samalut
M02315,Urban Connect 2315,Telecom,Micro,2021-09-02,Active,T+1,Alexandria,Stanley
M02316,Lotus Station 2316,Fuel,Small,2021-09-27,Active,T+0,Ismailia,Fayed - Central
M02317,Blue Electronics 2317,Electronics,Small,2023-06-27,Active,T+2,Damietta,Damietta
M02318,Lotus Bites 2318,Restaurants,Micro,2021-06-26,Active,T+0,Giza,Imbaba
M02319,Prime Care 2319,Pharmacy,Small,2022-03-27,Active,T+1,Aswan,Edfu
M02320,Smart Transit 2320,Transportation,Medium,2025-07-01,Active,T+2,Sharqia,10th of Ramadan - Central
M02321,Quick Kitchen 2321,Restaurants,Medium,2023-11-07,Active,T+1,Minya,Beni Mazar
M02322,Metro Bites 2322,Restaurants,Small,2022-11-14,Active,T+1,Minya,Minya - Central
M02323,Delta Care 2323,Pharmacy,Enterprise,2025-06-25,Active,T+0,Cairo,Heliopolis - Central
M02324,Elite Electronics 2324,Electronics,Enterprise,2021-11-13,Active,T+1,Cairo,Heliopolis - Central
M02325,Elite Market 2325,Grocery,Micro,2023-05-07,Active,T+0,Dakahlia,Aga - Central
M02326,Prime Kitchen 2326,Restaurants,Small,2024-04-28,Active,T+1,Port Said,Port Fouad - Central
M02327,Green Care 2327,Pharmacy,Medium,2023-03-17,Active,T+1,Beni Suef,Nasser
M02328,Urban Bites 2328,Restaurants,Small,2024-02-18,Active,T+2,Cairo,Heliopolis
M02329,Delta Tech 2329,Electronics,Small,2024-12-13,Active,T+0,Suez,Ain Sokhna
M02330,Pyramid Mart 2330,Grocery,Micro,2023-04-27,Active,T+1,Alexandria,Miami - Central
M02331,Prime Cinema 2331,Entertainment,Micro,2021-11-02,Active,T+0,Ismailia,Ismailia - Central
M02332,Urban Foods 2332,Grocery,Micro,2021-08-10,Active,T+0,Sharqia,Minya Al Qamh
M02333,Quick Learning 2333,Education,Medium,2022-10-25,Active,T+1,Cairo,Ain Shams - Central
M02334,Nile Online 2334,E-Commerce,Micro,2023-03-22,Active,T+1,Alexandria,Agami
M02335,Golden Foods 2335,Grocery,Micro,2023-05-26,Active,T+2,Red Sea,Safaga
M02336,Pyramid Transit 2336,Transportation,Medium,2023-10-26,Active,T+1,Giza,Sheikh Zayed
M02337,Prime Market 2337,Grocery,Enterprise,2024-01-16,Active,T+1,Giza,Dokki - Central
M02338,Family Station 2338,Fuel,Micro,2023-02-17,Active,T+2,Cairo,New Cairo
M02339,Cairo Care 2339,Pharmacy,Medium,2025-11-02,Active,T+1,Cairo,New Cairo - Central
M02340,Pyramid Fuel 2340,Fuel,Small,2023-09-08,Active,T+1,Suez,Suez - Central
M02341,Quick Wear 2341,Fashion,Small,2021-04-20,Active,T+1,Assiut,Assiut - Central
M02342,Metro Ride 2342,Transportation,Small,2023-12-15,Active,T+1,Luxor,Esna
M02343,Cairo Tech 2343,Electronics,Medium,2021-04-29,Active,T+1,Giza,Sheikh Zayed - Central
M02344,Delta Store 2344,E-Commerce,Medium,2025-10-11,Active,T+1,Cairo,Maadi - Central
M02345,Blue Transit 2345,Transportation,Micro,2022-05-28,Active,T+1,Alexandria,Smouha - Central
M02346,Nile Foods 2346,Grocery,Small,2026-02-03,Active,T+1,Giza,Mohandessin - Central
M02347,Sun Pharmacy 2347,Pharmacy,Medium,2023-03-22,Active,T+1,Fayoum,Ibshaway
M02348,Green Mobile 2348,Telecom,Small,2022-09-01,Active,T+2,Cairo,New Cairo - Central
M02349,Nova Kitchen 2349,Restaurants,Micro,2022-04-16,Active,T+0,Cairo,Downtown
M02350,Blue Mart 2350,Grocery,Small,2024-07-21,Active,T+1,Cairo,Shubra
M02351,Smart Learning 2351,Education,Micro,2022-06-25,Active,T+1,Matrouh,Marsa Matrouh
M02352,Urban Fuel 2352,Fuel,Small,2025-10-30,Active,T+0,Giza,Sheikh Zayed - Central
M02353,Golden Style 2353,Fashion,Enterprise,2022-01-22,Active,T+2,Giza,Imbaba
M02354,Lotus Bites 2354,Restaurants,Micro,2022-07-10,Active,T+1,Gharbia,Kafr El Zayat - Central
M02355,Green Clinic 2355,Healthcare,Medium,2021-12-28,Active,T+2,Qena,Qus
M02356,Urban Kitchen 2356,Restaurants,Micro,2021-06-29,Temporarily Suspended,T+1,Alexandria,Borg El Arab
M02357,Family Clinic 2357,Healthcare,Micro,2023-09-03,Active,T+1,Gharbia,Kafr El Zayat - Central
M02358,Pyramid Academy 2358,Education,Micro,2022-07-06,Active,T+1,Kafr El Sheikh,Sidi Salem - Central
M02359,Nile Care 2359,Pharmacy,Small,2021-06-11,Active,T+0,Sharqia,Minya Al Qamh
M02360,Family Tech 2360,Electronics,Micro,2021-04-26,Active,T+1,Sohag,Girga
M02361,Urban Clinic 2361,Healthcare,Small,2025-01-23,Offboarded,T+1,Gharbia,Kafr El Zayat - Central
M02362,Sun Cinema 2362,Entertainment,Micro,2025-07-04,Temporarily Suspended,T+1,Sohag,Akhmim
M02363,Sun Style 2363,Fashion,Small,2021-07-11,Active,T+0,Cairo,Ain Shams
M02364,Cairo Station 2364,Fuel,Micro,2021-02-12,Active,T+1,Cairo,New Cairo - Central
M02365,Nova Cinema 2365,Entertainment,Medium,2023-02-18,Active,T+1,North Sinai,Arish
M02366,Pyramid Style 2366,Fashion,Medium,2023-03-28,Active,T+1,Alexandria,Sidi Gaber - Central
M02367,Golden Foods 2367,Grocery,Micro,2022-04-11,Active,T+0,Dakahlia,Mansoura - Central
M02368,Urban Electronics 2368,Electronics,Small,2024-08-21,Active,T+1,Sohag,Sohag
M02369,Cairo Tech 2369,Electronics,Small,2021-04-28,Temporarily Suspended,T+0,Alexandria,Agami - Central
M02370,Urban Transit 2370,Transportation,Medium,2024-03-06,Active,T+1,Giza,Haram - Central
M02371,Cairo Pharmacy 2371,Pharmacy,Medium,2022-09-26,Active,T+1,Alexandria,Borg El Arab - Central
M02372,Nova Foods 2372,Grocery,Medium,2024-10-23,Active,T+1,Suez,Suez
M02373,Urban Fun 2373,Entertainment,Small,2022-06-28,Active,T+2,Sharqia,Zagazig - Central
M02374,Lotus Academy 2374,Education,Small,2021-03-12,Active,T+2,Gharbia,Kafr El Zayat
M02375,Cairo Mart 2375,Grocery,Small,2023-02-14,Active,T+0,Cairo,Shubra - Central
M02376,Nile Learning 2376,Education,Medium,2023-02-02,Active,T+2,Giza,Faisal
M02377,Blue Academy 2377,Education,Micro,2021-01-23,Active,T+0,Alexandria,Sidi Gaber
M02378,Urban Foods 2378,Grocery,Micro,2022-10-25,Active,T+1,Alexandria,Stanley - Central
M02379,Delta Market 2379,Grocery,Micro,2021-09-25,Active,T+1,Kafr El Sheikh,Baltim
M02380,Quick Store 2380,E-Commerce,Micro,2023-08-12,Active,T+1,Dakahlia,Talkha - Central
M02381,Elite Pharmacy 2381,Pharmacy,Micro,2021-03-05,Active,T+0,Alexandria,Borg El Arab - Central
M02382,Green Station 2382,Fuel,Micro,2024-08-27,Active,T+1,Damietta,Ras El Bar - Central
M02383,Blue Cinema 2383,Entertainment,Micro,2021-05-09,Active,T+0,New Valley,Kharga
M02384,Pyramid Fuel 2384,Fuel,Enterprise,2023-04-05,Active,T+2,Giza,Haram
M02385,Blue Pharmacy 2385,Pharmacy,Medium,2026-02-19,Active,T+2,Monufia,Sadat City
M02386,Cairo Transit 2386,Transportation,Micro,2024-10-24,Active,T+1,Giza,Haram
M02387,Green Tech 2387,Electronics,Medium,2022-01-18,Active,T+2,Beheira,Damanhur - Central
M02388,Smart Wear 2388,Fashion,Small,2022-07-13,Active,T+1,Sharqia,Abu Hammad
M02389,Smart Cafe 2389,Restaurants,Small,2023-05-30,Active,T+1,Cairo,Downtown - Central
M02390,Green Store 2390,E-Commerce,Small,2024-10-29,Offboarded,T+1,Giza,6th of October - Central
M02391,Golden Mart 2391,Grocery,Micro,2021-01-14,Active,T+1,Qalyubia,Banha
M02392,Blue Market 2392,Grocery,Micro,2024-02-24,Active,T+0,Giza,Dokki - Central
M02393,Urban Pharmacy 2393,Pharmacy,Enterprise,2022-09-08,Active,T+2,Alexandria,Miami - Central
M02394,Family Pharmacy 2394,Pharmacy,Small,2026-02-24,Active,T+1,Sharqia,Zagazig - Central
M02395,Family Style 2395,Fashion,Micro,2022-05-11,Active,T+2,Cairo,Maadi
M02396,Sun Style 2396,Fashion,Small,2024-10-09,Active,T+2,Minya,Beni Mazar - Central
M02397,Urban Electronics 2397,Electronics,Medium,2021-08-21,Active,T+1,Giza,Imbaba - Central
M02398,Pyramid Cafe 2398,Restaurants,Micro,2025-08-12,Active,T+0,Cairo,Heliopolis
M02399,Cairo Style 2399,Fashion,Micro,2024-11-30,Active,T+2,Damietta,Faraskour - Central
M02400,Quick Learning 2400,Education,Small,2021-02-24,Active,T+1,Gharbia,El Mahalla El Kubra - Central
M02401,Cairo Fun 2401,Entertainment,Small,2021-04-12,Active,T+1,Qena,Qena
M02402,Royal Kitchen 2402,Restaurants,Micro,2026-03-14,Offboarded,T+1,Dakahlia,Talkha
M02403,Quick Style 2403,Fashion,Medium,2024-03-30,Active,T+2,Alexandria,Sidi Gaber - Central
M02404,Quick Fun 2404,Entertainment,Micro,2022-08-23,Active,T+1,Minya,Beni Mazar
M02405,Blue Care 2405,Pharmacy,Medium,2022-02-27,Active,T+1,Kafr El Sheikh,Baltim
M02406,Smart Mobile 2406,Telecom,Micro,2023-07-26,Active,T+1,Qalyubia,Obour
M02407,Royal Store 2407,E-Commerce,Micro,2023-08-28,Active,T+1,Assiut,Manfalut
M02408,Urban Bites 2408,Restaurants,Micro,2022-07-06,Active,T+1,Alexandria,Sidi Gaber
M02409,Lotus Health 2409,Healthcare,Small,2022-11-10,Active,T+2,Giza,Imbaba
M02410,Metro Care 2410,Pharmacy,Small,2022-10-18,Offboarded,T+2,Cairo,Heliopolis
M02411,Delta Foods 2411,Grocery,Micro,2022-10-09,Active,T+1,Cairo,Downtown
M02412,Lotus Ride 2412,Transportation,Small,2022-05-31,Active,T+0,Beheira,Rashid
M02413,Elite Market 2413,Grocery,Micro,2022-05-07,Active,T+1,Qalyubia,Khanka
M02414,Sun Clinic 2414,Healthcare,Small,2024-02-08,Active,T+0,Cairo,Ain Shams - Central
M02415,Royal Fuel 2415,Fuel,Medium,2022-12-21,Active,T+1,Sharqia,Abu Hammad - Central
M02416,Delta Foods 2416,Grocery,Micro,2025-03-01,Active,T+1,Gharbia,El Mahalla El Kubra - Central
M02417,Prime Foods 2417,Grocery,Small,2021-09-16,Active,T+0,Alexandria,Stanley
M02418,Urban Online 2418,E-Commerce,Medium,2023-10-31,Active,T+1,Cairo,Maadi
M02419,Family Fun 2419,Entertainment,Micro,2022-04-18,Active,T+0,Alexandria,Miami
M02420,Royal Learning 2420,Education,Small,2025-09-09,Active,T+1,Dakahlia,Mansoura - Central
M02421,Elite Care 2421,Pharmacy,Medium,2022-02-16,Active,T+0,Cairo,Ain Shams - Central
M02422,Golden Electronics 2422,Electronics,Micro,2023-06-06,Active,T+1,Kafr El Sheikh,Desouk - Central
M02423,Lotus Tech 2423,Electronics,Small,2025-09-29,Active,T+1,Qalyubia,Qalyub
M02424,Green Ride 2424,Transportation,Small,2022-01-26,Active,T+1,Qalyubia,Khanka - Central
M02425,Lotus Market 2425,Grocery,Micro,2024-10-15,Temporarily Suspended,T+2,Cairo,New Cairo
M02426,Cairo Transit 2426,Transportation,Enterprise,2021-10-07,Active,T+1,Dakahlia,Mit Ghamr
M02427,Royal Transit 2427,Transportation,Small,2022-06-04,Active,T+1,Giza,Imbaba - Central
M02428,Nile Fuel 2428,Fuel,Micro,2022-03-22,Active,T+0,Red Sea,Hurghada
M02429,Green Market 2429,Grocery,Micro,2023-05-27,Active,T+1,Fayoum,Fayoum - Central
M02430,Family Learning 2430,Education,Medium,2023-10-13,Active,T+0,Beheira,Damanhur - Central
M02431,Smart Bites 2431,Restaurants,Small,2022-03-22,Active,T+2,Cairo,Shubra - Central
M02432,Cairo Electronics 2432,Electronics,Micro,2023-01-11,Active,T+0,Alexandria,Sidi Gaber - Central
M02433,Pyramid Electronics 2433,Electronics,Small,2024-08-20,Active,T+1,Alexandria,Agami
M02434,Lotus Transit 2434,Transportation,Enterprise,2022-01-16,Active,T+0,Cairo,Ain Shams - Central
M02435,Prime Health 2435,Healthcare,Small,2023-06-18,Active,T+2,Cairo,Mokattam
M02436,Nova Learning 2436,Education,Small,2024-03-21,Active,T+0,Beheira,Nubaria - Central
M02437,Lotus Foods 2437,Grocery,Micro,2021-10-22,Active,Unknown,Giza,Sheikh Zayed - Central
M02438,Blue Fun 2438,Entertainment,Medium,2023-09-18,Active,T+1,Cairo,Heliopolis - Central
M02439,Delta Store 2439,E-Commerce,Enterprise,2024-09-29,Active,T+1,Damietta,Ras El Bar
M02440,Prime Connect 2440,Telecom,Small,2023-02-05,Active,T+1,Alexandria,Miami
M02441,Blue Pharmacy 2441,Pharmacy,Micro,2021-01-20,Active,T+1,Sharqia,Abu Hammad - Central
M02442,Quick Market 2442,Grocery,Small,2023-04-08,Active,T+1,Cairo,Nasr City - Central
M02443,Prime Mart 2443,Grocery,Small,2021-07-12,Active,T+1,Beheira,Kafr El Dawwar
M02444,Royal Electronics 2444,Electronics,Medium,2024-11-08,Active,T+1,Giza,6th of October
M02445,Urban Wear 2445,Fashion,Small,2022-12-31,Active,T+1,Cairo,Maadi - Central
M02446,Quick Mart 2446,Grocery,Micro,2024-02-13,Active,T+1,Alexandria,Agami - Central
M02447,Quick Mart 2447,Grocery,Micro,2021-04-12,Active,T+0,Cairo,Maadi
M02448,Delta Pharmacy 2448,Pharmacy,Micro,2023-07-28,Active,T+1,Cairo,Ain Shams - Central
M02449,Elite Store 2449,E-Commerce,Small,2022-08-16,Active,T+1,Cairo,Mokattam - Central
M02450,Cairo Station 2450,Fuel,Micro,2022-05-25,Temporarily Suspended,T+2,Alexandria,Miami - Central
M02451,Lotus Wear 2451,Fashion,Micro,2022-03-20,Active,T+0,Alexandria,Miami - Central
M02452,Metro Tech 2452,Electronics,Small,2021-03-06,Active,T+1,Qalyubia,Obour - Central
M02453,Pyramid Station 2453,Fuel,Micro,2023-04-17,Active,T+1,Alexandria,Smouha - Central
M02454,Elite Market 2454,Grocery,Micro,2025-11-14,Active,T+0,Giza,Dokki
M02455,Delta Tech 2455,Electronics,Medium,2021-05-15,Active,T+1,Beni Suef,Beni Suef
M02456,Pyramid Mart 2456,Grocery,Small,2022-11-11,Active,T+0,Alexandria,Smouha - Central
M02457,Golden Pharmacy 2457,Pharmacy,Small,2025-11-24,Active,T+1,Cairo,Maadi
M02458,Elite Bites 2458,Restaurants,Micro,2022-08-08,Active,T+1,Ismailia,Qantara
M02459,Royal Wear 2459,Fashion,Enterprise,2023-11-11,Active,T+0,Giza,Sheikh Zayed
M02460,Quick Academy 2460,Education,Medium,2024-06-24,Active,T+1,Gharbia,El Mahalla El Kubra
M02461,Quick Market 2461,Grocery,Micro,2023-08-22,Active,T+1,Fayoum,Sinnuris
M02462,Nile Market 2462,Grocery,Small,2024-10-11,Active,T+2,Assiut,Manfalut - Central
M02463,Cairo Kitchen 2463,Restaurants,Enterprise,2021-10-14,Active,T+2,Cairo,Shubra
M02464,Urban Kitchen 2464,Restaurants,Small,2022-07-03,Active,T+1,Sharqia,Abu Hammad - Central
M02465,Elite Cafe 2465,Restaurants,Micro,2021-01-04,Active,T+1,Cairo,Downtown
M02466,Nova Store 2466,E-Commerce,Micro,2022-05-01,Active,T+0,Cairo,Nasr City - Central
M02467,Royal Foods 2467,Grocery,Medium,2023-07-27,Active,T+1,Giza,Haram
M02468,Family Style 2468,Fashion,Micro,2023-10-03,Active,T+1,Alexandria,Agami
M02469,Sun Fun 2469,Entertainment,Micro,2026-03-28,Active,T+2,Giza,Faisal - Central
M02470,Urban Kitchen 2470,Restaurants,Micro,2022-05-07,Active,T+1,Cairo,Maadi
M02471,Nova Mart 2471,Grocery,Small,2022-06-06,Active,T+1,Cairo,Maadi
M02472,Metro Tech 2472,Electronics,Small,2025-09-26,Active,T+2,Fayoum,Fayoum
M02473,Golden Ride 2473,Transportation,Small,2024-03-07,Active,T+1,Cairo,Maadi - Central
M02474,Royal Clinic 2474,Healthcare,Micro,2024-01-20,Active,T+1,Gharbia,Kafr El Zayat - Central
M02475,Blue Bites 2475,Restaurants,Enterprise,2023-01-27,Active,T+0,Red Sea,Marsa Alam
M02476,Blue Online 2476,E-Commerce,Medium,2022-09-05,Active,T+0,Dakahlia,Talkha
M02477,Lotus Wear 2477,Fashion,Micro,2021-02-06,Active,T+1,Gharbia,Tanta
M02478,Prime Care 2478,Pharmacy,Small,2021-11-15,Active,T+1,Cairo,Shubra - Central
M02479,Sun Foods 2479,Grocery,Small,2023-04-30,Active,T+1,Sohag,Akhmim
M02480,Royal Transit 2480,Transportation,Small,2023-12-21,Active,T+1,Cairo,New Cairo - Central
M02481,Nile Tech 2481,Electronics,Small,2024-03-26,Active,T+2,Damietta,Ras El Bar
M02482,Family Store 2482,E-Commerce,Micro,2025-01-30,Active,T+0,Alexandria,Sidi Gaber - Central
M02483,Family Ride 2483,Transportation,Micro,2025-07-13,Active,T+1,Giza,6th of October - Central
M02484,Quick Mart 2484,Grocery,Small,2022-06-09,Active,T+1,Gharbia,El Mahalla El Kubra
M02485,Blue Bites 2485,Restaurants,Enterprise,2023-07-10,Active,T+1,Cairo,Nasr City
M02486,Urban Wear 2486,Fashion,Micro,2025-03-07,Active,T+0,Damietta,New Damietta - Central
M02487,Prime Transit 2487,Transportation,Micro,2021-12-12,Active,T+1,Monufia,Sadat City
M02488,Prime Pharmacy 2488,Pharmacy,Medium,2024-03-09,Active,T+1,Dakahlia,Belqas
M02489,Pyramid Academy 2489,Education,Micro,2022-07-07,Active,T+1,Gharbia,Zefta - Central
M02490,Green Ride 2490,Transportation,Micro,2022-02-06,Active,T+0,Cairo,Ain Shams - Central
M02491,Smart Market 2491,Grocery,Small,2023-06-20,Active,T+1,Giza,Haram - Central
M02492,Golden Online 2492,E-Commerce,Medium,2021-03-16,Active,T+2,Cairo,Maadi
M02493,Blue Learning 2493,Education,Micro,2022-10-15,Active,T+1,Cairo,Ain Shams
M02494,Family Foods 2494,Grocery,Medium,2024-07-22,Active,T+0,Beheira,Nubaria
M02495,Smart Kitchen 2495,Restaurants,Small,2025-06-04,Active,T+0,Giza,Dokki - Central
M02496,Family Learning 2496,Education,Micro,2023-01-15,Active,T+2,Sharqia,Belbeis - Central
M02497,Nile Ride 2497,Transportation,Enterprise,2021-10-13,Active,T+2,Cairo,Mokattam - Central
M02498,Family Cinema 2498,Entertainment,Micro,2025-05-04,Temporarily Suspended,T+1,Giza,Mohandessin
M02499,Lotus Style 2499,Fashion,Small,2022-07-09,Active,T+1,Cairo,New Cairo - Central
M02500,Urban Care 2500,Pharmacy,Small,2025-09-20,Active,T+0,Minya,Samalut
M02501,Prime Station 2501,Fuel,Medium,2024-12-01,Active,T+0,Minya,Beni Mazar - Central
M02502,Quick Care 2502,Pharmacy,Micro,2021-07-07,Active,T+1,Cairo,Nasr City - Central
M02503,Elite Style 2503,Fashion,Micro,2023-02-13,Active,T+1,Beni Suef,New Beni Suef - Central
M02504,Delta Online 2504,E-Commerce,Small,2022-01-28,Active,T+1,Giza,Imbaba
M02505,Pyramid Bites 2505,Restaurants,Micro,2021-06-28,Active,T+1,Sharqia,Belbeis - Central
M02506,Royal Learning 2506,Education,Small,2021-01-09,Active,T+1,Gharbia,El Mahalla El Kubra - Central
M02507,Family Cafe 2507,Restaurants,Small,2023-06-26,Active,T+0,Giza,Faisal
M02508,Nile Market 2508,Grocery,Small,2021-06-23,Active,T+1,Gharbia,Tanta
M02509,Royal Pharmacy 2509,Pharmacy,Small,2023-03-07,Active,T+0,Cairo,Maadi - Central
M02510,Elite Transit 2510,Transportation,Small,2022-11-22,Active,T+1,Gharbia,Zefta
M02511,Smart Ride 2511,Transportation,Small,2023-03-01,Active,T+1,Alexandria,Miami
M02512,Nova Style 2512,Fashion,Micro,2024-10-14,Active,T+1,Ismailia,Qantara - Central
M02513,Smart Station 2513,Fuel,Small,2022-05-19,Active,T+1,Dakahlia,Aga - Central
M02514,Lotus Wear 2514,Fashion,Small,2026-04-08,Active,T+1,Assiut,Manfalut - Central
M02515,Blue Clinic 2515,Healthcare,Small,2023-11-05,Active,T+1,Giza,Haram
M02516,Prime Foods 2516,Grocery,Small,2022-11-20,Active,T+1,Cairo,Mokattam - Central
M02517,Elite Mart 2517,Grocery,Micro,2023-09-20,Active,T+1,Cairo,Downtown - Central
M02518,Green Style 2518,Fashion,Enterprise,2024-01-03,Temporarily Suspended,T+1,Cairo,Downtown
M02519,Green Style 2519,Fashion,Micro,2022-07-31,Active,T+0,Alexandria,Agami - Central
M02520,Nova Store 2520,E-Commerce,Small,2021-12-14,Active,T+2,Cairo,Heliopolis
M02521,Cairo Cafe 2521,Restaurants,Small,2021-03-06,Active,T+2,Cairo,Shubra
M02522,Sun Wear 2522,Fashion,Enterprise,2025-04-21,Active,T+1,Sohag,Tahta
M02523,Golden Tech 2523,Electronics,Micro,2021-05-29,Active,T+1,Alexandria,Smouha
M02524,Royal Market 2524,Grocery,Micro,2021-11-29,Active,T+1,Alexandria,Miami - Central
M02525,Pyramid Academy 2525,Education,Small,2023-09-26,Active,T+1,Assiut,Manfalut
M02526,Sun Wear 2526,Fashion,Medium,2022-04-25,Active,T+1,Beni Suef,New Beni Suef - Central
M02527,Metro Care 2527,Pharmacy,Medium,2023-08-07,Active,T+1,Assiut,Assiut
M02528,Quick Foods 2528,Grocery,Medium,2024-10-22,Active,T+1,Cairo,Nasr City
M02529,Blue Cinema 2529,Entertainment,Small,2023-12-24,Active,T+1,Cairo,New Cairo - Central
M02530,Cairo Cinema 2530,Entertainment,Small,2024-11-18,Active,T+1,Beheira,Kafr El Dawwar - Central
M02531,Metro Pharmacy 2531,Pharmacy,Small,2023-05-15,Active,T+2,Gharbia,Zefta - Central
M02532,Metro Care 2532,Pharmacy,Small,2022-10-13,Active,T+1,Gharbia,Kafr El Zayat
M02533,Green Cafe 2533,Restaurants,Micro,2023-11-27,Active,T+1,Dakahlia,Mansoura
M02534,Royal Academy 2534,Education,Micro,2024-06-15,Active,T+1,Cairo,Mokattam - Central
M02535,Metro Academy 2535,Education,Small,2022-03-15,Active,T+1,Matrouh,Marsa Matrouh
M02536,Green Transit 2536,Transportation,Micro,2026-01-15,Active,T+2,Sohag,Girga
M02537,Green Online 2537,E-Commerce,Small,2024-06-23,Active,T+1,Alexandria,Stanley - Central
M02538,Blue Bites 2538,Restaurants,Micro,2022-04-27,Active,T+2,Minya,Minya - Central
M02539,Nova Online 2539,E-Commerce,Small,2022-12-05,Active,T+1,Matrouh,El Alamein
M02540,Prime Tech 2540,Electronics,Micro,2022-01-12,Active,T+2,Qalyubia,Khanka - Central
M02541,Golden Tech 2541,Electronics,Small,2023-11-25,Active,T+1,Cairo,Shubra - Central
M02542,Delta Online 2542,E-Commerce,Medium,2024-06-14,Active,T+1,Alexandria,Smouha - Central
M02543,Royal Cafe 2543,Restaurants,Medium,2022-07-09,Active,T+0,Giza,Imbaba - Central
M02544,Prime Cafe 2544,Restaurants,Micro,2022-12-27,Active,T+2,Dakahlia,Belqas - Central
M02545,Urban Pharmacy 2545,Pharmacy,Medium,2022-01-17,Active,T+1,Cairo,New Cairo - Central
M02546,Sun Wear 2546,Fashion,Micro,2023-06-29,Temporarily Suspended,T+1,Gharbia,Tanta - Central
M02547,Royal Wear 2547,Fashion,Medium,2021-05-26,Active,T+1,Alexandria,Smouha
M02548,Golden Fun 2548,Entertainment,Small,2024-04-07,Active,T+1,Cairo,Mokattam
M02549,Elite Cinema 2549,Entertainment,Enterprise,2023-12-12,Active,T+1,Dakahlia,Mit Ghamr
M02550,Metro Style 2550,Fashion,Enterprise,2024-10-06,Offboarded,T+2,Sharqia,Zagazig - Central
M02551,Nova Store 2551,E-Commerce,Micro,2021-07-19,Active,T+2,Cairo,Maadi
M02552,Golden Transit 2552,Transportation,Micro,2025-02-15,Active,T+2,Suez,Suez
M02553,Golden Clinic 2553,Healthcare,Small,2023-03-07,Active,T+1,Cairo,Downtown
M02554,Cairo Electronics 2554,Electronics,Small,2021-03-28,Active,T+1,Cairo,Ain Shams
M02555,Green Health 2555,Healthcare,Medium,2023-02-27,Active,T+1,Alexandria,Agami
M02556,Cairo Cinema 2556,Entertainment,Micro,2021-09-15,Active,T+0,Dakahlia,Mit Ghamr
M02557,Urban Kitchen 2557,Restaurants,Small,2024-10-07,Active,T+2,Assiut,Dairut
M02558,Elite Online 2558,E-Commerce,Micro,2021-04-07,Active,T+1,Giza,Haram - Central
M02559,Elite Online 2559,E-Commerce,Enterprise,2023-11-30,Active,T+2,Qena,Qena
M02560,Family Wear 2560,Fashion,Micro,2021-06-29,Active,T+1,Luxor,Esna
M02561,Cairo Clinic 2561,Healthcare,Small,2021-09-09,Offboarded,T+1,Giza,Mohandessin - Central
M02562,Pyramid Store 2562,E-Commerce,Micro,2021-01-02,Offboarded,T+0,Cairo,Downtown
M02563,Cairo Foods 2563,Grocery,Micro,2021-06-14,Active,T+1,Qalyubia,Obour - Central
M02564,Metro Pharmacy 2564,Pharmacy,Micro,2024-01-14,Active,T+1,Cairo,Shubra - Central
M02565,Nile Transit 2565,Transportation,Micro,2021-05-22,Active,T+0,Suez,Suez - Central
M02566,Family Mart 2566,Grocery,Small,2022-05-16,Temporarily Suspended,T+1,Giza,Haram - Central
M02567,Delta Style 2567,Fashion,Micro,2022-08-09,Active,T+1,Dakahlia,Belqas
M02568,Elite Tech 2568,Electronics,Micro,2021-08-08,Active,T+2,Assiut,Assiut - Central
M02569,Pyramid Care 2569,Pharmacy,Medium,2022-05-30,Active,T+1,Qalyubia,Banha - Central
M02570,Prime Bites 2570,Restaurants,Micro,2022-08-24,Active,T+1,Dakahlia,Talkha - Central
M02571,Urban Tech 2571,Electronics,Micro,2021-03-27,Active,T+1,Red Sea,Safaga
M02572,Nova Wear 2572,Fashion,Micro,2023-02-14,Active,T+2,Giza,Sheikh Zayed - Central
M02573,Prime Pharmacy 2573,Pharmacy,Small,2022-09-09,Active,T+0,Giza,Sheikh Zayed - Central
M02574,Golden Ride 2574,Transportation,Small,2024-10-04,Active,T+2,Aswan,Kom Ombo
M02575,Lotus Pharmacy 2575,Pharmacy,Medium,2021-02-16,Active,T+0,Giza,6th of October
M02576,Green Station 2576,Fuel,Micro,2022-03-16,Active,T+1,Gharbia,El Mahalla El Kubra
M02577,Smart Ride 2577,Transportation,Small,2024-09-29,Active,T+1,Cairo,Heliopolis
M02578,Elite Store 2578,E-Commerce,Micro,2025-06-07,Active,T+1,Qalyubia,Khanka
M02579,Elite Fuel 2579,Fuel,Micro,2021-07-28,Active,T+1,Giza,Haram - Central
M02580,Smart Mart 2580,Grocery,Micro,2023-08-01,Active,T+1,Sharqia,Abu Hammad
M02581,Blue Ride 2581,Transportation,Micro,2023-10-11,Active,T+2,Giza,Dokki
M02582,Delta Online 2582,E-Commerce,Small,2026-02-19,Active,T+0,Dakahlia,Mit Ghamr
M02583,Elite Bites 2583,Restaurants,Micro,2021-12-24,Active,T+1,Qena,Qus
M02584,Blue Pharmacy 2584,Pharmacy,Micro,2024-06-13,Active,T+1,Giza,Dokki - Central
M02585,Lotus Wear 2585,Fashion,Enterprise,2024-11-18,Active,T+1,Cairo,Shubra - Central
M02586,Blue Foods 2586,Grocery,Small,2021-06-12,Active,T+2,Beheira,Damanhur
M02587,Pyramid Station 2587,Fuel,Small,2025-01-09,Active,T+2,Beni Suef,New Beni Suef - Central
M02588,Quick Market 2588,Grocery,Micro,2023-06-14,Active,T+0,Alexandria,Borg El Arab
M02589,Family Bites 2589,Restaurants,Micro,2022-01-02,Active,T+1,Cairo,Heliopolis - Central
M02590,Cairo Ride 2590,Transportation,Micro,2023-06-27,Active,T+1,Beheira,Rashid - Central
M02591,Royal Online 2591,E-Commerce,Micro,2024-03-17,Active,T+1,Qalyubia,Khanka
M02592,Sun Bites 2592,Restaurants,Micro,2023-10-01,Active,T+1,Alexandria,Sidi Gaber - Central
M02593,Golden Store 2593,E-Commerce,Small,2024-03-20,Active,T+1,Monufia,Shebin El Kom - Central
M02594,Delta Mobile 2594,Telecom,Enterprise,2024-05-16,Active,T+0,Giza,Imbaba
M02595,Pyramid Electronics 2595,Electronics,Medium,2025-04-18,Active,T+1,Cairo,Downtown - Central
M02596,Golden Online 2596,E-Commerce,Small,2025-11-23,Active,T+0,Alexandria,Smouha
M02597,Golden Bites 2597,Restaurants,Micro,2025-11-18,Active,T+2,Cairo,New Cairo
M02598,Nova Electronics 2598,Electronics,Micro,2021-07-31,Active,T+1,Giza,Faisal - Central
M02599,Golden Store 2599,E-Commerce,Micro,2023-10-27,Temporarily Suspended,T+1,Giza,Sheikh Zayed - Central
M02600,Green Tech 2600,Electronics,Enterprise,2022-10-14,Active,T+2,Fayoum,Fayoum
M02601,Family Cinema 2601,Entertainment,Medium,2021-08-28,Active,T+1,Cairo,New Cairo - Central
M02602,Delta Online 2602,E-Commerce,Enterprise,2023-01-27,Active,T+0,Cairo,Mokattam
M02603,Metro Cafe 2603,Restaurants,Micro,2024-10-01,Active,T+1,Giza,Haram
M02604,Prime Mart 2604,Grocery,Micro,2024-03-16,Active,T+1,Giza,Mohandessin - Central
M02605,Royal Market 2605,Grocery,Micro,2022-01-23,Active,T+2,Ismailia,Ismailia - Central
M02606,Pyramid Bites 2606,Restaurants,Small,2021-06-06,Offboarded,T+2,Beheira,Kafr El Dawwar
M02607,Lotus Online 2607,E-Commerce,Micro,2022-06-01,Active,T+2,Cairo,Mokattam - Central
M02608,Delta Foods 2608,Grocery,Medium,2023-04-23,Active,T+2,Qena,Qena
M02609,Family Care 2609,Pharmacy,Enterprise,2022-04-09,Active,T+1,Giza,Imbaba
M02610,Sun Pharmacy 2610,Pharmacy,Enterprise,2023-03-26,Active,T+1,Beheira,Damanhur
M02611,Elite Health 2611,Healthcare,Small,2021-12-28,Temporarily Suspended,T+1,Alexandria,Borg El Arab - Central
M02612,Blue Cafe 2612,Restaurants,Micro,2024-10-26,Active,T+1,Cairo,Downtown - Central
M02613,Family Mart 2613,Grocery,Medium,2021-05-11,Active,T+1,Aswan,Kom Ombo
M02614,Cairo Fun 2614,Entertainment,Micro,2023-01-28,Active,T+1,Cairo,Downtown
M02615,Family Foods 2615,Grocery,Micro,2021-06-11,Active,T+1,Assiut,Dairut - Central
M02616,Nova Fuel 2616,Fuel,Micro,2023-11-05,Active,T+0,Alexandria,Sidi Gaber
M02617,Quick Care 2617,Pharmacy,Medium,2023-01-03,Active,T+1,Kafr El Sheikh,Sidi Salem - Central
M02618,Nova Ride 2618,Transportation,Medium,2023-04-23,Active,T+1,Giza,6th of October
M02619,Smart Tech 2619,Electronics,Medium,2023-11-23,Active,T+1,Cairo,Heliopolis - Central
M02620,Golden Bites 2620,Restaurants,Micro,2021-01-21,Active,T+1,Cairo,Heliopolis
M02621,Golden Style 2621,Fashion,Small,2021-12-01,Active,T+2,New Valley,Dakhla
M02622,Green Cafe 2622,Restaurants,Micro,2024-04-02,Active,T+0,Alexandria,Sidi Gaber
M02623,Pyramid Market 2623,Grocery,Enterprise,2021-12-03,Active,T+1,Cairo,Heliopolis - Central
M02624,Metro Market 2624,Grocery,Micro,2021-05-20,Active,T+2,Minya,Mallawi - Central
M02625,Urban Fun 2625,Entertainment,Medium,2022-04-08,Active,T+1,Luxor,Esna
M02626,Sun Transit 2626,Transportation,Medium,2025-10-06,Active,T+0,Alexandria,Miami - Central
M02627,Smart Tech 2627,Electronics,Micro,2021-07-18,Active,T+1,Giza,6th of October - Central
M02628,Nova Store 2628,E-Commerce,Small,2021-04-18,Active,T+1,Cairo,Downtown
M02629,Green Clinic 2629,Healthcare,Small,2024-06-04,Active,T+1,Qalyubia,Shubra El Kheima - Central
M02630,Delta Mart 2630,Grocery,Small,2024-11-24,Active,T+1,Kafr El Sheikh,Sidi Salem
M02631,Prime Foods 2631,Grocery,Medium,2021-02-22,Active,T+1,Port Said,Port Fouad - Central
M02632,Pyramid Tech 2632,Electronics,Micro,2022-09-29,Active,T+1,Alexandria,Borg El Arab - Central
M02633,Sun Care 2633,Pharmacy,Medium,2022-02-16,Active,T+2,Cairo,Mokattam - Central
M02634,Metro Foods 2634,Grocery,Micro,2021-10-09,Active,T+1,Qalyubia,Shubra El Kheima
M02635,Delta Mart 2635,Grocery,Small,2021-01-08,Active,T+0,Alexandria,Stanley - Central
M02636,Delta Fun 2636,Entertainment,Micro,2023-12-28,Active,T+1,Minya,Samalut
M02637,Nova Store 2637,E-Commerce,Micro,2022-01-23,Active,T+1,Beheira,Damanhur - Central
M02638,Royal Mobile 2638,Telecom,Medium,2021-02-01,Active,T+0,Cairo,Nasr City
M02639,Royal Bites 2639,Restaurants,Small,2025-12-31,Active,T+1,Kafr El Sheikh,Kafr El Sheikh - Central
M02640,Nova Care 2640,Pharmacy,Micro,2022-08-09,Active,T+1,Sohag,Girga
M02641,Blue Foods 2641,Grocery,Micro,2022-02-23,Active,T+2,Alexandria,Sidi Gaber
M02642,Golden Mart 2642,Grocery,Micro,2022-11-27,Active,T+2,Red Sea,Marsa Alam
M02643,Blue Care 2643,Pharmacy,Micro,2022-05-02,Active,T+1,Gharbia,El Mahalla El Kubra
M02644,Blue Electronics 2644,Electronics,Medium,2026-02-18,Active,T+1,Cairo,Mokattam - Central
M02645,Royal Electronics 2645,Electronics,Enterprise,2023-06-24,Active,T+2,Cairo,Ain Shams - Central
M02646,Nile Connect 2646,Telecom,Medium,2025-09-26,Active,T+1,Alexandria,Stanley - Central
M02647,Family Station 2647,Fuel,Small,2021-08-08,Active,T+2,Alexandria,Smouha
M02648,Green Cafe 2648,Restaurants,Small,2023-05-09,Active,T+1,Assiut,Dairut
M02649,Cairo Style 2649,Fashion,Medium,2022-10-18,Active,T+1,Alexandria,Sidi Gaber
M02650,Smart Wear 2650,Fashion,Micro,2023-04-20,Active,T+1,Damietta,Ras El Bar
M02651,Elite Mart 2651,Grocery,Micro,2023-07-25,Active,T+1,Cairo,Maadi
M02652,Nova Style 2652,Fashion,Small,2022-03-01,Active,T+2,Cairo,New Cairo
M02653,Green Foods 2653,Grocery,Medium,2022-01-11,Active,T+2,Qalyubia,Shubra El Kheima - Central
M02654,Golden Bites 2654,Restaurants,Micro,2024-03-04,Active,T+0,Luxor,Armant
M02655,Metro Electronics 2655,Electronics,Micro,2023-01-03,Active,T+0,Alexandria,Agami
M02656,Cairo Ride 2656,Transportation,Small,2022-02-10,Active,T+1,Cairo,Mokattam
M02657,Urban Market 2657,Grocery,Small,2023-09-01,Active,T+1,Fayoum,Fayoum - Central
M02658,Blue Foods 2658,Grocery,Small,2022-06-16,Active,T+1,Gharbia,Tanta - Central
M02659,Delta Kitchen 2659,Restaurants,Medium,2024-04-27,Active,T+2,Giza,6th of October - Central
M02660,Urban Mobile 2660,Telecom,Small,2022-11-20,Active,T+0,Alexandria,Sidi Gaber - Central
M02661,Family Pharmacy 2661,Pharmacy,Small,2024-12-30,Active,T+1,Dakahlia,Aga - Central
M02662,Blue Style 2662,Fashion,Small,2022-12-19,Active,T+1,Giza,Sheikh Zayed
M02663,Smart Store 2663,E-Commerce,Micro,2024-04-07,Active,T+2,Fayoum,Ibshaway - Central
M02664,Sun Kitchen 2664,Restaurants,Micro,2023-09-16,Active,T+1,Giza,6th of October - Central
M02665,Pyramid Foods 2665,Grocery,Small,2022-03-28,Active,T+1,Giza,Dokki
M02666,Golden Electronics 2666,Electronics,Medium,2024-11-17,Active,T+2,Qalyubia,Khanka
M02667,Green Mart 2667,Grocery,Micro,2021-07-22,Temporarily Suspended,T+1,Gharbia,Kafr El Zayat - Central
M02668,Urban Foods 2668,Grocery,Medium,2024-11-14,Active,T+1,Giza,Imbaba
M02669,Blue Market 2669,Grocery,Medium,2023-05-26,Active,T+2,Alexandria,Smouha
M02670,Quick Style 2670,Fashion,Micro,2022-06-22,Temporarily Suspended,T+1,Beni Suef,Nasser - Central
M02671,Nile Transit 2671,Transportation,Micro,2023-10-13,Active,T+1,Giza,Mohandessin - Central
M02672,Elite Station 2672,Fuel,Micro,2024-02-29,Active,T+1,Gharbia,Kafr El Zayat
M02673,Lotus Tech 2673,Electronics,Small,2022-05-27,Active,T+1,Gharbia,Zefta
M02674,Green Pharmacy 2674,Pharmacy,Micro,2024-04-28,Active,T+1,Alexandria,Miami
M02675,Elite Mart 2675,Grocery,Micro,2021-02-17,Offboarded,T+1,Cairo,Nasr City - Central
M02676,Elite Market 2676,Grocery,Micro,2023-11-23,Active,T+2,Sohag,Girga
M02677,Nile Kitchen 2677,Restaurants,Small,2021-03-07,Active,T+1,Dakahlia,Talkha
M02678,Golden Wear 2678,Fashion,Micro,2022-12-08,Active,T+0,Giza,Faisal
M02679,Metro Store 2679,E-Commerce,Small,2024-01-10,Active,T+1,Damietta,New Damietta - Central
M02680,Green Transit 2680,Transportation,Small,2026-05-18,Active,T+0,Qalyubia,Banha - Central
M02681,Golden Bites 2681,Restaurants,Micro,2025-03-18,Active,T+1,Alexandria,Miami - Central
M02682,Elite Style 2682,Fashion,Medium,2023-12-23,Active,T+0,Sohag,Tahta
M02683,Golden Bites 2683,Restaurants,Medium,2021-11-01,Active,T+1,Gharbia,Tanta
M02684,Metro Kitchen 2684,Restaurants,Micro,2021-12-10,Active,T+1,Giza,Dokki
M02685,Urban Pharmacy 2685,Pharmacy,Small,2024-01-01,Active,T+1,Kafr El Sheikh,Baltim
M02686,Nova Kitchen 2686,Restaurants,Micro,2024-09-06,Active,T+1,Cairo,Shubra - Central
M02687,Family Fun 2687,Entertainment,Small,2025-12-15,Active,T+1,Cairo,Maadi
M02688,Lotus Health 2688,Healthcare,Medium,2023-04-28,Active,T+0,Minya,Samalut - Central
M02689,Delta Foods 2689,Grocery,Small,2022-09-10,Active,T+2,Alexandria,Smouha
M02690,Family Transit 2690,Transportation,Small,2023-10-26,Active,T+1,Cairo,Nasr City - Central
M02691,Lotus Tech 2691,Electronics,Micro,2025-04-12,Active,T+0,Cairo,Nasr City - Central
M02692,Golden Store 2692,E-Commerce,Micro,2023-08-17,Active,T+1,Kafr El Sheikh,Baltim
M02693,Cairo Market 2693,Grocery,Micro,2026-01-08,Offboarded,T+0,Minya,Beni Mazar
M02694,Cairo Store 2694,E-Commerce,Micro,2021-08-25,Active,T+1,Giza,Haram - Central
M02695,Blue Clinic 2695,Healthcare,Micro,2024-09-11,Active,T+2,Damietta,Damietta - Central
M02696,Metro Bites 2696,Restaurants,Micro,2025-05-01,Active,T+1,Alexandria,Stanley - Central
M02697,Royal Bites 2697,Restaurants,Micro,2023-07-22,Active,T+2,Giza,Imbaba
M02698,Blue Market 2698,Grocery,Small,2025-07-08,Active,T+2,Assiut,Assiut - Central
M02699,Prime Tech 2699,Electronics,Small,2024-11-08,Active,T+0,Giza,Imbaba
M02700,Smart Bites 2700,Restaurants,Micro,2021-09-18,Active,T+0,Port Said,Port Said
M02701,Blue Market 2701,Grocery,Medium,2023-11-06,Active,T+2,Cairo,Shubra - Central
M02702,Urban Transit 2702,Transportation,Small,2023-07-29,Active,T+1,Giza,Dokki - Central
M02703,Prime Care 2703,Pharmacy,Micro,2021-03-28,Active,T+0,Giza,Dokki
M02704,Blue Store 2704,E-Commerce,Small,2022-04-15,Active,T+1,Minya,Samalut
M02705,Delta Clinic 2705,Healthcare,Micro,2024-03-26,Active,T+0,South Sinai,Dahab
M02706,Prime Bites 2706,Restaurants,Micro,2023-06-13,Active,T+2,Giza,Faisal
M02707,Urban Foods 2707,Grocery,Medium,2023-06-29,Active,T+0,Luxor,Armant
M02708,Elite Kitchen 2708,Restaurants,Micro,2021-09-12,Active,T+1,Qena,Nag Hammadi
M02709,Nova Style 2709,Fashion,Small,2025-11-20,Active,T+2,Cairo,Downtown - Central
M02710,Blue Learning 2710,Education,Micro,2022-05-18,Active,T+1,Cairo,Maadi
M02711,Urban Mart 2711,Grocery,Medium,2023-09-21,Active,T+2,Qalyubia,Qalyub
M02712,Golden Online 2712,E-Commerce,Micro,2022-10-20,Active,T+0,Giza,Haram - Central
M02713,Blue Wear 2713,Fashion,Micro,2021-06-26,Active,T+1,Cairo,Maadi
M02714,Elite Fun 2714,Entertainment,Micro,2026-03-29,Active,T+2,Giza,Imbaba - Central
M02715,Family Fuel 2715,Fuel,Small,2026-04-11,Active,T+1,Giza,6th of October
M02716,Cairo Health 2716,Healthcare,Small,2022-10-20,Active,T+1,Sharqia,Belbeis - Central
M02717,Urban Online 2717,E-Commerce,Micro,2021-09-21,Active,T+1,Giza,Faisal - Central
M02718,Delta Bites 2718,Restaurants,Micro,2021-08-22,Active,T+0,Cairo,Heliopolis
M02719,Urban Tech 2719,Electronics,Small,2024-06-23,Active,T+1,Ismailia,Ismailia
M02720,Lotus Kitchen 2720,Restaurants,Small,2023-06-08,Active,T+2,Giza,Mohandessin
M02721,Pyramid Tech 2721,Electronics,Medium,2024-04-18,Temporarily Suspended,T+1,Dakahlia,Mansoura
M02722,Lotus Station 2722,Fuel,Small,2022-03-31,Active,T+1,Giza,Sheikh Zayed
M02723,Nova Fun 2723,Entertainment,Micro,2023-11-05,Active,T+0,Cairo,Heliopolis
M02724,Prime Foods 2724,Grocery,Enterprise,2021-03-06,Active,T+0,Gharbia,Tanta - Central
M02725,Prime Market 2725,Grocery,Medium,2022-12-15,Active,T+0,Cairo,Ain Shams
M02726,Family Mart 2726,Grocery,Small,2022-10-09,Active,T+0,Dakahlia,Mit Ghamr
M02727,Smart Store 2727,E-Commerce,Small,2021-04-19,Active,T+1,Giza,6th of October
M02728,Royal Electronics 2728,Electronics,Micro,2022-09-23,Active,T+1,Giza,Sheikh Zayed
M02729,Cairo Tech 2729,Electronics,Micro,2021-04-28,Active,T+2,Suez,Ain Sokhna - Central
M02730,Blue Mart 2730,Grocery,Medium,2022-01-07,Active,T+0,Aswan,Aswan
M02731,Metro Kitchen 2731,Restaurants,Small,2021-02-10,Active,T+1,Giza,Faisal - Central
M02732,Elite Care 2732,Pharmacy,Micro,2025-08-14,Active,T+1,Dakahlia,Mit Ghamr - Central
M02733,Green Electronics 2733,Electronics,Enterprise,2022-01-15,Active,T+1,Minya,Mallawi
M02734,Golden Cinema 2734,Entertainment,Micro,2023-09-16,Active,T+2,Alexandria,Miami
M02735,Prime Care 2735,Pharmacy,Small,2021-05-12,Active,T+1,Cairo,Nasr City
M02736,Quick Connect 2736,Telecom,Micro,2022-06-18,Active,T+0,Cairo,Heliopolis - Central
M02737,Urban Kitchen 2737,Restaurants,Small,2023-05-04,Active,T+0,Dakahlia,Mansoura - Central
M02738,Blue Fuel 2738,Fuel,Small,2021-03-17,Active,T+0,Ismailia,Ismailia - Central
M02739,Pyramid Mart 2739,Grocery,Medium,2023-08-09,Offboarded,T+1,Giza,Faisal
M02740,Nova Care 2740,Pharmacy,Micro,2022-01-29,Active,T+0,Qalyubia,Banha
M02741,Quick Pharmacy 2741,Pharmacy,Small,2024-11-10,Active,T+1,Matrouh,Marsa Matrouh
M02742,Golden Pharmacy 2742,Pharmacy,Micro,2024-01-04,Active,T+2,Gharbia,Zefta
M02743,Blue Transit 2743,Transportation,Micro,2024-08-21,Active,T+2,Cairo,Maadi - Central
M02744,Golden Transit 2744,Transportation,Micro,2025-12-23,Active,T+0,Sharqia,Belbeis
M02745,Golden Foods 2745,Grocery,Small,2021-08-10,Active,T+0,New Valley,Dakhla
M02746,Delta Pharmacy 2746,Pharmacy,Small,2024-09-25,Active,T+1,Qalyubia,Khanka - Central
M02747,Golden Bites 2747,Restaurants,Small,2023-05-23,Active,T+2,Giza,Haram - Central
M02748,Elite Academy 2748,Education,Enterprise,2022-12-29,Active,T+1,Giza,Imbaba
M02749,Metro Clinic 2749,Healthcare,Small,2021-10-03,Active,T+0,Beni Suef,Nasser - Central
M02750,Royal Transit 2750,Transportation,Small,2023-10-19,Active,T+0,Alexandria,Borg El Arab - Central
M02751,Green Tech 2751,Electronics,Micro,2021-01-10,Active,T+1,Cairo,Ain Shams - Central
M02752,Family Care 2752,Pharmacy,Micro,2022-06-02,Active,T+1,Alexandria,Smouha - Central
M02753,Prime Ride 2753,Transportation,Small,2023-08-29,Active,T+2,Cairo,Ain Shams - Central
M02754,Cairo Foods 2754,Grocery,Micro,2024-11-17,Active,T+1,Dakahlia,Talkha
M02755,Nile Kitchen 2755,Restaurants,Micro,2023-05-10,Active,T+1,Giza,Haram
M02756,Blue Clinic 2756,Healthcare,Small,2022-06-28,Active,T+1,Cairo,Shubra
M02757,Cairo Online 2757,E-Commerce,Small,2023-01-26,Active,T+1,Cairo,Downtown - Central
M02758,Prime Tech 2758,Electronics,Micro,2023-10-05,Active,T+1,Cairo,New Cairo - Central
M02759,Prime Tech 2759,Electronics,Medium,2022-01-21,Active,T+1,Giza,6th of October
M02760,Urban Market 2760,Grocery,Small,2021-11-11,Active,T+2,Qalyubia,Banha - Central
M02761,Sun Tech 2761,Electronics,Micro,2024-10-24,Active,T+2,Giza,Sheikh Zayed
M02762,Quick Foods 2762,Grocery,Small,2023-09-21,Active,T+0,Gharbia,El Mahalla El Kubra
M02763,Pyramid Ride 2763,Transportation,Small,2024-01-31,Active,T+1,Cairo,Heliopolis
M02764,Prime Connect 2764,Telecom,Small,2023-01-04,Active,T+1,Beni Suef,Nasser
M02765,Green Mart 2765,Grocery,Micro,2024-01-08,Active,T+1,Giza,Imbaba - Central
M02766,Pyramid Mart 2766,Grocery,Small,2022-07-28,Active,T+1,Cairo,Nasr City
M02767,Nile Pharmacy 2767,Pharmacy,Micro,2021-09-07,Active,T+1,Cairo,Maadi
M02768,Elite Health 2768,Healthcare,Micro,2023-09-22,Active,T+0,Sohag,Sohag
M02769,Golden Market 2769,Grocery,Micro,2023-03-13,Active,T+1,Alexandria,Sidi Gaber
M02770,Nova Electronics 2770,Electronics,Micro,2022-08-24,Active,T+2,Giza,Sheikh Zayed
M02771,Prime Transit 2771,Transportation,Micro,2024-11-17,Active,T+2,Cairo,Shubra - Central
M02772,Urban Kitchen 2772,Restaurants,Micro,2021-03-12,Active,T+1,Cairo,Ain Shams
M02773,Cairo Online 2773,E-Commerce,Small,2024-10-02,Active,T+0,Giza,Sheikh Zayed - Central
M02774,Prime Mobile 2774,Telecom,Medium,2021-02-08,Active,T+2,North Sinai,Bir El Abd
M02775,Nile Station 2775,Fuel,Micro,2022-07-22,Active,T+0,Aswan,Aswan
M02776,Cairo Style 2776,Fashion,Medium,2021-06-08,Offboarded,T+1,Cairo,Downtown - Central
M02777,Nile Mobile 2777,Telecom,Micro,2025-10-31,Active,T+1,Luxor,Armant
M02778,Golden Foods 2778,Grocery,Micro,2024-05-04,Active,T+0,Beheira,Rashid - Central
M02779,Nova Mart 2779,Grocery,Medium,2024-12-23,Active,T+1,Giza,Faisal - Central
M02780,Royal Pharmacy 2780,Pharmacy,Medium,2022-11-06,Active,T+1,Qalyubia,Shubra El Kheima
M02781,Golden Mart 2781,Grocery,Enterprise,2023-04-09,Active,T+0,Alexandria,Sidi Gaber - Central
M02782,Lotus Online 2782,E-Commerce,Micro,2023-03-03,Active,T+1,Giza,Faisal - Central
M02783,Prime Market 2783,Grocery,Medium,2024-08-15,Active,T+1,Gharbia,Tanta - Central
M02784,Elite Tech 2784,Electronics,Micro,2022-08-12,Active,T+1,Ismailia,Qantara
M02785,Prime Learning 2785,Education,Micro,2022-01-06,Active,T+1,Giza,Dokki
M02786,Nile Kitchen 2786,Restaurants,Micro,2024-11-04,Active,T+0,Alexandria,Agami
M02787,Nile Bites 2787,Restaurants,Small,2021-08-08,Active,T+0,Cairo,Nasr City - Central
M02788,Quick Learning 2788,Education,Medium,2021-06-07,Active,T+2,Cairo,New Cairo
M02789,Delta Pharmacy 2789,Pharmacy,Small,2022-02-25,Active,T+0,Alexandria,Miami - Central
M02790,Nile Store 2790,E-Commerce,Medium,2025-08-24,Active,T+1,Minya,Samalut
M02791,Cairo Pharmacy 2791,Pharmacy,Medium,2023-11-05,Active,T+1,Monufia,Ashmoun - Central
M02792,Cairo Online 2792,E-Commerce,Medium,2024-11-23,Active,T+1,Cairo,New Cairo - Central
M02793,Urban Clinic 2793,Healthcare,Micro,2023-07-26,Active,T+1,Alexandria,Miami
M02794,Sun Electronics 2794,Electronics,Small,2021-09-28,Active,T+1,Sharqia,Abu Hammad - Central
M02795,Family Foods 2795,Grocery,Micro,2022-01-12,Active,T+1,Dakahlia,Talkha - Central
M02796,Urban Mart 2796,Grocery,Medium,2021-11-09,Active,T+1,Sohag,Tahta
M02797,Delta Foods 2797,Grocery,Small,2026-03-06,Active,T+1,Cairo,Heliopolis
M02798,Sun Electronics 2798,Electronics,Small,2026-04-25,Active,T+1,Giza,Faisal - Central
M02799,Quick Health 2799,Healthcare,Micro,2022-09-02,Active,T+1,Cairo,Nasr City
M02800,Urban Transit 2800,Transportation,Micro,2022-04-18,Active,T+1,Giza,Imbaba
M02801,Cairo Care 2801,Pharmacy,Micro,2024-03-25,Active,T+1,Cairo,New Cairo
M02802,Royal Online 2802,E-Commerce,Small,2023-01-14,Active,T+1,Cairo,Mokattam
M02803,Smart Kitchen 2803,Restaurants,Micro,2022-08-08,Active,T+0,Giza,Dokki
M02804,Family Bites 2804,Restaurants,Micro,2022-05-21,Active,T+0,Dakahlia,Belqas
M02805,Royal Mart 2805,Grocery,Micro,2025-10-12,Active,T+1,Cairo,New Cairo
M02806,Urban Mart 2806,Grocery,Micro,2024-05-07,Active,T+1,Cairo,Nasr City
M02807,Metro Kitchen 2807,Restaurants,Small,2022-09-16,Active,T+1,Giza,6th of October
M02808,Sun Store 2808,E-Commerce,Micro,2022-11-20,Active,T+1,Beheira,Kafr El Dawwar - Central
M02809,Royal Care 2809,Pharmacy,Micro,2021-11-03,Temporarily Suspended,T+1,Cairo,Nasr City - Central
M02810,Royal Market 2810,Grocery,Micro,2022-03-14,Active,T+1,Gharbia,El Mahalla El Kubra
M02811,Urban Mart 2811,Grocery,Small,2021-06-06,Active,T+0,Qena,Qus
M02812,Green Online 2812,E-Commerce,Small,2023-03-02,Active,T+2,Alexandria,Borg El Arab
M02813,Urban Mart 2813,Grocery,Small,2022-06-16,Active,T+2,Cairo,Heliopolis - Central
M02814,Prime Foods 2814,Grocery,Medium,2023-09-29,Active,T+2,Giza,Haram - Central
M02815,Sun Electronics 2815,Electronics,Micro,2024-03-24,Active,T+1,Qalyubia,Banha - Central
M02816,Urban Kitchen 2816,Restaurants,Medium,2025-11-05,Active,T+2,Cairo,Nasr City
M02817,Lotus Ride 2817,Transportation,Micro,2023-02-25,Active,T+1,Alexandria,Agami
M02818,Royal Kitchen 2818,Restaurants,Micro,2023-07-19,Active,T+1,Giza,Imbaba
M02819,Family Foods 2819,Grocery,Small,2022-02-10,Active,T+1,Assiut,Dairut
M02820,Nova Transit 2820,Transportation,Small,2024-01-04,Active,T+1,Beheira,Damanhur
M02821,Royal Bites 2821,Restaurants,Micro,2022-08-23,Active,T+1,Giza,6th of October - Central
M02822,Sun Ride 2822,Transportation,Enterprise,2022-07-20,Active,T+1,Giza,Imbaba - Central
M02823,Family Store 2823,E-Commerce,Micro,2023-08-31,Active,T+2,Gharbia,Zefta
M02824,Royal Mart 2824,Grocery,Micro,2023-11-18,Active,T+1,Sharqia,Abu Hammad
M02825,Urban Electronics 2825,Electronics,Micro,2026-05-28,Active,T+0,Dakahlia,Mit Ghamr - Central
M02826,Delta Store 2826,E-Commerce,Micro,2021-08-02,Active,T+0,Luxor,Armant
M02827,Metro Online 2827,E-Commerce,Micro,2022-02-13,Active,T+1,Giza,6th of October - Central
M02828,Smart Mart 2828,Grocery,Micro,2022-10-15,Active,T+1,Alexandria,Stanley - Central
M02829,Quick Online 2829,E-Commerce,Micro,2024-05-12,Active,T+1,Cairo,Downtown - Central
M02830,Sun Market 2830,Grocery,Medium,2022-07-27,Active,T+1,Cairo,Maadi - Central
M02831,Urban Online 2831,E-Commerce,Micro,2024-07-20,Active,T+0,Giza,Haram - Central
M02832,Prime Pharmacy 2832,Pharmacy,Micro,2024-03-16,Active,T+1,Red Sea,Safaga
M02833,Quick Fun 2833,Entertainment,Small,2023-07-21,Active,T+1,Giza,Dokki
M02834,Elite Kitchen 2834,Restaurants,Enterprise,2022-08-31,Active,T+1,Giza,Imbaba - Central
M02835,Sun Mart 2835,Grocery,Small,2023-11-16,Active,T+1,Sharqia,Zagazig
M02836,Pyramid Tech 2836,Electronics,Micro,2021-11-13,Active,T+2,North Sinai,Arish
M02837,Blue Transit 2837,Transportation,Micro,2021-03-09,Temporarily Suspended,T+1,Qalyubia,Khanka
M02838,Lotus Pharmacy 2838,Pharmacy,Micro,2022-06-15,Active,T+2,Monufia,Sadat City
M02839,Elite Store 2839,E-Commerce,Micro,2023-02-13,Active,T+1,Giza,Sheikh Zayed - Central
M02840,Sun Ride 2840,Transportation,Micro,2024-10-15,Active,T+1,Suez,Ain Sokhna
M02841,Cairo Bites 2841,Restaurants,Micro,2022-06-08,Active,T+1,Giza,Haram - Central
M02842,Elite Foods 2842,Grocery,Small,2023-04-21,Active,T+2,Alexandria,Sidi Gaber - Central
M02843,Nile Pharmacy 2843,Pharmacy,Medium,2022-07-22,Active,T+1,Qena,Qena
M02844,Golden Store 2844,E-Commerce,Small,2025-03-11,Active,T+0,Giza,Faisal
M02845,Blue Electronics 2845,Electronics,Small,2023-02-19,Active,T+0,Sharqia,Minya Al Qamh - Central
M02846,Royal Ride 2846,Transportation,Micro,2024-10-02,Active,T+0,Dakahlia,Mit Ghamr
M02847,Delta Style 2847,Fashion,Small,2023-08-05,Active,T+1,Cairo,Maadi
M02848,Blue Health 2848,Healthcare,Small,2021-05-11,Active,T+1,Giza,Imbaba
M02849,Family Academy 2849,Education,Micro,2023-04-07,Active,T+0,Alexandria,Stanley - Central
M02850,Lotus Care 2850,Pharmacy,Medium,2023-11-03,Active,T+1,Aswan,Kom Ombo
M02851,Green Ride 2851,Transportation,Medium,2023-08-21,Temporarily Suspended,T+1,Gharbia,Kafr El Zayat - Central
M02852,Blue Online 2852,E-Commerce,Micro,2023-04-21,Active,T+1,Giza,Sheikh Zayed
M02853,Lotus Kitchen 2853,Restaurants,Micro,2022-11-28,Offboarded,T+1,Cairo,Shubra
M02854,Royal Mart 2854,Grocery,Medium,2021-10-27,Active,T+2,Cairo,Downtown
M02855,Metro Electronics 2855,Electronics,Medium,2024-11-17,Active,T+0,Alexandria,Agami - Central
M02856,Green Fuel 2856,Fuel,Small,2021-11-22,Active,T+2,Giza,Sheikh Zayed
M02857,Urban Store 2857,E-Commerce,Micro,2023-09-29,Active,T+1,Cairo,Mokattam - Central
M02858,Golden Cafe 2858,Restaurants,Small,2022-12-06,Active,T+1,Aswan,Aswan
M02859,Green Transit 2859,Transportation,Small,2024-10-17,Active,T+2,Monufia,Menouf - Central
M02860,Blue Fun 2860,Entertainment,Small,2023-12-09,Active,T+2,Beheira,Nubaria - Central
M02861,Green Transit 2861,Transportation,Small,2022-01-09,Active,T+1,Port Said,Port Said
M02862,Prime Wear 2862,Fashion,Micro,2022-05-28,Active,T+1,Sharqia,10th of Ramadan - Central
M02863,Cairo Fun 2863,Entertainment,Small,2024-05-16,Active,T+2,Cairo,Heliopolis - Central
M02864,Family Ride 2864,Transportation,Small,2021-01-10,Active,T+1,Giza,Faisal - Central
M02865,Delta Market 2865,Grocery,Micro,2023-12-12,Active,T+2,Qena,Nag Hammadi
M02866,Nova Pharmacy 2866,Pharmacy,Small,2022-06-08,Active,T+2,Cairo,Ain Shams
M02867,Sun Learning 2867,Education,Small,2021-08-22,Active,T+2,Qalyubia,Banha
M02868,Lotus Care 2868,Pharmacy,Small,2022-12-27,Active,T+1,South Sinai,Sharm El Sheikh
M02869,Nile Bites 2869,Restaurants,Micro,2022-06-21,Active,T+2,Giza,Sheikh Zayed - Central
M02870,Royal Mart 2870,Grocery,Micro,2024-04-29,Active,T+0,Cairo,Downtown - Central
M02871,Golden Mobile 2871,Telecom,Micro,2026-05-12,Active,T+2,Alexandria,Borg El Arab - Central
M02872,Sun Market 2872,Grocery,Micro,2023-11-03,Active,T+1,Giza,Dokki - Central
M02873,Nova Academy 2873,Education,Micro,2023-09-01,Active,T+1,Port Said,Port Fouad
M02874,Golden Bites 2874,Restaurants,Micro,2025-05-11,Active,T+1,Giza,Imbaba - Central
M02875,Metro Academy 2875,Education,Small,2021-01-01,Active,T+0,Dakahlia,Mansoura
M02876,Urban Foods 2876,Grocery,Small,2024-09-21,Active,T+2,Gharbia,Kafr El Zayat
M02877,Metro Fun 2877,Entertainment,Small,2022-07-03,Active,T+1,Cairo,Mokattam - Central
M02878,Elite Tech 2878,Electronics,Small,2023-10-22,Active,T+2,Gharbia,Tanta
M02879,Golden Pharmacy 2879,Pharmacy,Micro,2021-09-24,Active,T+1,Alexandria,Borg El Arab - Central
M02880,Pyramid Online 2880,E-Commerce,Micro,2023-03-25,Active,T+2,Cairo,Nasr City - Central
M02881,Blue Kitchen 2881,Restaurants,Small,2024-09-30,Active,T+2,Giza,Imbaba - Central
M02882,Cairo Learning 2882,Education,Micro,2023-07-17,Active,T+2,Cairo,Downtown - Central
M02883,Elite Cafe 2883,Restaurants,Medium,2021-01-09,Active,T+1,Cairo,Ain Shams - Central
M02884,Blue Style 2884,Fashion,Micro,2022-08-08,Active,T+1,Cairo,Shubra
M02885,Nova Store 2885,E-Commerce,Medium,2025-08-18,Active,T+1,Monufia,Menouf
M02886,Pyramid Pharmacy 2886,Pharmacy,Medium,2021-09-25,Offboarded,T+1,Minya,Minya
M02887,Family Style 2887,Fashion,Small,2022-05-01,Active,T+1,Fayoum,Ibshaway
M02888,Royal Clinic 2888,Healthcare,Small,2024-06-13,Active,T+1,Giza,Sheikh Zayed - Central
M02889,Green Electronics 2889,Electronics,Micro,2026-03-11,Active,T+2,Cairo,Nasr City
M02890,Golden Cafe 2890,Restaurants,Medium,2021-07-10,Active,T+1,Beheira,Nubaria
M02891,Cairo Pharmacy 2891,Pharmacy,Micro,2021-09-26,Active,T+2,Cairo,New Cairo
M02892,Sun Market 2892,Grocery,Small,2022-07-04,Active,T+1,Alexandria,Agami - Central
M02893,Cairo Care 2893,Pharmacy,Small,2021-10-21,Active,T+0,Cairo,Heliopolis
M02894,Pyramid Store 2894,E-Commerce,Small,2022-05-09,Active,T+1,Giza,Dokki
M02895,Elite Kitchen 2895,Restaurants,Micro,2024-08-01,Active,T+1,Monufia,Ashmoun - Central
M02896,Elite Academy 2896,Education,Micro,2026-04-14,Active,T+0,Cairo,Shubra
M02897,Metro Mart 2897,Grocery,Micro,2021-09-14,Active,T+1,Gharbia,Zefta - Central
M02898,Quick Market 2898,Grocery,Enterprise,2021-01-06,Active,T+1,Sharqia,Zagazig
M02899,Prime Transit 2899,Transportation,Small,2024-12-19,Active,T+1,Giza,Mohandessin
M02900,Urban Tech 2900,Electronics,Small,2022-11-05,Active,T+2,Monufia,Ashmoun - Central
M02901,Metro Online 2901,E-Commerce,Micro,2025-04-04,Active,T+1,North Sinai,Arish
M02902,Nile Mart 2902,Grocery,Medium,2026-01-16,Active,T+1,Minya,Minya
M02903,Nova Online 2903,E-Commerce,Small,2026-05-22,Active,T+1,Damietta,Damietta - Central
M02904,Pyramid Online 2904,E-Commerce,Micro,2024-11-20,Active,T+1,Qena,Nag Hammadi
M02905,Golden Cafe 2905,Restaurants,Small,2021-07-12,Active,T+1,Alexandria,Sidi Gaber - Central
M02906,Family Cafe 2906,Restaurants,Micro,2024-12-29,Active,T+1,Kafr El Sheikh,Sidi Salem - Central
M02907,Smart Care 2907,Pharmacy,Small,2021-11-19,Active,T+1,Sharqia,10th of Ramadan - Central
M02908,Elite Foods 2908,Grocery,Micro,2022-08-18,Active,T+0,Alexandria,Borg El Arab
M02909,Cairo Market 2909,Grocery,Enterprise,2023-11-07,Active,T+1,Aswan,Edfu
M02910,Royal Style 2910,Fashion,Micro,2022-05-24,Active,T+1,Fayoum,Sinnuris
M02911,Prime Care 2911,Pharmacy,Micro,2023-12-26,Active,T+0,Giza,Mohandessin
M02912,Prime Transit 2912,Transportation,Micro,2023-11-19,Active,T+0,Cairo,Ain Shams
M02913,Pyramid Electronics 2913,Electronics,Micro,2025-12-23,Active,T+0,Giza,6th of October
M02914,Green Bites 2914,Restaurants,Micro,2023-11-17,Active,T+2,Cairo,Nasr City
M02915,Family Kitchen 2915,Restaurants,Medium,2024-08-21,Active,T+1,Aswan,Kom Ombo
M02916,Green Online 2916,E-Commerce,Micro,2022-07-21,Temporarily Suspended,T+2,Giza,Mohandessin
M02917,Smart Foods 2917,Grocery,Medium,2022-12-18,Active,T+1,Luxor,Luxor
M02918,Prime Pharmacy 2918,Pharmacy,Enterprise,2022-04-17,Active,T+2,Kafr El Sheikh,Sidi Salem - Central
M02919,Golden Foods 2919,Grocery,Small,2023-11-22,Active,T+1,Sohag,Girga
M02920,Nile Pharmacy 2920,Pharmacy,Small,2021-10-08,Active,T+0,Luxor,Esna
M02921,Lotus Foods 2921,Grocery,Micro,2022-11-08,Active,T+0,Qalyubia,Obour - Central
M02922,Green Kitchen 2922,Restaurants,Small,2025-09-02,Active,T+0,South Sinai,Dahab
M02923,Urban Transit 2923,Transportation,Micro,2021-10-16,Active,T+1,Minya,Mallawi - Central
M02924,Sun Bites 2924,Restaurants,Small,2026-02-02,Active,T+1,Giza,Sheikh Zayed
M02925,Nova Mart 2925,Grocery,Micro,2022-06-17,Active,T+0,Beni Suef,Nasser - Central
M02926,Metro Wear 2926,Fashion,Medium,2025-08-19,Temporarily Suspended,T+0,Cairo,Maadi
M02927,Smart Cinema 2927,Entertainment,Micro,2022-11-20,Active,T+1,Giza,Haram
M02928,Elite Store 2928,E-Commerce,Small,2024-05-13,Active,T+1,Alexandria,Borg El Arab - Central
M02929,Green Mobile 2929,Telecom,Medium,2021-06-14,Active,T+0,Beni Suef,Beni Suef
M02930,Cairo Wear 2930,Fashion,Micro,2021-09-30,Active,T+2,Monufia,Shebin El Kom
M02931,Pyramid Care 2931,Pharmacy,Small,2026-01-12,Active,T+1,Cairo,New Cairo - Central
M02932,Green Tech 2932,Electronics,Small,2022-09-06,Active,T+1,Alexandria,Agami - Central
M02933,Nile Tech 2933,Electronics,Micro,2023-06-10,Active,T+1,Giza,Sheikh Zayed - Central
M02934,Sun Tech 2934,Electronics,Small,2023-03-13,Active,T+1,Kafr El Sheikh,Baltim - Central
M02935,Sun Transit 2935,Transportation,Medium,2022-02-14,Active,T+2,Giza,Faisal - Central
M02936,Metro Wear 2936,Fashion,Small,2026-03-25,Active,T+1,Cairo,Ain Shams - Central
M02937,Pyramid Bites 2937,Restaurants,Small,2022-09-23,Active,T+0,Cairo,Downtown
M02938,Urban Online 2938,E-Commerce,Small,2024-07-31,Active,T+1,Aswan,Edfu
M02939,Nile Cafe 2939,Restaurants,Small,2021-05-19,Active,T+0,Alexandria,Stanley
M02940,Delta Transit 2940,Transportation,Micro,2022-09-09,Active,T+2,Alexandria,Sidi Gaber - Central
M02941,Smart Online 2941,E-Commerce,Micro,2022-01-04,Active,T+0,Dakahlia,Belqas - Central
M02942,Golden Wear 2942,Fashion,Micro,2021-09-28,Active,T+0,Beni Suef,Nasser - Central
M02943,Cairo Cinema 2943,Entertainment,Medium,2025-03-29,Active,T+1,Cairo,Ain Shams
M02944,Delta Online 2944,E-Commerce,Micro,2026-04-06,Active,T+1,Giza,Faisal
M02945,Pyramid Connect 2945,Telecom,Micro,2021-12-05,Active,T+0,Beheira,Nubaria - Central
M02946,Nile Tech 2946,Electronics,Micro,2022-12-15,Active,T+1,Cairo,Ain Shams - Central
M02947,Delta Foods 2947,Grocery,Small,2023-08-20,Active,T+0,Damietta,New Damietta
M02948,Elite Fuel 2948,Fuel,Enterprise,2025-08-06,Active,T+1,Beni Suef,Beni Suef - Central
M02949,Green Cafe 2949,Restaurants,Small,2022-07-30,Active,T+1,Alexandria,Smouha - Central
M02950,Cairo Cafe 2950,Restaurants,Micro,2022-01-14,Active,T+1,North Sinai,Arish
M02951,Royal Mart 2951,Grocery,Micro,2023-12-27,Active,T+1,Cairo,Nasr City - Central
M02952,Quick Market 2952,Grocery,Micro,2021-05-29,Active,T+1,Alexandria,Agami
M02953,Delta Tech 2953,Electronics,Small,2023-02-27,Active,T+0,Giza,6th of October - Central
M02954,Blue Foods 2954,Grocery,Small,2022-12-02,Active,T+1,Dakahlia,Aga
M02955,Metro Style 2955,Fashion,Micro,2024-12-20,Active,T+2,Matrouh,Marsa Matrouh
M02956,Smart Online 2956,E-Commerce,Micro,2021-05-20,Active,T+1,Alexandria,Sidi Gaber - Central
M02957,Golden Care 2957,Pharmacy,Micro,2022-06-08,Active,T+1,Cairo,New Cairo - Central
M02958,Quick Care 2958,Pharmacy,Micro,2021-10-17,Active,T+1,Cairo,New Cairo - Central
M02959,Lotus Mart 2959,Grocery,Small,2024-02-28,Active,T+1,Luxor,Luxor
M02960,Metro Foods 2960,Grocery,Micro,2021-10-10,Active,T+1,Cairo,Downtown
M02961,Delta Kitchen 2961,Restaurants,Small,2021-08-09,Active,T+0,Alexandria,Agami
M02962,Blue Mart 2962,Grocery,Small,2024-12-18,Active,T+1,Sharqia,Abu Hammad - Central
M02963,Sun Electronics 2963,Electronics,Micro,2023-07-09,Active,T+2,Giza,Haram
M02964,Delta Foods 2964,Grocery,Micro,2026-02-03,Active,T+1,Cairo,Maadi
M02965,Pyramid Electronics 2965,Electronics,Medium,2026-01-14,Active,T+2,Dakahlia,Aga - Central
M02966,Sun Ride 2966,Transportation,Small,2022-09-27,Active,T+1,Alexandria,Borg El Arab
M02967,Nova Wear 2967,Fashion,Micro,2022-08-27,Active,T+1,Monufia,Sadat City
M02968,Delta Health 2968,Healthcare,Micro,2022-02-26,Active,T+2,Fayoum,Sinnuris
M02969,Sun Online 2969,E-Commerce,Micro,2024-07-17,Active,T+0,Giza,Sheikh Zayed
M02970,Quick Station 2970,Fuel,Small,2024-12-08,Active,T+1,Kafr El Sheikh,Sidi Salem - Central
M02971,Pyramid Academy 2971,Education,Micro,2023-05-19,Active,T+1,Cairo,Shubra - Central
M02972,Nile Mart 2972,Grocery,Medium,2022-04-18,Active,T+1,Sharqia,Minya Al Qamh - Central
M02973,Urban Fuel 2973,Fuel,Micro,2022-03-11,Active,T+1,Ismailia,Fayed
M02974,Cairo Ride 2974,Transportation,Medium,2021-06-10,Active,T+1,Suez,Ain Sokhna
M02975,Green Pharmacy 2975,Pharmacy,Small,2022-10-16,Active,T+2,Qalyubia,Shubra El Kheima
M02976,Nova Market 2976,Grocery,Enterprise,2023-05-14,Active,T+1,Kafr El Sheikh,Baltim
M02977,Nova Learning 2977,Education,Small,2023-05-11,Active,T+1,Giza,Faisal
M02978,Elite Tech 2978,Electronics,Small,2021-02-19,Active,T+1,Cairo,Ain Shams
M02979,Sun Transit 2979,Transportation,Medium,2022-04-21,Active,T+0,Giza,Dokki
M02980,Metro Store 2980,E-Commerce,Small,2025-09-08,Active,T+0,Gharbia,Kafr El Zayat
M02981,Royal Store 2981,E-Commerce,Small,2022-07-23,Active,T+1,Assiut,New Assiut
M02982,Sun Foods 2982,Grocery,Small,2022-02-10,Active,T+1,Fayoum,Fayoum
M02983,Pyramid Online 2983,E-Commerce,Small,2023-09-24,Active,T+1,Cairo,Shubra
M02984,Urban Online 2984,E-Commerce,Small,2022-03-20,Active,T+1,Giza,Haram - Central
M02985,Family Pharmacy 2985,Pharmacy,Small,2024-10-10,Active,T+1,Alexandria,Borg El Arab
M02986,Family Fuel 2986,Fuel,Micro,2022-02-15,Active,T+1,Minya,Beni Mazar
M02987,Green Online 2987,E-Commerce,Small,2021-10-02,Active,T+1,Cairo,Shubra
M02988,Green Online 2988,E-Commerce,Small,2026-04-03,Active,T+1,Alexandria,Borg El Arab - Central
M02989,Quick Mart 2989,Grocery,Medium,2021-06-19,Temporarily Suspended,T+2,Giza,Dokki
M02990,Sun Pharmacy 2990,Pharmacy,Micro,2023-08-10,Active,T+2,Cairo,Shubra
M02991,Green Health 2991,Healthcare,Micro,2023-06-03,Active,T+1,Giza,Haram
M02992,Green Electronics 2992,Electronics,Micro,2021-01-13,Active,T+1,Giza,Sheikh Zayed - Central
M02993,Quick Transit 2993,Transportation,Small,2025-04-07,Active,T+1,Qalyubia,Obour - Central
M02994,Prime Mobile 2994,Telecom,Small,2021-01-14,Active,T+0,Cairo,Nasr City - Central
M02995,Smart Care 2995,Pharmacy,Micro,2024-03-01,Active,T+1,Damietta,Ras El Bar - Central
M02996,Cairo Transit 2996,Transportation,Micro,2021-06-22,Active,T+1,Damietta,Ras El Bar - Central
M02997,Green Kitchen 2997,Restaurants,Enterprise,2022-05-04,Active,T+0,Qena,Qena
M02998,Prime Fun 2998,Entertainment,Small,2021-12-22,Active,T+1,Cairo,Nasr City - Central
M02999,Family Market 2999,Grocery,Micro,2022-10-17,Active,T+0,Cairo,Mokattam
M03000,Pyramid Store 3000,E-Commerce,Medium,2023-01-20,Active,T+1,Giza,Sheikh Zayed - Central
M03001,Nova Tech 3001,Electronics,Micro,2023-03-18,Active,T+1,Cairo,Mokattam
M03002,Cairo Pharmacy 3002,Pharmacy,Enterprise,2024-05-26,Active,T+1,Cairo,Downtown
M03003,Prime Electronics 3003,Electronics,Micro,2021-09-03,Active,T+1,Giza,6th of October
M03004,Urban Cafe 3004,Restaurants,Micro,2024-04-27,Active,T+1,Giza,Faisal
M03005,Nile Care 3005,Pharmacy,Micro,2024-10-28,Active,T+0,Alexandria,Stanley
M03006,Sun Fun 3006,Entertainment,Small,2024-08-30,Active,T+1,Giza,Sheikh Zayed
M03007,Sun Store 3007,E-Commerce,Small,2022-10-27,Active,T+1,Giza,Faisal
M03008,Quick Cafe 3008,Restaurants,Micro,2023-11-06,Active,T+0,Dakahlia,Aga
M03009,Elite Foods 3009,Grocery,Small,2021-06-20,Active,T+1,Assiut,New Assiut - Central
M03010,Golden Transit 3010,Transportation,Micro,2024-03-16,Active,T+1,Minya,Minya
M03011,Cairo Health 3011,Healthcare,Micro,2023-02-18,Active,T+1,Gharbia,Kafr El Zayat
M03012,Prime Market 3012,Grocery,Small,2023-01-24,Temporarily Suspended,T+1,Aswan,Kom Ombo
M03013,Royal Bites 3013,Restaurants,Micro,2023-10-14,Active,T+2,Monufia,Menouf - Central
M03014,Quick Style 3014,Fashion,Small,2021-03-16,Active,T+1,Gharbia,Tanta
M03015,Smart Market 3015,Grocery,Small,2023-03-02,Active,T+0,Minya,Minya
M03016,Nile Cafe 3016,Restaurants,Medium,2024-11-23,Active,T+1,Qalyubia,Shubra El Kheima - Central
M03017,Delta Market 3017,Grocery,Small,2025-11-23,Active,T+1,Cairo,Shubra
M03018,Quick Cafe 3018,Restaurants,Medium,2025-08-02,Active,T+1,North Sinai,Bir El Abd
M03019,Lotus Connect 3019,Telecom,Micro,2024-09-11,Active,T+0,Aswan,Edfu
M03020,Golden Academy 3020,Education,Small,2025-03-27,Active,T+1,Giza,6th of October - Central
M03021,Nova Cafe 3021,Restaurants,Small,2023-12-16,Active,T+1,Sharqia,Abu Hammad - Central
M03022,Golden Transit 3022,Transportation,Medium,2024-01-19,Active,T+1,Monufia,Ashmoun - Central
M03023,Urban Ride 3023,Transportation,Medium,2024-08-29,Active,T+1,Beheira,Nubaria
M03024,Nile Learning 3024,Education,Medium,2021-05-18,Offboarded,T+2,Dakahlia,Belqas - Central
M03025,Royal Clinic 3025,Healthcare,Medium,2022-05-01,Active,T+1,Alexandria,Sidi Gaber - Central
M03026,Family Connect 3026,Telecom,Micro,2023-09-29,Active,T+0,Sohag,Akhmim
M03027,Delta Learning 3027,Education,Micro,2025-10-01,Active,T+1,Cairo,Downtown
M03028,Sun Mart 3028,Grocery,Small,2023-06-19,Active,T+0,Cairo,Mokattam - Central
M03029,Blue Foods 3029,Grocery,Enterprise,2022-01-05,Active,T+0,Giza,Sheikh Zayed - Central
M03030,Metro Care 3030,Pharmacy,Micro,2022-11-19,Active,T+1,Giza,Sheikh Zayed - Central
M03031,Family Transit 3031,Transportation,Micro,2022-08-26,Active,T+2,Giza,6th of October
M03032,Pyramid Pharmacy 3032,Pharmacy,Micro,2021-03-19,Active,T+0,Cairo,Shubra
M03033,Sun Online 3033,E-Commerce,Micro,2021-01-04,Active,T+1,Cairo,Maadi - Central
M03034,Lotus Store 3034,E-Commerce,Small,2021-11-29,Active,T+1,Cairo,Heliopolis - Central
M03035,Metro Clinic 3035,Healthcare,Micro,2021-01-28,Offboarded,T+2,Cairo,New Cairo
M03036,Sun Health 3036,Healthcare,Medium,2021-06-27,Active,T+2,Sohag,Tahta
M03037,Blue Health 3037,Healthcare,Small,2024-01-25,Active,T+1,Giza,Imbaba
M03038,Cairo Pharmacy 3038,Pharmacy,Small,2021-07-19,Active,T+1,Giza,Faisal
M03039,Lotus Store 3039,E-Commerce,Micro,2023-04-28,Active,T+1,Alexandria,Agami
M03040,Blue Store 3040,E-Commerce,Micro,2024-07-22,Active,T+0,Giza,6th of October
M03041,Royal Cafe 3041,Restaurants,Small,2022-12-04,Active,T+0,Giza,Haram - Central
M03042,Nova Market 3042,Grocery,Small,2021-07-25,Active,T+1,Cairo,Maadi
M03043,Pyramid Bites 3043,Restaurants,Micro,2022-05-12,Active,T+1,Cairo,Heliopolis - Central
M03044,Elite Cafe 3044,Restaurants,Micro,2023-10-14,Active,T+0,Giza,Imbaba - Central
M03045,Golden Online 3045,E-Commerce,Small,2024-05-30,Active,T+2,Port Said,Port Said
M03046,Lotus Market 3046,Grocery,Micro,2023-07-27,Active,T+1,Red Sea,Safaga
M03047,Green Bites 3047,Restaurants,Medium,2023-03-04,Offboarded,T+1,Cairo,New Cairo
M03048,Family Market 3048,Grocery,Micro,2021-12-22,Active,T+1,Cairo,Nasr City - Central
M03049,Metro Foods 3049,Grocery,Micro,2022-01-02,Active,T+1,Cairo,Downtown
M03050,Sun Cinema 3050,Entertainment,Small,2021-10-21,Active,T+0,Fayoum,Fayoum
M03051,Family Store 3051,E-Commerce,Micro,2022-07-17,Offboarded,T+2,Alexandria,Smouha - Central
M03052,Family Tech 3052,Electronics,Small,2023-11-14,Active,T+1,Red Sea,Marsa Alam
M03053,Delta Care 3053,Pharmacy,Micro,2023-07-19,Active,T+1,Giza,Mohandessin
M03054,Cairo Bites 3054,Restaurants,Micro,2025-10-11,Active,T+1,Fayoum,Ibshaway
M03055,Quick Online 3055,E-Commerce,Small,2021-01-03,Active,T+1,Suez,Ain Sokhna - Central
M03056,Quick Wear 3056,Fashion,Micro,2023-03-20,Active,T+0,Sharqia,Belbeis
M03057,Nova Connect 3057,Telecom,Medium,2023-12-17,Active,T+2,Giza,Sheikh Zayed
M03058,Delta Market 3058,Grocery,Medium,2021-06-21,Active,T+2,Alexandria,Agami
M03059,Royal Kitchen 3059,Restaurants,Micro,2026-04-19,Active,T+1,Cairo,Ain Shams - Central
M03060,Pyramid Health 3060,Healthcare,Micro,2021-11-23,Active,T+1,Giza,Faisal
M03061,Urban Care 3061,Pharmacy,Small,2023-11-18,Active,T+2,Beheira,Damanhur - Central
M03062,Prime Market 3062,Grocery,Medium,2025-03-13,Active,T+1,Cairo,Shubra
M03063,Smart Care 3063,Pharmacy,Small,2024-01-01,Active,T+0,Fayoum,Ibshaway
M03064,Prime Pharmacy 3064,Pharmacy,Enterprise,2022-05-06,Active,T+1,Cairo,Mokattam - Central
M03065,Cairo Pharmacy 3065,Pharmacy,Micro,2022-11-19,Active,T+1,Dakahlia,Mit Ghamr
M03066,Blue Online 3066,E-Commerce,Small,2024-03-19,Active,T+1,Minya,Mallawi
M03067,Royal Market 3067,Grocery,Medium,2024-05-06,Active,T+1,Cairo,New Cairo
M03068,Smart Online 3068,E-Commerce,Micro,2023-02-26,Active,T+1,Cairo,Mokattam - Central
M03069,Quick Ride 3069,Transportation,Small,2023-11-27,Active,T+1,Cairo,Heliopolis - Central
M03070,Pyramid Foods 3070,Grocery,Micro,2021-01-26,Active,T+0,Fayoum,Fayoum - Central
M03071,Royal Fuel 3071,Fuel,Small,2022-02-18,Active,T+0,Cairo,Nasr City
M03072,Pyramid Electronics 3072,Electronics,Small,2022-09-08,Temporarily Suspended,T+1,Assiut,New Assiut - Central
M03073,Sun Kitchen 3073,Restaurants,Medium,2022-01-28,Active,T+1,Dakahlia,Aga
M03074,Nile Bites 3074,Restaurants,Micro,2023-05-02,Active,T+1,Giza,Sheikh Zayed - Central
M03075,Smart Ride 3075,Transportation,Small,2025-04-01,Active,T+0,Fayoum,Fayoum - Central
M03076,Nile Fun 3076,Entertainment,Small,2022-05-05,Active,T+1,Cairo,Shubra - Central
M03077,Nile Mobile 3077,Telecom,Micro,2022-10-15,Active,T+2,Minya,Minya
M03078,Delta Electronics 3078,Electronics,Small,2022-03-22,Active,T+2,Giza,Sheikh Zayed - Central
M03079,Nova Learning 3079,Education,Medium,2021-09-08,Active,T+1,Sharqia,10th of Ramadan - Central
M03080,Lotus Foods 3080,Grocery,Small,2024-10-28,Active,T+0,Luxor,Armant
M03081,Smart Pharmacy 3081,Pharmacy,Micro,2021-07-06,Active,T+2,Alexandria,Miami - Central
M03082,Green Care 3082,Pharmacy,Micro,2021-04-06,Active,T+2,Dakahlia,Mit Ghamr
M03083,Golden Cafe 3083,Restaurants,Medium,2023-03-11,Active,T+1,Cairo,Mokattam - Central
M03084,Green Wear 3084,Fashion,Small,2023-12-26,Active,T+0,Cairo,Ain Shams
M03085,Nile Electronics 3085,Electronics,Medium,2023-12-12,Active,T+2,Dakahlia,Aga
M03086,Family Market 3086,Grocery,Small,2025-03-28,Active,T+1,Alexandria,Borg El Arab
M03087,Quick Market 3087,Grocery,Micro,2022-10-06,Active,T+1,Luxor,Armant
M03088,Prime Fun 3088,Entertainment,Small,2021-10-12,Active,T+1,Red Sea,Safaga
M03089,Elite Academy 3089,Education,Small,2021-11-11,Active,T+1,Dakahlia,Aga
M03090,Nile Kitchen 3090,Restaurants,Small,2024-05-25,Temporarily Suspended,T+1,Kafr El Sheikh,Sidi Salem - Central
M03091,Royal Market 3091,Grocery,Medium,2024-05-11,Active,T+0,Sharqia,10th of Ramadan
M03092,Lotus Electronics 3092,Electronics,Small,2021-03-07,Active,T+0,Giza,Faisal
M03093,Quick Ride 3093,Transportation,Small,2022-04-14,Active,T+0,Giza,Mohandessin
M03094,Green Wear 3094,Fashion,Medium,2022-01-14,Active,T+1,Dakahlia,Aga
M03095,Golden Foods 3095,Grocery,Small,2023-05-01,Active,T+0,Giza,6th of October
M03096,Royal Care 3096,Pharmacy,Medium,2023-11-16,Active,T+0,Qena,Qena
M03097,Green Bites 3097,Restaurants,Micro,2023-09-08,Active,T+0,Dakahlia,Talkha
M03098,Delta Care 3098,Pharmacy,Medium,2025-07-24,Active,T+1,Alexandria,Stanley
M03099,Lotus Pharmacy 3099,Pharmacy,Small,2026-05-17,Active,T+0,Giza,6th of October - Central
M03100,Elite Transit 3100,Transportation,Enterprise,2023-02-20,Active,T+2,Cairo,Shubra
M03101,Golden Mart 3101,Grocery,Medium,2025-03-05,Active,T+0,Aswan,Aswan
M03102,Elite Ride 3102,Transportation,Small,2024-06-01,Active,T+1,Alexandria,Agami - Central
M03103,Nova Care 3103,Pharmacy,Micro,2021-09-11,Active,T+0,Dakahlia,Mit Ghamr - Central
M03104,Cairo Kitchen 3104,Restaurants,Small,2021-04-16,Active,T+1,Qalyubia,Banha
M03105,Elite Kitchen 3105,Restaurants,Small,2025-03-30,Active,T+1,Cairo,Heliopolis - Central
M03106,Metro Foods 3106,Grocery,Micro,2023-08-05,Active,T+1,Dakahlia,Mansoura - Central
M03107,Green Bites 3107,Restaurants,Micro,2023-11-24,Active,T+1,Cairo,Maadi
M03108,Cairo Foods 3108,Grocery,Small,2022-11-06,Active,T+0,Minya,Samalut - Central
M03109,Nile Market 3109,Grocery,Micro,2022-11-23,Active,T+1,Alexandria,Stanley - Central
M03110,Smart Store 3110,E-Commerce,Medium,2021-08-27,Active,T+1,Cairo,Mokattam - Central
M03111,Sun Bites 3111,Restaurants,Small,2023-05-05,Active,T+2,Port Said,Port Fouad
M03112,Nova Fuel 3112,Fuel,Medium,2024-04-03,Active,T+2,Cairo,Downtown
M03113,Pyramid Fun 3113,Entertainment,Medium,2023-06-25,Active,T+0,Giza,Sheikh Zayed
M03114,Royal Bites 3114,Restaurants,Medium,2022-04-15,Active,T+1,Giza,Mohandessin - Central
M03115,Delta Bites 3115,Restaurants,Micro,2024-04-04,Active,T+1,Giza,Imbaba
M03116,Elite Electronics 3116,Electronics,Micro,2021-11-23,Active,T+2,Cairo,Shubra
M03117,Delta Wear 3117,Fashion,Medium,2024-11-01,Active,T+1,Damietta,Damietta
M03118,Elite Learning 3118,Education,Small,2023-03-05,Active,T+1,Giza,Dokki - Central
M03119,Smart Connect 3119,Telecom,Micro,2024-11-16,Active,T+1,Dakahlia,Belqas
M03120,Nile Cafe 3120,Restaurants,Micro,2021-09-05,Active,T+1,Alexandria,Sidi Gaber - Central
M03121,Prime Pharmacy 3121,Pharmacy,Micro,2022-09-17,Active,T+1,Giza,Mohandessin
M03122,Elite Market 3122,Grocery,Small,2022-10-18,Active,T+2,Cairo,Mokattam
M03123,Green Kitchen 3123,Restaurants,Small,2024-12-31,Active,T+0,Sharqia,Belbeis - Central
M03124,Family Station 3124,Fuel,Small,2021-06-04,Active,T+1,Sharqia,Minya Al Qamh - Central
M03125,Smart Care 3125,Pharmacy,Small,2021-09-14,Offboarded,T+1,Cairo,New Cairo
M03126,Pyramid Store 3126,E-Commerce,Micro,2022-08-20,Active,T+1,Cairo,Downtown - Central
M03127,Elite Mobile 3127,Telecom,Enterprise,2023-08-15,Active,T+2,Monufia,Sadat City
M03128,Smart Station 3128,Fuel,Medium,2024-09-17,Temporarily Suspended,T+1,Alexandria,Stanley
M03129,Green Mart 3129,Grocery,Medium,2022-08-28,Active,T+1,Monufia,Ashmoun
M03130,Golden Style 3130,Fashion,Micro,2021-03-10,Active,T+0,North Sinai,Bir El Abd
M03131,Blue Transit 3131,Transportation,Medium,2024-07-14,Active,T+1,Aswan,Aswan
M03132,Lotus Wear 3132,Fashion,Small,2021-08-26,Active,T+1,Giza,Mohandessin - Central
M03133,Urban Kitchen 3133,Restaurants,Micro,2025-11-19,Active,T+0,Cairo,Downtown
M03134,Metro Fun 3134,Entertainment,Small,2021-02-03,Active,T+1,Giza,Haram
M03135,Lotus Wear 3135,Fashion,Small,2022-12-28,Active,T+1,Luxor,Luxor
M03136,Delta Market 3136,Grocery,Small,2021-02-06,Active,T+1,Alexandria,Borg El Arab - Central
M03137,Delta Market 3137,Grocery,Enterprise,2024-08-30,Active,T+1,Giza,Mohandessin - Central
M03138,Royal Tech 3138,Electronics,Small,2022-04-18,Active,T+2,Cairo,Ain Shams
M03139,Family Health 3139,Healthcare,Enterprise,2025-04-02,Offboarded,T+2,Giza,Dokki - Central
M03140,Golden Tech 3140,Electronics,Micro,2024-06-13,Active,T+1,Dakahlia,Talkha - Central
M03141,Blue Foods 3141,Grocery,Medium,2021-06-08,Active,T+2,South Sinai,Dahab
M03142,Urban Foods 3142,Grocery,Micro,2022-10-29,Active,T+0,Cairo,Maadi
M03143,Sun Tech 3143,Electronics,Small,2024-08-28,Active,T+1,Assiut,Assiut
M03144,Sun Ride 3144,Transportation,Small,2022-08-22,Active,T+1,Cairo,Downtown - Central
M03145,Blue Mart 3145,Grocery,Small,2022-11-01,Active,T+1,Cairo,Shubra
M03146,Urban Market 3146,Grocery,Small,2024-10-05,Active,T+1,Beheira,Kafr El Dawwar
M03147,Nova Style 3147,Fashion,Medium,2026-04-28,Active,T+0,Dakahlia,Talkha - Central
M03148,Golden Fuel 3148,Fuel,Enterprise,2023-03-19,Active,T+1,Assiut,Assiut - Central
M03149,Delta Bites 3149,Restaurants,Medium,2024-12-11,Active,T+1,Sohag,Akhmim
M03150,Green Kitchen 3150,Restaurants,Small,2024-10-28,Active,T+0,Beni Suef,New Beni Suef - Central
M03151,Blue Fun 3151,Entertainment,Small,2023-08-21,Active,T+1,Fayoum,Sinnuris
M03152,Lotus Online 3152,E-Commerce,Small,2023-04-24,Active,T+0,Sharqia,10th of Ramadan - Central
M03153,Blue Connect 3153,Telecom,Small,2021-07-17,Active,T+1,Giza,Sheikh Zayed - Central
M03154,Prime Kitchen 3154,Restaurants,Micro,2023-10-22,Active,T+2,Cairo,Nasr City - Central
M03155,Nova Market 3155,Grocery,Small,2022-03-18,Active,T+1,Qalyubia,Qalyub - Central
M03156,Smart Kitchen 3156,Restaurants,Small,2023-12-21,Active,T+0,Fayoum,Fayoum
M03157,Royal Station 3157,Fuel,Small,2021-09-13,Active,T+1,Cairo,Maadi - Central
M03158,Delta Pharmacy 3158,Pharmacy,Micro,2024-01-20,Active,T+2,Giza,6th of October - Central
M03159,Golden Care 3159,Pharmacy,Micro,2022-12-16,Active,T+2,Qalyubia,Banha
M03160,Lotus Transit 3160,Transportation,Small,2021-11-16,Active,T+1,Beheira,Rashid
M03161,Metro Store 3161,E-Commerce,Micro,2021-10-31,Active,T+1,Cairo,Downtown
M03162,Smart Store 3162,E-Commerce,Medium,2025-10-24,Active,T+1,Cairo,Mokattam
M03163,Sun Transit 3163,Transportation,Micro,2025-12-15,Active,T+0,Giza,Haram - Central
M03164,Sun Pharmacy 3164,Pharmacy,Micro,2021-04-07,Active,T+2,Beheira,Rashid - Central
M03165,Cairo Foods 3165,Grocery,Small,2024-01-27,Active,T+1,Cairo,Heliopolis - Central
M03166,Metro Care 3166,Pharmacy,Medium,2021-10-18,Active,T+0,Giza,Sheikh Zayed - Central
M03167,Prime Online 3167,E-Commerce,Small,2024-03-17,Active,T+1,Giza,Imbaba
M03168,Urban Mart 3168,Grocery,Micro,2022-06-27,Active,Unknown,Dakahlia,Talkha - Central
M03169,Metro Online 3169,E-Commerce,Micro,2022-11-12,Active,T+1,Cairo,Mokattam - Central
M03170,Cairo Style 3170,Fashion,Micro,2021-03-27,Active,T+1,Cairo,Nasr City
M03171,Golden Cafe 3171,Restaurants,Small,2024-05-26,Active,T+0,Beheira,Nubaria - Central
M03172,Green Style 3172,Fashion,Micro,2022-10-19,Temporarily Suspended,T+1,Qalyubia,Khanka
M03173,Metro Online 3173,E-Commerce,Micro,2024-02-21,Active,T+1,Sharqia,Abu Hammad
M03174,Lotus Cafe 3174,Restaurants,Micro,2021-07-08,Active,T+2,Alexandria,Borg El Arab - Central
M03175,Elite Market 3175,Grocery,Small,2022-02-24,Active,T+2,Cairo,Shubra - Central
M03176,Green Electronics 3176,Electronics,Small,2022-11-20,Active,T+1,Cairo,Heliopolis
M03177,Prime Electronics 3177,Electronics,Small,2023-06-01,Active,T+0,Giza,Imbaba - Central
M03178,Smart Academy 3178,Education,Medium,2022-10-13,Active,T+1,Alexandria,Smouha - Central
M03179,Prime Wear 3179,Fashion,Small,2021-02-18,Active,T+0,Cairo,New Cairo - Central
M03180,Smart Academy 3180,Education,Small,2023-11-09,Active,T+2,Cairo,Heliopolis - Central
M03181,Cairo Ride 3181,Transportation,Small,2021-02-13,Active,T+1,Qena,Nag Hammadi
M03182,Royal Ride 3182,Transportation,Micro,2021-09-07,Active,T+1,Fayoum,Sinnuris - Central
M03183,Pyramid Online 3183,E-Commerce,Medium,2023-08-05,Active,T+2,Cairo,Shubra
M03184,Pyramid Wear 3184,Fashion,Small,2022-06-06,Active,T+2,Ismailia,Qantara - Central
M03185,Golden Mart 3185,Grocery,Small,2022-05-25,Active,T+2,Suez,Suez
M03186,Metro Store 3186,E-Commerce,Medium,2022-01-27,Active,T+2,Qena,Qus
M03187,Lotus Fuel 3187,Fuel,Medium,2023-12-24,Active,T+1,Aswan,Edfu
M03188,Nova Style 3188,Fashion,Micro,2024-11-16,Active,T+0,Giza,Dokki - Central
M03189,Lotus Station 3189,Fuel,Medium,2023-10-08,Active,T+0,Alexandria,Miami - Central
M03190,Family Online 3190,E-Commerce,Micro,2026-01-19,Active,T+1,Gharbia,Zefta
M03191,Lotus Kitchen 3191,Restaurants,Enterprise,2022-08-09,Active,T+0,Alexandria,Smouha
M03192,Golden Market 3192,Grocery,Small,2023-11-28,Active,T+1,Qalyubia,Banha - Central
M03193,Royal Mobile 3193,Telecom,Medium,2024-02-09,Active,T+1,Cairo,Downtown - Central
M03194,Sun Clinic 3194,Healthcare,Micro,2024-10-12,Active,T+1,Giza,Faisal - Central
M03195,Nile Wear 3195,Fashion,Micro,2025-09-10,Active,T+1,Giza,Imbaba
M03196,Metro Tech 3196,Electronics,Micro,2024-07-12,Active,T+1,Giza,Imbaba - Central
M03197,Green Ride 3197,Transportation,Micro,2023-10-03,Active,T+1,Fayoum,Ibshaway - Central
M03198,Nova Tech 3198,Electronics,Micro,2022-09-21,Active,T+1,Giza,Dokki - Central
M03199,Pyramid Cafe 3199,Restaurants,Micro,2025-10-19,Active,T+0,Giza,Haram
M03200,Sun Kitchen 3200,Restaurants,Medium,2024-09-22,Active,T+1,Sharqia,Zagazig
M03201,Green Store 3201,E-Commerce,Small,2023-04-08,Active,T+1,Giza,Imbaba - Central
M03202,Quick Ride 3202,Transportation,Micro,2023-11-16,Temporarily Suspended,T+1,Giza,6th of October
M03203,Elite Mart 3203,Grocery,Medium,2024-12-13,Active,T+1,Assiut,Dairut
M03204,Blue Care 3204,Pharmacy,Micro,2023-07-19,Active,T+2,Giza,Haram
M03205,Lotus Health 3205,Healthcare,Micro,2021-06-29,Temporarily Suspended,T+1,Giza,Mohandessin - Central
M03206,Prime Bites 3206,Restaurants,Micro,2024-10-11,Active,T+0,Giza,Sheikh Zayed
M03207,Quick Tech 3207,Electronics,Micro,2022-07-29,Active,T+2,Port Said,Port Said
M03208,Lotus Bites 3208,Restaurants,Small,2023-09-28,Active,T+2,Matrouh,El Alamein
M03209,Golden Online 3209,E-Commerce,Micro,2024-06-30,Active,T+1,Beheira,Kafr El Dawwar - Central
M03210,Metro Station 3210,Fuel,Micro,2021-03-25,Active,T+1,Giza,Faisal
M03211,Nile Fun 3211,Entertainment,Small,2022-09-08,Active,T+1,Cairo,Maadi - Central
M03212,Smart Foods 3212,Grocery,Small,2023-08-24,Active,T+2,Cairo,Mokattam - Central
M03213,Smart Market 3213,Grocery,Medium,2024-04-24,Active,T+1,Cairo,Shubra
M03214,Royal Wear 3214,Fashion,Micro,2021-10-08,Active,T+1,Gharbia,Zefta - Central
M03215,Golden Ride 3215,Transportation,Small,2021-01-18,Active,T+2,Cairo,Ain Shams
M03216,Nile Ride 3216,Transportation,Small,2021-03-03,Active,T+1,Qalyubia,Obour
M03217,Prime Fun 3217,Entertainment,Micro,2021-01-28,Active,T+2,Red Sea,Hurghada
M03218,Royal Cafe 3218,Restaurants,Micro,2021-07-29,Active,T+1,Kafr El Sheikh,Desouk - Central
M03219,Blue Tech 3219,Electronics,Micro,2021-03-30,Temporarily Suspended,T+1,Giza,Haram - Central
M03220,Nova Cinema 3220,Entertainment,Micro,2022-10-31,Active,T+1,Cairo,Heliopolis
M03221,Urban Kitchen 3221,Restaurants,Micro,2024-08-19,Active,T+1,Cairo,Downtown - Central
M03222,Delta Wear 3222,Fashion,Micro,2021-03-09,Active,T+2,Giza,Dokki - Central
M03223,Green Pharmacy 3223,Pharmacy,Micro,2022-09-21,Active,T+1,Cairo,New Cairo
M03224,Golden Pharmacy 3224,Pharmacy,Small,2024-08-26,Active,T+2,Cairo,New Cairo - Central
M03225,Nile Mobile 3225,Telecom,Micro,2022-06-06,Offboarded,T+2,Suez,Ain Sokhna - Central
M03226,Blue Mobile 3226,Telecom,Small,2021-10-19,Active,Unknown,Giza,Imbaba
M03227,Family Style 3227,Fashion,Medium,2025-12-02,Active,T+1,Giza,Haram - Central
M03228,Elite Bites 3228,Restaurants,Micro,2024-10-07,Active,T+1,Cairo,Mokattam
M03229,Prime Fuel 3229,Fuel,Small,2023-05-05,Active,T+2,Cairo,Shubra - Central
M03230,Quick Foods 3230,Grocery,Medium,2024-11-08,Active,T+1,Giza,Dokki
M03231,Nova Style 3231,Fashion,Micro,2025-03-09,Active,T+2,Suez,Ain Sokhna - Central
M03232,Nova Kitchen 3232,Restaurants,Micro,2024-03-30,Active,T+0,Beheira,Nubaria - Central
M03233,Royal Mart 3233,Grocery,Micro,2021-04-01,Active,T+1,Giza,Faisal
M03234,Blue Bites 3234,Restaurants,Micro,2025-06-26,Active,T+1,Alexandria,Stanley - Central
M03235,Prime Foods 3235,Grocery,Small,2021-08-05,Active,T+1,Monufia,Shebin El Kom - Central
M03236,Prime Station 3236,Fuel,Enterprise,2023-08-07,Active,T+1,Beheira,Kafr El Dawwar
M03237,Urban Online 3237,E-Commerce,Micro,2024-01-03,Active,T+0,Giza,Haram
M03238,Golden Fuel 3238,Fuel,Small,2021-08-02,Active,T+0,Qena,Nag Hammadi
M03239,Delta Transit 3239,Transportation,Micro,2023-01-14,Active,T+1,Fayoum,Ibshaway
M03240,Royal Market 3240,Grocery,Medium,2025-05-27,Active,T+1,Giza,6th of October
M03241,Blue Market 3241,Grocery,Small,2021-03-01,Active,T+0,Sharqia,Zagazig
M03242,Nile Electronics 3242,Electronics,Micro,2023-05-18,Active,T+1,North Sinai,Arish
M03243,Metro Ride 3243,Transportation,Micro,2023-08-09,Active,T+1,Dakahlia,Aga - Central
M03244,Elite Mart 3244,Grocery,Micro,2025-12-18,Active,T+1,Giza,Sheikh Zayed - Central
M03245,Royal Care 3245,Pharmacy,Medium,2022-05-16,Active,T+0,Qalyubia,Banha
M03246,Cairo Mobile 3246,Telecom,Medium,2021-10-14,Active,T+1,Suez,Suez
M03247,Nova Pharmacy 3247,Pharmacy,Small,2023-02-07,Active,T+2,Giza,Haram - Central
M03248,Lotus Electronics 3248,Electronics,Small,2024-12-14,Active,T+0,Beheira,Kafr El Dawwar - Central
M03249,Sun Store 3249,E-Commerce,Small,2022-02-10,Active,T+2,Cairo,Heliopolis
M03250,Cairo Mart 3250,Grocery,Small,2024-03-27,Active,T+1,Giza,6th of October
M03251,Nile Care 3251,Pharmacy,Micro,2023-11-10,Active,T+1,Giza,Faisal - Central
M03252,Cairo Care 3252,Pharmacy,Medium,2022-11-22,Active,T+1,Alexandria,Smouha
M03253,Quick Foods 3253,Grocery,Micro,2023-04-18,Active,T+0,Cairo,Mokattam
M03254,Blue Cafe 3254,Restaurants,Medium,2021-05-10,Active,T+2,Cairo,Downtown - Central
M03255,Blue Bites 3255,Restaurants,Small,2023-08-25,Active,T+1,Sohag,Sohag
M03256,Delta Care 3256,Pharmacy,Small,2026-05-12,Active,T+1,Ismailia,Qantara
M03257,Smart Electronics 3257,Electronics,Micro,2024-05-12,Active,T+0,Qena,Nag Hammadi
M03258,Metro Online 3258,E-Commerce,Small,2024-08-13,Active,T+0,Sohag,Akhmim
M03259,Nova Transit 3259,Transportation,Small,2022-08-20,Active,T+1,Giza,Dokki - Central
M03260,Elite Transit 3260,Transportation,Micro,2024-08-26,Active,T+2,Alexandria,Borg El Arab - Central
M03261,Nova Transit 3261,Transportation,Micro,2023-07-27,Active,T+0,Beni Suef,New Beni Suef
M03262,Metro Store 3262,E-Commerce,Micro,2022-11-19,Temporarily Suspended,T+1,Assiut,Manfalut - Central
M03263,Nova Foods 3263,Grocery,Micro,2025-08-20,Active,T+1,Luxor,Esna
M03264,Delta Transit 3264,Transportation,Micro,2021-01-01,Active,T+1,Qalyubia,Khanka
M03265,Nile Kitchen 3265,Restaurants,Small,2021-07-20,Active,T+1,Sharqia,Minya Al Qamh
M03266,Golden Mart 3266,Grocery,Small,2024-02-10,Active,Unknown,Monufia,Shebin El Kom
M03267,Pyramid Wear 3267,Fashion,Medium,2023-03-10,Active,T+1,Alexandria,Smouha
M03268,Nova Mart 3268,Grocery,Micro,2022-03-12,Active,T+1,Sharqia,Abu Hammad - Central
M03269,Quick Pharmacy 3269,Pharmacy,Small,2023-09-19,Active,T+0,Alexandria,Sidi Gaber - Central
M03270,Golden Mobile 3270,Telecom,Micro,2025-01-27,Active,T+1,Gharbia,El Mahalla El Kubra
M03271,Lotus Bites 3271,Restaurants,Small,2024-06-18,Active,T+1,Cairo,Mokattam - Central
M03272,Family Wear 3272,Fashion,Small,2021-08-22,Active,T+1,Giza,6th of October
M03273,Cairo Store 3273,E-Commerce,Small,2022-06-18,Active,T+1,Giza,Dokki - Central
M03274,Metro Cafe 3274,Restaurants,Micro,2022-06-08,Active,T+1,Sharqia,10th of Ramadan
M03275,Quick Tech 3275,Electronics,Medium,2024-06-07,Active,T+1,Giza,Sheikh Zayed - Central
M03276,Sun Mart 3276,Grocery,Micro,2022-08-11,Active,T+1,Kafr El Sheikh,Baltim
M03277,Prime Fuel 3277,Fuel,Small,2023-05-08,Active,T+1,Dakahlia,Mit Ghamr - Central
M03278,Lotus Academy 3278,Education,Small,2024-06-28,Active,T+0,Beheira,Nubaria
M03279,Delta Style 3279,Fashion,Small,2023-12-26,Active,T+0,Sohag,Sohag
M03280,Pyramid Mart 3280,Grocery,Micro,2025-07-07,Active,T+0,Dakahlia,Mit Ghamr
M03281,Quick Transit 3281,Transportation,Micro,2025-07-01,Active,T+1,Alexandria,Smouha - Central
M03282,Cairo Mobile 3282,Telecom,Small,2026-01-26,Active,T+0,Monufia,Sadat City - Central
M03283,Delta Mart 3283,Grocery,Micro,2021-08-26,Active,T+1,Cairo,Heliopolis - Central
M03284,Lotus Bites 3284,Restaurants,Small,2021-11-17,Active,T+1,Qalyubia,Shubra El Kheima
M03285,Metro Kitchen 3285,Restaurants,Micro,2024-02-16,Active,T+1,Cairo,Mokattam
M03286,Elite Ride 3286,Transportation,Small,2023-03-19,Active,T+1,Alexandria,Smouha
M03287,Blue Foods 3287,Grocery,Medium,2023-10-28,Active,T+1,Giza,Imbaba
M03288,Lotus Wear 3288,Fashion,Micro,2024-05-22,Active,T+1,Giza,Imbaba - Central
M03289,Sun Fun 3289,Entertainment,Micro,2022-11-18,Active,T+0,Cairo,Maadi - Central
M03290,Sun Store 3290,E-Commerce,Enterprise,2024-05-16,Active,T+0,Alexandria,Smouha - Central
M03291,Elite Station 3291,Fuel,Small,2022-09-18,Active,T+2,Alexandria,Stanley
M03292,Cairo Transit 3292,Transportation,Small,2021-04-21,Active,T+1,Beni Suef,Beni Suef - Central
M03293,Pyramid Connect 3293,Telecom,Medium,2024-12-11,Active,T+1,Cairo,New Cairo
M03294,Nova Foods 3294,Grocery,Small,2023-01-08,Active,T+2,Luxor,Armant
M03295,Nova Station 3295,Fuel,Micro,2024-12-02,Active,T+1,Cairo,Ain Shams - Central
M03296,Blue Style 3296,Fashion,Micro,2022-10-12,Active,T+1,Cairo,New Cairo - Central
M03297,Royal Bites 3297,Restaurants,Small,2025-04-23,Active,T+1,Giza,Mohandessin
M03298,Cairo Style 3298,Fashion,Micro,2024-12-22,Active,T+1,Sohag,Akhmim
M03299,Blue Station 3299,Fuel,Micro,2022-03-23,Active,T+1,Suez,Ain Sokhna
M03300,Sun Foods 3300,Grocery,Medium,2026-02-14,Active,T+0,Cairo,New Cairo
M03301,Golden Market 3301,Grocery,Micro,2023-06-13,Active,T+1,Cairo,Heliopolis
M03302,Royal Market 3302,Grocery,Micro,2023-12-03,Active,T+2,Giza,Dokki
M03303,Green Fuel 3303,Fuel,Small,2023-04-05,Active,T+1,Alexandria,Borg El Arab - Central
M03304,Quick Station 3304,Fuel,Small,2022-02-11,Active,T+1,Beheira,Nubaria
M03305,Cairo Kitchen 3305,Restaurants,Micro,2022-10-07,Active,T+0,Qalyubia,Banha
M03306,Royal Store 3306,E-Commerce,Small,2024-08-10,Active,T+1,Giza,6th of October - Central
M03307,Pyramid Foods 3307,Grocery,Small,2025-09-13,Active,T+1,Beni Suef,Beni Suef - Central
M03308,Royal Mart 3308,Grocery,Small,2024-07-20,Active,T+1,Port Said,Port Said - Central
M03309,Golden Style 3309,Fashion,Small,2024-09-16,Active,T+1,Gharbia,Kafr El Zayat - Central
M03310,Royal Health 3310,Healthcare,Enterprise,2024-03-23,Active,T+0,Aswan,Aswan
M03311,Quick Market 3311,Grocery,Small,2022-06-25,Active,T+1,Giza,Faisal - Central
M03312,Royal Foods 3312,Grocery,Small,2023-05-12,Active,T+1,Giza,Mohandessin - Central
M03313,Metro Online 3313,E-Commerce,Micro,2023-01-18,Active,T+1,Giza,6th of October - Central
M03314,Golden Foods 3314,Grocery,Medium,2025-01-26,Active,T+0,Giza,Sheikh Zayed
M03315,Urban Learning 3315,Education,Micro,2024-01-28,Active,T+1,Giza,6th of October - Central
M03316,Quick Market 3316,Grocery,Small,2022-05-28,Active,T+1,Cairo,Mokattam - Central
M03317,Nile Connect 3317,Telecom,Micro,2023-07-29,Active,T+0,Giza,Dokki
M03318,Cairo Clinic 3318,Healthcare,Small,2021-01-26,Active,T+1,Giza,Sheikh Zayed
M03319,Nile Fun 3319,Entertainment,Micro,2023-07-23,Active,T+1,Gharbia,Tanta - Central
M03320,Metro Cinema 3320,Entertainment,Micro,2021-10-04,Active,T+1,Monufia,Shebin El Kom - Central
M03321,Prime Pharmacy 3321,Pharmacy,Micro,2021-10-14,Active,T+2,Giza,Haram
M03322,Nile Cafe 3322,Restaurants,Small,2023-11-30,Active,T+2,South Sinai,Sharm El Sheikh
M03323,Quick Foods 3323,Grocery,Small,2025-12-06,Active,T+1,Luxor,Luxor
M03324,Nova Tech 3324,Electronics,Medium,2022-01-07,Active,T+1,Cairo,Ain Shams
M03325,Cairo Care 3325,Pharmacy,Small,2025-05-19,Active,T+0,Kafr El Sheikh,Desouk
M03326,Delta Foods 3326,Grocery,Medium,2024-08-30,Active,T+1,Cairo,Maadi - Central
M03327,Sun Ride 3327,Transportation,Micro,2023-05-15,Active,T+1,Alexandria,Sidi Gaber - Central
M03328,Urban Wear 3328,Fashion,Small,2023-06-01,Active,T+0,Minya,Samalut
M03329,Delta Electronics 3329,Electronics,Small,2024-12-09,Active,T+0,Sohag,Akhmim
M03330,Quick Learning 3330,Education,Small,2025-06-20,Active,T+1,Dakahlia,Mansoura
M03331,Family Online 3331,E-Commerce,Medium,2022-06-26,Active,T+1,Alexandria,Stanley
M03332,Prime Wear 3332,Fashion,Micro,2025-12-06,Active,T+1,Cairo,Nasr City
M03333,Urban Kitchen 3333,Restaurants,Small,2025-10-03,Active,T+1,Gharbia,Zefta - Central
M03334,Elite Transit 3334,Transportation,Micro,2021-02-20,Active,T+0,Kafr El Sheikh,Desouk
M03335,Family Transit 3335,Transportation,Medium,2022-03-27,Active,T+2,Qena,Qus
M03336,Lotus Wear 3336,Fashion,Micro,2021-02-10,Active,T+1,Sharqia,Abu Hammad - Central
M03337,Blue Cafe 3337,Restaurants,Small,2022-05-01,Active,T+1,Gharbia,Tanta - Central
M03338,Delta Fuel 3338,Fuel,Small,2021-01-25,Active,T+0,Cairo,Shubra - Central
M03339,Prime Market 3339,Grocery,Micro,2025-07-16,Active,T+1,Beni Suef,Beni Suef - Central
M03340,Blue Mart 3340,Grocery,Small,2022-09-28,Active,T+0,Giza,Haram
M03341,Nile Pharmacy 3341,Pharmacy,Medium,2025-02-27,Active,T+1,Giza,Sheikh Zayed - Central
M03342,Golden Connect 3342,Telecom,Micro,2022-08-24,Active,T+0,Cairo,Downtown - Central
M03343,Green Style 3343,Fashion,Small,2024-09-11,Active,T+2,Cairo,Shubra
M03344,Delta Learning 3344,Education,Small,2021-09-14,Active,T+2,Sharqia,Abu Hammad - Central
M03345,Blue Bites 3345,Restaurants,Micro,2021-07-06,Active,T+0,Giza,6th of October
M03346,Family Online 3346,E-Commerce,Small,2023-08-04,Active,T+0,Cairo,Ain Shams
M03347,Nile Academy 3347,Education,Medium,2024-06-18,Active,T+0,Cairo,Downtown
M03348,Nova Pharmacy 3348,Pharmacy,Micro,2022-11-05,Active,T+1,Alexandria,Borg El Arab - Central
M03349,Urban Market 3349,Grocery,Small,2022-02-08,Active,T+2,Minya,Beni Mazar - Central
M03350,Smart Foods 3350,Grocery,Micro,2021-01-21,Active,T+1,Giza,Imbaba
M03351,Lotus Online 3351,E-Commerce,Medium,2023-02-26,Active,T+1,Luxor,Armant
M03352,Golden Pharmacy 3352,Pharmacy,Enterprise,2023-02-03,Temporarily Suspended,T+2,Cairo,Mokattam
M03353,Smart Clinic 3353,Healthcare,Micro,2021-01-20,Active,T+1,Minya,Beni Mazar
M03354,Nile Station 3354,Fuel,Small,2024-10-20,Active,T+2,Beni Suef,Nasser
M03355,Elite Connect 3355,Telecom,Micro,2022-03-03,Active,T+1,Cairo,New Cairo - Central
M03356,Royal Kitchen 3356,Restaurants,Micro,2024-11-06,Active,T+2,Monufia,Ashmoun - Central
M03357,Green Learning 3357,Education,Micro,2022-10-03,Active,T+2,Qena,Nag Hammadi
M03358,Nova Pharmacy 3358,Pharmacy,Small,2021-08-27,Active,T+1,Cairo,Shubra
M03359,Family Care 3359,Pharmacy,Medium,2025-05-01,Active,T+2,Sohag,Girga
M03360,Quick Cinema 3360,Entertainment,Micro,2025-08-17,Active,T+1,Assiut,Dairut - Central
M03361,Nova Learning 3361,Education,Small,2022-06-06,Active,T+1,Cairo,Nasr City
M03362,Elite Mart 3362,Grocery,Micro,2024-11-14,Active,T+1,Giza,Imbaba - Central
M03363,Cairo Bites 3363,Restaurants,Micro,2023-07-04,Active,T+0,Monufia,Shebin El Kom - Central
M03364,Smart Store 3364,E-Commerce,Medium,2025-11-20,Active,T+2,Qalyubia,Obour - Central
M03365,Cairo Electronics 3365,Electronics,Medium,2024-07-14,Active,T+2,Giza,Dokki - Central
M03366,Family Academy 3366,Education,Micro,2022-02-27,Active,T+1,Alexandria,Stanley - Central
M03367,Blue Mart 3367,Grocery,Micro,2024-05-04,Active,T+2,Giza,Haram
M03368,Blue Market 3368,Grocery,Micro,2024-04-18,Active,T+1,Sharqia,Minya Al Qamh
M03369,Nova Wear 3369,Fashion,Medium,2023-07-29,Active,T+1,Cairo,Nasr City
M03370,Quick Station 3370,Fuel,Medium,2023-08-15,Active,T+2,Sharqia,Belbeis
M03371,Royal Market 3371,Grocery,Micro,2022-03-28,Active,T+0,Giza,Haram
M03372,Cairo Style 3372,Fashion,Micro,2022-10-12,Active,T+1,Giza,Dokki
M03373,Green Kitchen 3373,Restaurants,Small,2023-06-06,Active,T+1,North Sinai,Arish
M03374,Royal Kitchen 3374,Restaurants,Micro,2023-03-24,Active,T+0,Cairo,New Cairo - Central
M03375,Delta Cafe 3375,Restaurants,Small,2022-06-30,Active,T+0,Qena,Nag Hammadi
M03376,Sun Care 3376,Pharmacy,Micro,2024-11-26,Active,T+0,Beheira,Rashid - Central
M03377,Metro Cafe 3377,Restaurants,Micro,2025-07-19,Active,T+1,Kafr El Sheikh,Sidi Salem - Central
M03378,Pyramid Fuel 3378,Fuel,Micro,2022-01-29,Active,T+1,Giza,6th of October - Central
M03379,Lotus Care 3379,Pharmacy,Small,2021-08-18,Active,T+2,Alexandria,Smouha
M03380,Cairo Market 3380,Grocery,Medium,2022-12-08,Active,T+1,Cairo,Heliopolis - Central
M03381,Nile Bites 3381,Restaurants,Medium,2022-01-19,Active,T+1,Dakahlia,Aga
M03382,Green Tech 3382,Electronics,Micro,2021-03-12,Active,T+1,Gharbia,Tanta
M03383,Smart Fuel 3383,Fuel,Small,2025-12-06,Offboarded,T+1,Sharqia,Abu Hammad - Central
M03384,Prime Mart 3384,Grocery,Small,2025-02-28,Active,T+1,Sharqia,Abu Hammad
M03385,Family Foods 3385,Grocery,Medium,2023-05-17,Active,T+0,Monufia,Shebin El Kom
M03386,Lotus Online 3386,E-Commerce,Small,2022-01-29,Active,T+1,Giza,Imbaba - Central
M03387,Smart Connect 3387,Telecom,Small,2023-06-29,Active,T+1,Monufia,Menouf - Central
M03388,Smart Kitchen 3388,Restaurants,Small,2021-08-15,Active,T+2,Cairo,Mokattam
M03389,Green Style 3389,Fashion,Enterprise,2022-08-06,Active,T+2,Gharbia,Kafr El Zayat - Central
M03390,Smart Care 3390,Pharmacy,Medium,2021-04-01,Active,T+1,Aswan,Kom Ombo
M03391,Family Tech 3391,Electronics,Micro,2023-04-26,Active,T+1,Ismailia,Ismailia - Central
M03392,Nova Academy 3392,Education,Medium,2022-08-18,Active,T+0,Giza,Faisal
M03393,Pyramid Fun 3393,Entertainment,Small,2023-05-09,Active,T+1,Alexandria,Borg El Arab - Central
M03394,Golden Electronics 3394,Electronics,Micro,2022-10-07,Active,T+1,Cairo,Maadi - Central
M03395,Nova Ride 3395,Transportation,Small,2023-03-30,Active,T+1,Giza,Imbaba - Central
M03396,Elite Clinic 3396,Healthcare,Medium,2023-09-28,Active,T+1,Luxor,Esna
M03397,Quick Bites 3397,Restaurants,Micro,2021-03-17,Active,T+1,Monufia,Sadat City - Central
M03398,Prime Care 3398,Pharmacy,Enterprise,2021-12-07,Active,T+1,Dakahlia,Mit Ghamr - Central
M03399,Prime Station 3399,Fuel,Micro,2024-05-22,Active,T+2,Gharbia,Kafr El Zayat
M03400,Royal Learning 3400,Education,Micro,2022-03-29,Active,T+0,Sharqia,Minya Al Qamh - Central
M03401,Smart Academy 3401,Education,Micro,2021-10-06,Active,T+2,Red Sea,Safaga
M03402,Sun Foods 3402,Grocery,Small,2025-10-26,Active,T+1,Gharbia,Zefta
M03403,Urban Station 3403,Fuel,Micro,2024-03-08,Active,T+0,Alexandria,Miami - Central
M03404,Lotus Mart 3404,Grocery,Small,2023-09-01,Active,T+0,Qalyubia,Obour
M03405,Metro Pharmacy 3405,Pharmacy,Small,2023-12-20,Active,T+1,Damietta,New Damietta - Central
M03406,Quick Style 3406,Fashion,Micro,2023-01-29,Active,T+2,Aswan,Edfu
M03407,Sun Kitchen 3407,Restaurants,Small,2021-09-14,Active,T+1,Cairo,Shubra
M03408,Blue Electronics 3408,Electronics,Small,2021-05-07,Active,T+2,Cairo,Nasr City
M03409,Green Academy 3409,Education,Medium,2021-02-25,Active,T+0,Kafr El Sheikh,Baltim
M03410,Metro Store 3410,E-Commerce,Micro,2024-01-03,Active,T+1,Cairo,New Cairo
M03411,Delta Online 3411,E-Commerce,Small,2025-02-27,Active,T+1,Giza,Haram - Central
M03412,Pyramid Electronics 3412,Electronics,Small,2024-11-05,Active,T+0,Cairo,Nasr City - Central
M03413,Royal Mart 3413,Grocery,Micro,2022-06-09,Active,T+1,Sharqia,Abu Hammad - Central
M03414,Nile Wear 3414,Fashion,Small,2023-05-13,Active,T+1,Beheira,Damanhur - Central
M03415,Sun Market 3415,Grocery,Small,2023-04-10,Active,T+0,Red Sea,Hurghada
M03416,Smart Pharmacy 3416,Pharmacy,Micro,2024-08-15,Active,T+1,Cairo,Ain Shams
M03417,Nova Store 3417,E-Commerce,Small,2024-02-06,Active,T+1,Qena,Qus
M03418,Sun Foods 3418,Grocery,Enterprise,2023-10-08,Active,T+2,Beheira,Kafr El Dawwar
M03419,Cairo Market 3419,Grocery,Micro,2022-02-27,Active,T+2,Dakahlia,Talkha
M03420,Quick Market 3420,Grocery,Micro,2024-02-27,Temporarily Suspended,T+1,Suez,Ain Sokhna - Central
M03421,Metro Mart 3421,Grocery,Small,2022-07-29,Active,T+1,Qalyubia,Khanka
M03422,Green Mart 3422,Grocery,Medium,2025-05-23,Active,T+1,Giza,Sheikh Zayed - Central
M03423,Family Online 3423,E-Commerce,Medium,2024-03-20,Active,T+1,Cairo,Shubra - Central
M03424,Royal Market 3424,Grocery,Medium,2022-12-30,Active,T+2,Giza,Faisal - Central
M03425,Pyramid Bites 3425,Restaurants,Medium,2023-10-21,Active,T+1,Ismailia,Qantara - Central
M03426,Cairo Bites 3426,Restaurants,Medium,2022-12-20,Active,T+1,Gharbia,Tanta
M03427,Quick Cafe 3427,Restaurants,Micro,2022-10-17,Active,T+2,Kafr El Sheikh,Desouk
M03428,Urban Clinic 3428,Healthcare,Micro,2021-05-13,Active,T+1,Alexandria,Agami
M03429,Royal Foods 3429,Grocery,Micro,2024-05-04,Active,T+0,Sharqia,Abu Hammad - Central
M03430,Smart Style 3430,Fashion,Micro,2025-10-01,Active,T+2,Sharqia,Belbeis - Central
M03431,Elite Kitchen 3431,Restaurants,Micro,2022-04-29,Active,T+1,Beni Suef,New Beni Suef - Central
M03432,Urban Market 3432,Grocery,Micro,2021-12-08,Active,T+1,Damietta,Damietta - Central
M03433,Pyramid Health 3433,Healthcare,Micro,2022-08-29,Active,T+1,Red Sea,Marsa Alam
M03434,Family Ride 3434,Transportation,Micro,2024-07-05,Active,T+0,Fayoum,Ibshaway
M03435,Cairo Station 3435,Fuel,Small,2023-12-05,Active,T+1,Suez,Suez
M03436,Nova Care 3436,Pharmacy,Small,2024-08-07,Active,T+1,Giza,Mohandessin - Central
M03437,Sun Foods 3437,Grocery,Micro,2021-11-09,Active,T+0,Gharbia,Kafr El Zayat - Central
M03438,Cairo Cafe 3438,Restaurants,Small,2022-09-22,Active,T+1,Giza,Haram - Central
M03439,Metro Kitchen 3439,Restaurants,Micro,2026-02-13,Active,T+1,Sohag,Girga
M03440,Lotus Health 3440,Healthcare,Enterprise,2022-08-27,Active,T+0,Cairo,Maadi
M03441,Prime Mart 3441,Grocery,Small,2021-03-28,Active,T+1,Alexandria,Stanley - Central
M03442,Family Academy 3442,Education,Micro,2021-11-27,Active,T+1,Matrouh,Siwa
M03443,Metro Foods 3443,Grocery,Small,2021-06-22,Temporarily Suspended,T+0,Giza,Sheikh Zayed
M03444,Golden Learning 3444,Education,Small,2025-04-30,Active,T+2,Giza,6th of October - Central
M03445,Golden Fun 3445,Entertainment,Micro,2025-05-27,Active,T+0,Qalyubia,Shubra El Kheima
M03446,Royal Learning 3446,Education,Micro,2021-01-03,Active,T+1,Giza,Faisal
M03447,Nova Mart 3447,Grocery,Small,2025-10-22,Active,T+1,Giza,Imbaba
M03448,Prime Cafe 3448,Restaurants,Small,2022-01-11,Active,T+0,Alexandria,Borg El Arab
M03449,Golden Kitchen 3449,Restaurants,Micro,2023-08-24,Active,T+2,Dakahlia,Aga - Central
M03450,Nile Ride 3450,Transportation,Micro,2025-04-25,Active,T+0,Cairo,New Cairo - Central
M03451,Nile Mobile 3451,Telecom,Small,2022-08-01,Active,T+0,Minya,Beni Mazar - Central
M03452,Smart Fun 3452,Entertainment,Micro,2021-09-20,Active,T+0,Qalyubia,Qalyub - Central
M03453,Metro Mart 3453,Grocery,Micro,2021-12-23,Active,T+1,Alexandria,Smouha - Central
M03454,Nile Mart 3454,Grocery,Small,2021-07-04,Active,T+1,Giza,Dokki - Central
M03455,Royal Style 3455,Fashion,Micro,2026-01-03,Active,T+1,Gharbia,Tanta
M03456,Royal Mobile 3456,Telecom,Micro,2023-08-27,Active,T+2,Minya,Samalut
M03457,Cairo Fun 3457,Entertainment,Micro,2022-09-03,Active,T+0,Beheira,Nubaria
M03458,Metro Care 3458,Pharmacy,Micro,2023-09-09,Active,T+2,Cairo,Ain Shams - Central
M03459,Golden Cafe 3459,Restaurants,Small,2021-02-21,Active,T+0,Aswan,Edfu
M03460,Golden Pharmacy 3460,Pharmacy,Medium,2021-06-09,Active,T+1,Suez,Suez - Central
M03461,Prime Market 3461,Grocery,Small,2024-12-24,Active,T+0,Monufia,Shebin El Kom - Central
M03462,Nile Mobile 3462,Telecom,Small,2023-08-26,Active,T+1,Sohag,Girga
M03463,Lotus Health 3463,Healthcare,Small,2021-01-24,Active,T+1,Red Sea,Hurghada
M03464,Lotus Mart 3464,Grocery,Micro,2024-04-03,Active,T+1,North Sinai,Bir El Abd
M03465,Pyramid Mobile 3465,Telecom,Small,2023-02-21,Active,T+1,Sharqia,Belbeis - Central
M03466,Blue Care 3466,Pharmacy,Medium,2021-04-06,Active,T+1,Alexandria,Borg El Arab - Central
M03467,Delta Foods 3467,Grocery,Enterprise,2023-04-14,Active,T+2,Giza,Faisal
M03468,Smart Transit 3468,Transportation,Small,2024-08-06,Active,T+0,Qalyubia,Khanka - Central
M03469,Sun Tech 3469,Electronics,Micro,2024-02-14,Active,T+2,Giza,Dokki
M03470,Family Mobile 3470,Telecom,Micro,2023-08-28,Active,T+1,Luxor,Luxor
M03471,Sun Market 3471,Grocery,Small,2023-09-18,Active,T+1,Giza,Faisal - Central
M03472,Nile Electronics 3472,Electronics,Micro,2023-11-28,Active,T+2,Suez,Ain Sokhna - Central
M03473,Family Pharmacy 3473,Pharmacy,Micro,2024-06-06,Active,T+1,Giza,Dokki - Central
M03474,Cairo Online 3474,E-Commerce,Micro,2021-02-27,Temporarily Suspended,T+1,New Valley,Kharga
M03475,Elite Care 3475,Pharmacy,Micro,2023-06-23,Active,T+1,Alexandria,Borg El Arab
M03476,Urban Bites 3476,Restaurants,Micro,2024-05-06,Active,T+1,Cairo,Ain Shams - Central
M03477,Nile Market 3477,Grocery,Micro,2022-01-30,Active,T+1,Matrouh,Siwa
M03478,Nile Foods 3478,Grocery,Micro,2021-03-30,Active,T+1,Giza,Imbaba - Central
M03479,Nova Foods 3479,Grocery,Micro,2024-11-22,Active,T+1,Damietta,Ras El Bar - Central
M03480,Metro Wear 3480,Fashion,Small,2021-02-22,Active,T+0,Damietta,Ras El Bar
M03481,Lotus Fun 3481,Entertainment,Small,2023-12-08,Active,T+2,Giza,Mohandessin
M03482,Smart Store 3482,E-Commerce,Small,2021-12-09,Active,T+1,Alexandria,Agami - Central
M03483,Golden Market 3483,Grocery,Micro,2021-08-07,Active,T+1,Giza,Dokki - Central
M03484,Prime Foods 3484,Grocery,Micro,2025-03-20,Active,T+1,Sharqia,Zagazig - Central
M03485,Nova Style 3485,Fashion,Micro,2021-11-14,Active,T+1,Dakahlia,Talkha - Central
M03486,Elite Fun 3486,Entertainment,Micro,2022-11-11,Active,T+1,Damietta,Damietta
M03487,Delta Care 3487,Pharmacy,Small,2024-07-02,Active,T+0,Beni Suef,Nasser - Central
M03488,Family Clinic 3488,Healthcare,Micro,2023-03-25,Active,T+0,Cairo,New Cairo - Central
M03489,Nile Foods 3489,Grocery,Micro,2021-02-08,Active,T+1,Cairo,Maadi - Central
M03490,Family Clinic 3490,Healthcare,Small,2023-10-17,Active,T+1,Luxor,Luxor
M03491,Family Health 3491,Healthcare,Small,2024-11-08,Active,T+1,Gharbia,Tanta - Central
M03492,Sun Electronics 3492,Electronics,Micro,2024-07-31,Active,T+1,Cairo,New Cairo - Central
M03493,Nova Care 3493,Pharmacy,Micro,2021-05-16,Active,T+1,Cairo,Mokattam - Central
M03494,Metro Fun 3494,Entertainment,Medium,2023-10-23,Active,T+1,Dakahlia,Talkha
M03495,Urban Wear 3495,Fashion,Micro,2024-02-21,Active,T+2,Beheira,Kafr El Dawwar - Central
M03496,Quick Foods 3496,Grocery,Small,2023-04-22,Active,T+0,Giza,Haram
M03497,Family Electronics 3497,Electronics,Micro,2021-09-18,Active,T+0,Fayoum,Fayoum - Central
M03498,Delta Market 3498,Grocery,Medium,2022-07-07,Active,T+1,Giza,Faisal
M03499,Quick Market 3499,Grocery,Enterprise,2026-03-05,Active,T+1,Cairo,Maadi - Central
M03500,Urban Kitchen 3500,Restaurants,Small,2022-03-07,Active,T+1,Cairo,Nasr City
M03501,Pyramid Style 3501,Fashion,Micro,2024-04-29,Active,T+2,Cairo,Heliopolis
M03502,Royal Store 3502,E-Commerce,Micro,2023-05-21,Active,T+1,Luxor,Luxor
M03503,Urban Ride 3503,Transportation,Micro,2023-04-29,Active,T+2,Alexandria,Miami
M03504,Nile Mart 3504,Grocery,Micro,2024-08-23,Active,T+1,Giza,Sheikh Zayed
M03505,Royal Care 3505,Pharmacy,Medium,2024-02-25,Active,T+2,Alexandria,Smouha
M03506,Royal Mart 3506,Grocery,Medium,2023-03-09,Active,T+2,Giza,Imbaba - Central
M03507,Delta Bites 3507,Restaurants,Small,2022-09-18,Active,T+1,Cairo,Ain Shams - Central
M03508,Urban Store 3508,E-Commerce,Small,2021-05-24,Active,T+1,Cairo,New Cairo
M03509,Prime Bites 3509,Restaurants,Medium,2024-08-26,Active,T+1,Cairo,Mokattam
M03510,Blue Mart 3510,Grocery,Small,2023-08-26,Active,T+1,Alexandria,Miami - Central
M03511,Green Online 3511,E-Commerce,Micro,2023-05-01,Active,T+2,Sharqia,10th of Ramadan - Central
M03512,Elite Ride 3512,Transportation,Micro,2024-08-18,Active,T+1,Aswan,Kom Ombo
M03513,Prime Tech 3513,Electronics,Micro,2021-02-06,Active,T+1,Cairo,Downtown - Central
M03514,Quick Online 3514,E-Commerce,Medium,2021-04-03,Active,T+2,Fayoum,Sinnuris
M03515,Elite Health 3515,Healthcare,Medium,2023-01-19,Active,T+1,Cairo,New Cairo
M03516,Family Mart 3516,Grocery,Micro,2021-07-06,Active,T+1,Giza,Imbaba - Central
M03517,Nova Ride 3517,Transportation,Micro,2022-07-10,Active,T+1,Giza,Mohandessin - Central
M03518,Delta Electronics 3518,Electronics,Micro,2021-08-21,Active,T+1,Port Said,Port Fouad - Central
M03519,Quick Foods 3519,Grocery,Micro,2022-04-15,Active,T+1,Gharbia,Zefta
M03520,Lotus Ride 3520,Transportation,Enterprise,2022-01-28,Active,T+2,Alexandria,Borg El Arab - Central
M03521,Smart Mobile 3521,Telecom,Small,2021-09-09,Active,T+1,Alexandria,Miami - Central
M03522,Nile Fuel 3522,Fuel,Micro,2021-02-20,Offboarded,T+1,Giza,Dokki - Central
M03523,Blue Pharmacy 3523,Pharmacy,Enterprise,2025-07-04,Active,T+1,Cairo,Mokattam - Central
M03524,Lotus Market 3524,Grocery,Medium,2021-05-16,Active,T+1,Giza,Sheikh Zayed - Central
M03525,Cairo Wear 3525,Fashion,Medium,2022-09-07,Active,T+2,Dakahlia,Mansoura - Central
M03526,Green Bites 3526,Restaurants,Micro,2021-10-11,Active,T+2,Cairo,Mokattam - Central
M03527,Cairo Transit 3527,Transportation,Micro,2026-04-21,Active,T+0,Giza,Haram
M03528,Elite Pharmacy 3528,Pharmacy,Small,2024-05-24,Offboarded,T+1,Giza,Dokki
M03529,Cairo Clinic 3529,Healthcare,Micro,2024-05-31,Active,T+1,Cairo,New Cairo
M03530,Sun Care 3530,Pharmacy,Micro,2021-09-23,Active,T+1,Minya,Mallawi - Central
M03531,Green Ride 3531,Transportation,Small,2025-01-01,Active,T+1,Damietta,Faraskour
M03532,Prime Cafe 3532,Restaurants,Medium,2024-10-30,Active,Unknown,Sharqia,10th of Ramadan - Central
M03533,Delta Fun 3533,Entertainment,Medium,2026-01-17,Active,T+2,Cairo,New Cairo - Central
M03534,Golden Ride 3534,Transportation,Micro,2021-04-13,Active,T+1,Giza,6th of October - Central
M03535,Metro Pharmacy 3535,Pharmacy,Micro,2021-01-03,Active,T+0,Beheira,Rashid - Central
M03536,Nova Cinema 3536,Entertainment,Medium,2023-06-21,Active,T+1,Giza,Faisal - Central
M03537,Family Tech 3537,Electronics,Medium,2023-01-02,Active,T+1,Ismailia,Qantara
M03538,Nova Online 3538,E-Commerce,Small,2023-09-07,Active,T+1,Giza,Dokki
M03539,Royal Learning 3539,Education,Small,2023-08-05,Active,T+1,Giza,6th of October - Central
M03540,Elite Fun 3540,Entertainment,Micro,2024-08-30,Active,T+1,Giza,Imbaba
M03541,Urban Cafe 3541,Restaurants,Small,2026-03-05,Active,T+1,Sharqia,Zagazig - Central
M03542,Blue Mart 3542,Grocery,Medium,2023-06-21,Active,T+0,Kafr El Sheikh,Kafr El Sheikh
M03543,Family Style 3543,Fashion,Micro,2022-03-15,Active,T+1,Cairo,Shubra - Central
M03544,Elite Care 3544,Pharmacy,Micro,2023-05-28,Active,T+0,Minya,Samalut
M03545,Nile Care 3545,Pharmacy,Small,2026-05-26,Active,T+1,Alexandria,Smouha
M03546,Pyramid Mart 3546,Grocery,Small,2021-01-14,Active,T+2,Cairo,Downtown
M03547,Blue Market 3547,Grocery,Small,2023-10-22,Active,T+0,Giza,Mohandessin
M03548,Delta Bites 3548,Restaurants,Micro,2022-12-02,Active,T+2,Cairo,Mokattam
M03549,Smart Connect 3549,Telecom,Small,2024-08-24,Active,T+1,Alexandria,Borg El Arab - Central
M03550,Pyramid Care 3550,Pharmacy,Medium,2022-11-20,Active,T+2,Damietta,Faraskour
M03551,Prime Foods 3551,Grocery,Small,2025-07-31,Active,T+1,Alexandria,Sidi Gaber
M03552,Lotus Mart 3552,Grocery,Micro,2024-11-25,Active,T+1,Suez,Suez - Central
M03553,Metro Pharmacy 3553,Pharmacy,Small,2021-06-30,Active,T+0,Qena,Nag Hammadi
M03554,Metro Pharmacy 3554,Pharmacy,Medium,2023-01-28,Active,T+2,Cairo,Ain Shams
M03555,Elite Wear 3555,Fashion,Enterprise,2024-06-14,Active,T+1,Alexandria,Miami - Central
M03556,Cairo Station 3556,Fuel,Micro,2026-01-05,Active,T+1,Minya,Samalut - Central
M03557,Metro Station 3557,Fuel,Medium,2024-07-30,Active,T+1,Giza,Dokki - Central
M03558,Lotus Learning 3558,Education,Small,2022-03-28,Active,T+2,Cairo,Nasr City - Central
M03559,Golden Online 3559,E-Commerce,Micro,2021-07-11,Active,T+1,Sharqia,Abu Hammad - Central
M03560,Smart Store 3560,E-Commerce,Medium,2023-10-21,Active,T+1,Cairo,Ain Shams - Central
M03561,Prime Ride 3561,Transportation,Micro,2024-08-08,Active,T+1,Cairo,Mokattam
M03562,Green Mart 3562,Grocery,Small,2021-03-17,Active,T+2,Beni Suef,Nasser
M03563,Cairo Store 3563,E-Commerce,Micro,2021-08-17,Active,T+1,Suez,Suez - Central
M03564,Metro Electronics 3564,Electronics,Micro,2025-01-05,Active,T+1,Port Said,Port Fouad - Central
M03565,Urban Foods 3565,Grocery,Medium,2021-09-14,Active,T+2,Port Said,Port Fouad
M03566,Quick Learning 3566,Education,Micro,2022-09-11,Active,T+1,Beheira,Kafr El Dawwar - Central
M03567,Urban Cafe 3567,Restaurants,Micro,2022-04-04,Active,T+1,Fayoum,Fayoum
M03568,Nile Mart 3568,Grocery,Micro,2023-07-11,Active,T+1,Cairo,Downtown - Central
M03569,Cairo Clinic 3569,Healthcare,Micro,2022-04-18,Active,T+1,Alexandria,Miami
M03570,Nova Store 3570,E-Commerce,Small,2025-08-21,Active,T+1,Giza,Dokki
M03571,Smart Health 3571,Healthcare,Medium,2022-08-13,Active,T+0,Sharqia,10th of Ramadan - Central
M03572,Quick Ride 3572,Transportation,Enterprise,2023-05-24,Active,T+2,Giza,Dokki - Central
M03573,Family Market 3573,Grocery,Small,2023-01-06,Active,T+1,Fayoum,Sinnuris
M03574,Metro Care 3574,Pharmacy,Medium,2024-02-24,Active,T+2,Cairo,Nasr City
M03575,Lotus Mart 3575,Grocery,Small,2022-12-27,Active,T+2,Cairo,Downtown
M03576,Smart Kitchen 3576,Restaurants,Medium,2024-07-25,Active,T+2,Alexandria,Stanley
M03577,Nile Online 3577,E-Commerce,Micro,2021-07-24,Active,T+1,Cairo,Ain Shams - Central
M03578,Delta Wear 3578,Fashion,Micro,2022-04-03,Active,T+0,Giza,Sheikh Zayed - Central
M03579,Urban Market 3579,Grocery,Micro,2021-07-05,Active,T+0,Dakahlia,Mansoura - Central
M03580,Royal Online 3580,E-Commerce,Micro,2023-02-09,Active,T+1,Minya,Beni Mazar - Central
M03581,Pyramid Academy 3581,Education,Small,2024-09-13,Active,T+2,Monufia,Shebin El Kom - Central
M03582,Urban Fun 3582,Entertainment,Micro,2023-06-06,Active,T+1,Alexandria,Agami - Central
M03583,Family Mart 3583,Grocery,Micro,2022-12-23,Active,T+2,Alexandria,Smouha - Central
M03584,Lotus Mart 3584,Grocery,Micro,2022-04-07,Active,T+1,Aswan,Edfu
M03585,Nova Tech 3585,Electronics,Micro,2021-03-12,Active,T+2,Giza,Faisal - Central
M03586,Green Kitchen 3586,Restaurants,Small,2025-06-23,Active,T+0,Giza,6th of October - Central
M03587,Cairo Electronics 3587,Electronics,Micro,2024-03-01,Active,T+1,Qalyubia,Banha - Central
M03588,Family Learning 3588,Education,Medium,2021-02-18,Active,T+1,Giza,Imbaba
M03589,Blue Bites 3589,Restaurants,Small,2024-09-20,Active,T+1,Cairo,New Cairo
M03590,Lotus Store 3590,E-Commerce,Medium,2023-10-23,Active,T+1,Cairo,Nasr City - Central
M03591,Smart Transit 3591,Transportation,Small,2024-06-17,Active,T+1,Giza,Imbaba
M03592,Cairo Bites 3592,Restaurants,Small,2023-08-21,Active,T+2,Alexandria,Agami - Central
M03593,Prime Tech 3593,Electronics,Small,2022-08-12,Active,T+0,Giza,Dokki - Central
M03594,Urban Ride 3594,Transportation,Micro,2023-03-22,Active,T+1,Cairo,New Cairo - Central
M03595,Nile Pharmacy 3595,Pharmacy,Micro,2023-12-10,Active,T+2,Damietta,Faraskour
M03596,Delta Electronics 3596,Electronics,Medium,2025-05-02,Active,T+0,Sharqia,10th of Ramadan
M03597,Royal Mart 3597,Grocery,Medium,2023-01-31,Active,T+0,Sharqia,Minya Al Qamh
M03598,Metro Cafe 3598,Restaurants,Small,2026-01-11,Active,T+1,Beheira,Kafr El Dawwar
M03599,Nile Store 3599,E-Commerce,Micro,2023-03-21,Active,T+1,Qalyubia,Khanka
M03600,Blue Station 3600,Fuel,Medium,2022-03-15,Active,T+1,Giza,Sheikh Zayed
M03601,Delta Academy 3601,Education,Micro,2022-09-28,Active,T+1,Cairo,Downtown
M03602,Green Kitchen 3602,Restaurants,Micro,2021-09-20,Active,T+0,Cairo,Nasr City
M03603,Pyramid Ride 3603,Transportation,Micro,2026-01-13,Temporarily Suspended,T+1,Alexandria,Miami
M03604,Prime Cafe 3604,Restaurants,Micro,2025-10-25,Active,T+0,Luxor,Armant
M03605,Golden Market 3605,Grocery,Micro,2021-12-22,Active,T+2,Alexandria,Smouha
M03606,Quick Mart 3606,Grocery,Micro,2025-09-09,Active,T+2,Beheira,Damanhur
M03607,Royal Station 3607,Fuel,Medium,2022-04-30,Active,T+1,Sharqia,Belbeis - Central
M03608,Prime Academy 3608,Education,Micro,2023-06-07,Active,T+2,Alexandria,Sidi Gaber - Central
M03609,Urban Ride 3609,Transportation,Micro,2023-03-31,Active,T+1,Qalyubia,Qalyub
M03610,Pyramid Online 3610,E-Commerce,Small,2024-01-23,Active,T+1,Gharbia,Kafr El Zayat - Central
M03611,Elite Kitchen 3611,Restaurants,Small,2021-11-25,Active,T+1,Giza,Mohandessin
M03612,Green Mart 3612,Grocery,Micro,2022-05-13,Active,T+1,Giza,Faisal - Central
M03613,Royal Style 3613,Fashion,Micro,2025-11-29,Active,T+2,Dakahlia,Mansoura - Central
M03614,Nile Style 3614,Fashion,Small,2024-03-24,Active,T+1,Cairo,Shubra
M03615,Golden Kitchen 3615,Restaurants,Micro,2022-06-04,Active,T+2,Dakahlia,Mit Ghamr
M03616,Urban Ride 3616,Transportation,Micro,2025-08-16,Active,T+1,Minya,Samalut - Central
M03617,Nile Store 3617,E-Commerce,Medium,2021-07-20,Active,T+2,Sharqia,Minya Al Qamh - Central
M03618,Urban Foods 3618,Grocery,Small,2023-12-22,Active,T+0,Alexandria,Borg El Arab
M03619,Smart Foods 3619,Grocery,Medium,2023-08-31,Active,T+0,Dakahlia,Mansoura - Central
M03620,Royal Pharmacy 3620,Pharmacy,Micro,2022-06-20,Active,T+1,Sohag,Girga
M03621,Elite Market 3621,Grocery,Small,2021-10-10,Offboarded,T+1,Fayoum,Fayoum - Central
M03622,Metro Market 3622,Grocery,Small,2024-08-11,Active,T+0,Aswan,Kom Ombo
M03623,Green Bites 3623,Restaurants,Small,2021-12-01,Active,T+2,Alexandria,Smouha - Central
M03624,Cairo Cafe 3624,Restaurants,Small,2021-10-05,Active,T+1,Cairo,Ain Shams
M03625,Blue Cafe 3625,Restaurants,Micro,2024-07-30,Active,T+0,Assiut,Assiut
M03626,Quick Care 3626,Pharmacy,Small,2026-04-03,Active,T+1,Assiut,Dairut
M03627,Smart Transit 3627,Transportation,Micro,2025-01-07,Active,T+1,Red Sea,Hurghada
M03628,Pyramid Bites 3628,Restaurants,Micro,2023-10-09,Active,T+0,Cairo,Nasr City - Central
M03629,Nile Care 3629,Pharmacy,Micro,2025-12-26,Active,T+1,Beheira,Nubaria
M03630,Urban Style 3630,Fashion,Micro,2022-02-14,Active,T+0,Beheira,Nubaria
M03631,Smart Pharmacy 3631,Pharmacy,Micro,2021-11-05,Active,T+2,Sharqia,10th of Ramadan - Central
M03632,Lotus Transit 3632,Transportation,Small,2021-01-21,Temporarily Suspended,T+0,Kafr El Sheikh,Kafr El Sheikh - Central
M03633,Cairo Learning 3633,Education,Small,2021-01-10,Active,T+0,Ismailia,Fayed
M03634,Elite Bites 3634,Restaurants,Micro,2022-07-05,Active,T+1,Alexandria,Borg El Arab - Central
M03635,Urban Style 3635,Fashion,Micro,2024-07-14,Active,T+2,Cairo,Shubra - Central
M03636,Delta Care 3636,Pharmacy,Micro,2022-06-17,Active,T+1,Beni Suef,Nasser - Central
M03637,Metro Ride 3637,Transportation,Medium,2021-12-29,Active,T+1,Cairo,Shubra
M03638,Prime Transit 3638,Transportation,Micro,2024-08-31,Active,T+1,Red Sea,Hurghada
M03639,Metro Bites 3639,Restaurants,Medium,2024-05-16,Active,T+1,Giza,6th of October - Central
M03640,Golden Tech 3640,Electronics,Micro,2022-06-11,Active,T+0,Gharbia,El Mahalla El Kubra - Central
M03641,Pyramid Health 3641,Healthcare,Micro,2022-06-09,Active,T+1,Cairo,Heliopolis
M03642,Pyramid Cinema 3642,Entertainment,Small,2022-05-22,Active,T+1,Beheira,Nubaria
M03643,Pyramid Store 3643,E-Commerce,Small,2024-08-26,Active,T+0,Minya,Beni Mazar
M03644,Elite Wear 3644,Fashion,Enterprise,2024-10-29,Offboarded,T+2,Alexandria,Smouha
M03645,Nile Pharmacy 3645,Pharmacy,Micro,2025-02-06,Active,T+1,Cairo,Mokattam - Central
M03646,Pyramid Fuel 3646,Fuel,Micro,2025-05-18,Active,T+1,Cairo,Downtown
M03647,Green Tech 3647,Electronics,Small,2022-01-05,Active,T+0,Dakahlia,Belqas
M03648,Golden Care 3648,Pharmacy,Micro,2023-01-19,Active,T+1,Damietta,Faraskour
M03649,Golden Care 3649,Pharmacy,Small,2022-10-17,Active,T+1,Giza,Haram
M03650,Nile Fuel 3650,Fuel,Micro,2024-06-23,Active,T+1,Fayoum,Sinnuris - Central
M03651,Royal Market 3651,Grocery,Small,2022-06-07,Active,T+1,Beni Suef,New Beni Suef - Central
M03652,Blue Cinema 3652,Entertainment,Small,2022-03-27,Active,T+2,Dakahlia,Belqas
M03653,Elite Care 3653,Pharmacy,Micro,2022-02-08,Active,T+1,Gharbia,El Mahalla El Kubra - Central
M03654,Royal Transit 3654,Transportation,Small,2022-11-21,Active,T+1,Gharbia,El Mahalla El Kubra
M03655,Nova Market 3655,Grocery,Micro,2023-05-25,Active,T+2,Minya,Mallawi - Central
M03656,Lotus Fun 3656,Entertainment,Small,2022-09-09,Active,T+1,Alexandria,Smouha - Central
M03657,Sun Online 3657,E-Commerce,Small,2024-01-08,Active,T+0,Monufia,Menouf - Central
M03658,Sun Cafe 3658,Restaurants,Micro,2022-01-23,Active,T+1,Cairo,Downtown
M03659,Nile Academy 3659,Education,Micro,2022-02-16,Active,T+1,Cairo,Nasr City
M03660,Nile Cinema 3660,Entertainment,Small,2023-07-26,Active,T+1,Assiut,Manfalut - Central
M03661,Golden Health 3661,Healthcare,Small,2023-03-30,Temporarily Suspended,T+1,Cairo,Maadi - Central
M03662,Family Kitchen 3662,Restaurants,Small,2026-05-30,Active,T+1,Giza,Haram - Central
M03663,Smart Fuel 3663,Fuel,Micro,2024-04-18,Active,T+1,Giza,Imbaba
M03664,Blue Cafe 3664,Restaurants,Medium,2023-08-08,Active,T+1,Damietta,Damietta - Central
M03665,Royal Ride 3665,Transportation,Medium,2023-11-02,Active,T+1,Dakahlia,Talkha
M03666,Royal Mart 3666,Grocery,Small,2021-02-14,Active,T+1,Gharbia,El Mahalla El Kubra - Central
M03667,Cairo Cafe 3667,Restaurants,Small,2021-01-01,Active,T+0,Cairo,Shubra
M03668,Delta Fuel 3668,Fuel,Micro,2025-09-14,Active,T+1,Cairo,New Cairo - Central
M03669,Family Fuel 3669,Fuel,Small,2023-04-29,Active,T+0,Alexandria,Stanley
M03670,Cairo Cinema 3670,Entertainment,Small,2025-11-04,Active,T+1,Cairo,Heliopolis - Central
M03671,Nile Electronics 3671,Electronics,Micro,2022-12-16,Active,T+1,Minya,Beni Mazar - Central
M03672,Pyramid Kitchen 3672,Restaurants,Micro,2021-08-01,Active,T+1,Giza,Mohandessin
M03673,Prime Bites 3673,Restaurants,Micro,2024-12-04,Active,T+0,Luxor,Armant
M03674,Smart Pharmacy 3674,Pharmacy,Micro,2021-07-30,Active,T+0,Fayoum,Sinnuris
M03675,Blue Electronics 3675,Electronics,Micro,2025-01-30,Active,T+0,Cairo,New Cairo
M03676,Family Cinema 3676,Entertainment,Small,2021-04-04,Active,T+2,Qena,Qena
M03677,Lotus Online 3677,E-Commerce,Micro,2022-01-16,Active,T+1,Aswan,Edfu
M03678,Green Style 3678,Fashion,Small,2021-09-14,Active,T+1,South Sinai,El Tor
M03679,Cairo Transit 3679,Transportation,Micro,2021-04-27,Active,T+2,Dakahlia,Belqas
M03680,Delta Tech 3680,Electronics,Enterprise,2021-04-13,Active,T+0,Cairo,Heliopolis
M03681,Urban Pharmacy 3681,Pharmacy,Small,2023-04-07,Active,T+1,Assiut,Assiut
M03682,Smart Ride 3682,Transportation,Micro,2022-08-09,Offboarded,T+1,South Sinai,Sharm El Sheikh
M03683,Lotus Academy 3683,Education,Micro,2021-01-15,Active,T+2,Giza,Dokki
M03684,Pyramid Kitchen 3684,Restaurants,Medium,2023-08-13,Active,T+1,South Sinai,El Tor
M03685,Urban Mobile 3685,Telecom,Small,2023-07-14,Active,T+0,Port Said,Port Fouad - Central
M03686,Delta Foods 3686,Grocery,Micro,2026-03-04,Active,T+1,Giza,Sheikh Zayed
M03687,Sun Online 3687,E-Commerce,Small,2021-11-09,Active,T+0,Sharqia,Zagazig
M03688,Lotus Store 3688,E-Commerce,Small,2022-06-01,Active,T+0,Giza,Faisal
M03689,Sun Foods 3689,Grocery,Micro,2023-10-17,Active,T+1,Cairo,Maadi
M03690,Lotus Transit 3690,Transportation,Micro,2023-05-10,Active,T+0,Giza,Faisal - Central
M03691,Family Kitchen 3691,Restaurants,Micro,2023-10-26,Active,T+1,Cairo,Shubra - Central
M03692,Quick Pharmacy 3692,Pharmacy,Micro,2022-06-30,Active,T+1,Giza,Imbaba
M03693,Quick Store 3693,E-Commerce,Enterprise,2022-09-01,Active,T+2,Kafr El Sheikh,Baltim
M03694,Prime Cafe 3694,Restaurants,Medium,2022-01-04,Temporarily Suspended,T+1,Fayoum,Ibshaway - Central
M03695,Family Transit 3695,Transportation,Medium,2026-03-08,Active,T+1,Cairo,Ain Shams
M03696,Nile Health 3696,Healthcare,Enterprise,2021-10-08,Active,T+1,Beheira,Rashid
M03697,Prime Store 3697,E-Commerce,Small,2022-05-01,Active,T+0,Gharbia,El Mahalla El Kubra
M03698,Quick Wear 3698,Fashion,Micro,2023-07-30,Active,T+1,Alexandria,Stanley - Central
M03699,Golden Bites 3699,Restaurants,Enterprise,2026-05-17,Active,T+0,Cairo,Shubra - Central
M03700,Quick Foods 3700,Grocery,Enterprise,2023-07-09,Active,T+2,Sharqia,Belbeis
M03701,Nova Style 3701,Fashion,Enterprise,2022-07-27,Active,T+1,Giza,6th of October - Central
M03702,Urban Market 3702,Grocery,Small,2024-10-03,Active,T+1,Fayoum,Sinnuris - Central
M03703,Prime Store 3703,E-Commerce,Micro,2025-05-20,Active,T+1,Dakahlia,Talkha - Central
M03704,Nova Market 3704,Grocery,Micro,2021-02-13,Active,T+1,Giza,Haram
M03705,Cairo Cafe 3705,Restaurants,Micro,2023-06-05,Active,T+1,Alexandria,Smouha
M03706,Family Style 3706,Fashion,Enterprise,2023-05-28,Active,T+1,Alexandria,Smouha
M03707,Cairo Mart 3707,Grocery,Medium,2022-12-11,Active,T+1,Fayoum,Ibshaway
M03708,Sun Mart 3708,Grocery,Micro,2022-08-23,Temporarily Suspended,T+0,Cairo,Maadi
M03709,Green Ride 3709,Transportation,Micro,2022-12-01,Active,T+1,North Sinai,Bir El Abd
M03710,Quick Pharmacy 3710,Pharmacy,Medium,2022-11-07,Active,T+2,Cairo,Maadi - Central
M03711,Metro Station 3711,Fuel,Small,2025-07-19,Active,T+2,Cairo,Heliopolis
M03712,Sun Cafe 3712,Restaurants,Small,2022-03-22,Active,T+1,Kafr El Sheikh,Kafr El Sheikh
M03713,Urban Bites 3713,Restaurants,Medium,2025-09-30,Active,T+1,Giza,Faisal
M03714,Elite Care 3714,Pharmacy,Small,2021-02-25,Active,T+1,Dakahlia,Aga - Central
M03715,Pyramid Pharmacy 3715,Pharmacy,Micro,2024-08-08,Active,T+0,Port Said,Port Said
M03716,Blue Cinema 3716,Entertainment,Micro,2022-09-29,Active,T+1,Kafr El Sheikh,Kafr El Sheikh - Central
M03717,Urban Style 3717,Fashion,Medium,2023-10-23,Active,T+2,Alexandria,Smouha - Central
M03718,Sun Market 3718,Grocery,Micro,2021-08-27,Active,T+1,Monufia,Shebin El Kom - Central
M03719,Cairo Bites 3719,Restaurants,Micro,2024-06-06,Temporarily Suspended,T+1,Beni Suef,Beni Suef
M03720,Nova Market 3720,Grocery,Small,2026-01-28,Active,T+1,Aswan,Kom Ombo
M03721,Urban Care 3721,Pharmacy,Micro,2021-02-01,Temporarily Suspended,T+0,Beni Suef,Beni Suef
M03722,Nile Fuel 3722,Fuel,Small,2021-07-25,Temporarily Suspended,T+1,Dakahlia,Talkha - Central
M03723,Cairo Kitchen 3723,Restaurants,Micro,2021-08-25,Active,T+1,Dakahlia,Talkha - Central
M03724,Family Market 3724,Grocery,Small,2021-07-17,Active,T+1,Qalyubia,Khanka
M03725,Urban Care 3725,Pharmacy,Small,2023-09-06,Active,T+2,Cairo,New Cairo - Central
M03726,Delta Health 3726,Healthcare,Medium,2022-01-19,Active,T+1,Sharqia,Zagazig
M03727,Elite Wear 3727,Fashion,Enterprise,2022-05-11,Active,T+2,Cairo,Nasr City - Central
M03728,Quick Wear 3728,Fashion,Micro,2024-11-27,Active,T+0,Cairo,New Cairo
M03729,Nile Mart 3729,Grocery,Micro,2023-11-03,Offboarded,T+0,Alexandria,Sidi Gaber - Central
M03730,Smart Market 3730,Grocery,Medium,2024-03-02,Active,T+2,Cairo,Heliopolis
M03731,Metro Electronics 3731,Electronics,Micro,2025-04-27,Active,T+1,Assiut,New Assiut - Central
M03732,Cairo Transit 3732,Transportation,Small,2023-06-03,Active,T+1,Sohag,Akhmim
M03733,Nova Market 3733,Grocery,Small,2025-02-10,Active,T+0,Sharqia,Zagazig - Central
M03734,Golden Fuel 3734,Fuel,Micro,2024-05-13,Active,T+1,Alexandria,Agami
M03735,Royal Learning 3735,Education,Micro,2024-12-21,Active,T+1,Monufia,Sadat City
M03736,Elite Tech 3736,Electronics,Micro,2024-05-09,Active,T+1,Gharbia,El Mahalla El Kubra - Central
M03737,Quick Health 3737,Healthcare,Micro,2022-06-14,Active,T+1,Sharqia,Belbeis
M03738,Green Market 3738,Grocery,Small,2023-05-09,Active,T+0,Ismailia,Qantara
M03739,Smart Care 3739,Pharmacy,Small,2022-03-17,Active,T+1,Cairo,Downtown
M03740,Urban Foods 3740,Grocery,Micro,2023-05-06,Active,T+1,Ismailia,Fayed
M03741,Royal Tech 3741,Electronics,Small,2024-09-26,Active,T+0,Giza,Dokki
M03742,Royal Electronics 3742,Electronics,Micro,2021-03-02,Active,T+1,South Sinai,Dahab
M03743,Smart Cafe 3743,Restaurants,Small,2023-06-20,Active,T+1,Cairo,Mokattam
M03744,Lotus Foods 3744,Grocery,Micro,2023-09-11,Active,T+1,Sharqia,Abu Hammad - Central
M03745,Nova Connect 3745,Telecom,Small,2026-03-03,Active,T+2,Luxor,Luxor
M03746,Urban Academy 3746,Education,Micro,2023-01-28,Active,T+0,Beni Suef,New Beni Suef - Central
M03747,Quick Connect 3747,Telecom,Micro,2023-08-12,Active,T+0,Cairo,Nasr City
M03748,Golden Store 3748,E-Commerce,Small,2021-02-27,Active,T+0,Alexandria,Borg El Arab - Central
M03749,Quick Transit 3749,Transportation,Small,2021-03-22,Active,T+1,Kafr El Sheikh,Kafr El Sheikh - Central
M03750,Quick Cafe 3750,Restaurants,Small,2025-03-12,Active,T+0,Minya,Samalut
M03751,Urban Store 3751,E-Commerce,Micro,2024-02-27,Active,T+0,Fayoum,Ibshaway - Central
M03752,Sun Fuel 3752,Fuel,Micro,2023-07-17,Active,T+2,Giza,Imbaba
M03753,Cairo Market 3753,Grocery,Medium,2023-05-21,Active,T+1,Sohag,Sohag
M03754,Lotus Mart 3754,Grocery,Medium,2022-02-17,Active,T+1,Giza,Faisal - Central
M03755,Nile Electronics 3755,Electronics,Small,2022-08-03,Active,T+1,Assiut,Assiut
M03756,Cairo Electronics 3756,Electronics,Medium,2024-06-07,Active,T+1,Sharqia,Minya Al Qamh
M03757,Pyramid Pharmacy 3757,Pharmacy,Small,2022-12-28,Active,T+1,Cairo,New Cairo
M03758,Quick Kitchen 3758,Restaurants,Small,2024-10-25,Active,T+1,Giza,Mohandessin
M03759,Prime Mart 3759,Grocery,Micro,2024-02-25,Active,T+1,Aswan,Edfu
M03760,Lotus Kitchen 3760,Restaurants,Small,2023-07-20,Active,T+1,Gharbia,Tanta
M03761,Prime Bites 3761,Restaurants,Small,2023-06-09,Active,T+1,Assiut,New Assiut
M03762,Metro Bites 3762,Restaurants,Medium,2022-11-05,Active,T+1,Beni Suef,Beni Suef
M03763,Smart Market 3763,Grocery,Micro,2023-12-06,Active,T+1,Giza,Dokki
M03764,Urban Online 3764,E-Commerce,Small,2021-06-25,Active,T+1,Qena,Qus
M03765,Elite Transit 3765,Transportation,Small,2024-03-19,Active,T+1,Alexandria,Miami
M03766,Lotus Market 3766,Grocery,Small,2021-07-06,Active,T+1,Qalyubia,Qalyub - Central
M03767,Nova Market 3767,Grocery,Small,2022-02-11,Active,T+1,Beni Suef,Beni Suef - Central
M03768,Nile Store 3768,E-Commerce,Micro,2021-12-30,Active,T+2,Luxor,Esna
M03769,Pyramid Online 3769,E-Commerce,Micro,2024-03-23,Active,T+0,Cairo,Heliopolis
M03770,Pyramid Mart 3770,Grocery,Small,2025-10-08,Active,T+2,Qena,Nag Hammadi
M03771,Green Care 3771,Pharmacy,Enterprise,2026-02-22,Active,T+2,Cairo,Ain Shams
M03772,Golden Foods 3772,Grocery,Medium,2022-04-13,Active,T+0,Cairo,Maadi - Central
M03773,Elite Kitchen 3773,Restaurants,Micro,2024-01-22,Active,T+1,Port Said,Port Fouad - Central
M03774,Pyramid Foods 3774,Grocery,Micro,2023-09-21,Active,T+1,Aswan,Aswan
M03775,Lotus Wear 3775,Fashion,Small,2024-08-20,Active,T+1,Cairo,Shubra - Central
M03776,Metro Fuel 3776,Fuel,Micro,2023-01-16,Active,T+0,Alexandria,Stanley
M03777,Lotus Wear 3777,Fashion,Micro,2023-05-01,Active,T+1,Cairo,New Cairo - Central
M03778,Prime Health 3778,Healthcare,Medium,2022-08-08,Active,T+1,Qalyubia,Khanka - Central
M03779,Metro Market 3779,Grocery,Micro,2023-05-22,Active,T+1,Sharqia,Abu Hammad - Central
M03780,Quick Market 3780,Grocery,Micro,2024-01-22,Active,T+1,Sohag,Girga
M03781,Metro Market 3781,Grocery,Medium,2023-10-28,Active,T+1,Cairo,Shubra
M03782,Lotus Ride 3782,Transportation,Micro,2022-11-27,Active,T+1,Cairo,Downtown - Central
M03783,Blue Transit 3783,Transportation,Micro,2021-07-01,Active,T+1,Giza,Mohandessin - Central
M03784,Sun Pharmacy 3784,Pharmacy,Small,2025-01-12,Temporarily Suspended,T+1,Beni Suef,Beni Suef
M03785,Nova Wear 3785,Fashion,Small,2024-05-11,Active,T+1,Giza,Mohandessin - Central
M03786,Delta Pharmacy 3786,Pharmacy,Small,2021-07-07,Active,T+1,Cairo,Ain Shams
M03787,Golden Online 3787,E-Commerce,Micro,2021-04-07,Active,T+1,Qalyubia,Shubra El Kheima - Central
M03788,Golden Wear 3788,Fashion,Small,2021-09-22,Temporarily Suspended,T+0,Cairo,New Cairo
M03789,Sun Ride 3789,Transportation,Micro,2022-09-22,Active,T+1,Alexandria,Miami
M03790,Royal Wear 3790,Fashion,Small,2024-05-07,Active,T+0,Alexandria,Stanley
M03791,Sun Cinema 3791,Entertainment,Micro,2024-03-20,Active,T+1,Giza,Faisal
M03792,Smart Bites 3792,Restaurants,Micro,2021-06-30,Active,T+1,Qalyubia,Obour - Central
M03793,Cairo Online 3793,E-Commerce,Small,2023-12-28,Active,T+0,Gharbia,Tanta
M03794,Smart Market 3794,Grocery,Small,2023-09-07,Active,T+2,Alexandria,Agami - Central
M03795,Sun Pharmacy 3795,Pharmacy,Small,2023-09-24,Active,T+1,Alexandria,Smouha - Central
M03796,Delta Tech 3796,Electronics,Micro,2021-11-01,Active,T+1,Dakahlia,Mit Ghamr
M03797,Nile Clinic 3797,Healthcare,Micro,2023-12-19,Active,T+1,Cairo,New Cairo - Central
M03798,Prime Kitchen 3798,Restaurants,Medium,2023-06-16,Active,T+1,Cairo,Mokattam
M03799,Cairo Clinic 3799,Healthcare,Small,2021-05-03,Active,T+1,Qalyubia,Khanka
M03800,Golden Kitchen 3800,Restaurants,Micro,2024-08-21,Active,T+1,Alexandria,Smouha - Central
M03801,Quick Wear 3801,Fashion,Small,2024-08-14,Active,T+1,Sharqia,Zagazig - Central
M03802,Pyramid Foods 3802,Grocery,Small,2024-02-26,Active,T+0,Sharqia,10th of Ramadan
M03803,Pyramid Care 3803,Pharmacy,Small,2021-05-05,Active,T+2,Gharbia,El Mahalla El Kubra
M03804,Nile Kitchen 3804,Restaurants,Micro,2025-06-05,Active,T+1,Giza,Haram - Central
M03805,Blue Mobile 3805,Telecom,Micro,2025-10-09,Active,T+0,Gharbia,Zefta
M03806,Sun Mart 3806,Grocery,Micro,2021-05-20,Active,T+1,Qalyubia,Obour - Central
M03807,Delta Wear 3807,Fashion,Micro,2024-02-26,Active,T+2,Cairo,Downtown - Central
M03808,Nova Market 3808,Grocery,Enterprise,2025-08-11,Active,T+1,Beheira,Rashid
M03809,Lotus Tech 3809,Electronics,Micro,2023-08-10,Active,T+0,Alexandria,Miami
M03810,Royal Bites 3810,Restaurants,Micro,2023-09-05,Active,T+1,Beni Suef,Beni Suef
M03811,Elite Cafe 3811,Restaurants,Micro,2021-02-23,Active,T+1,Giza,Haram
M03812,Nile Fun 3812,Entertainment,Micro,2025-01-31,Active,T+1,Cairo,Mokattam
M03813,Smart Transit 3813,Transportation,Micro,2026-02-10,Active,T+0,South Sinai,El Tor
M03814,Urban Store 3814,E-Commerce,Micro,2025-01-04,Active,T+2,Alexandria,Borg El Arab
M03815,Sun Mart 3815,Grocery,Small,2025-08-03,Active,T+1,Ismailia,Ismailia
M03816,Family Academy 3816,Education,Micro,2023-01-13,Active,T+2,Qalyubia,Shubra El Kheima
M03817,Nova Foods 3817,Grocery,Micro,2025-11-09,Active,T+0,Giza,Faisal - Central
M03818,Elite Station 3818,Fuel,Micro,2023-09-14,Active,T+1,South Sinai,Dahab
M03819,Green Electronics 3819,Electronics,Micro,2023-11-06,Active,T+1,Alexandria,Borg El Arab
M03820,Prime Care 3820,Pharmacy,Small,2025-07-07,Active,T+0,Gharbia,Kafr El Zayat - Central
M03821,Blue Mobile 3821,Telecom,Micro,2023-08-16,Active,T+1,Beheira,Nubaria
M03822,Urban Care 3822,Pharmacy,Micro,2022-12-16,Active,T+1,Sharqia,10th of Ramadan - Central
M03823,Smart Cafe 3823,Restaurants,Micro,2024-10-21,Active,T+2,Cairo,Nasr City
M03824,Green Pharmacy 3824,Pharmacy,Small,2024-03-12,Active,T+2,Giza,Faisal - Central
M03825,Metro Health 3825,Healthcare,Micro,2024-07-23,Active,T+1,Cairo,New Cairo - Central
M03826,Pyramid Online 3826,E-Commerce,Micro,2026-04-10,Temporarily Suspended,T+1,Alexandria,Borg El Arab
M03827,Royal Cinema 3827,Entertainment,Micro,2022-09-03,Temporarily Suspended,T+0,Sohag,Akhmim
M03828,Green Ride 3828,Transportation,Micro,2022-01-08,Active,T+1,Assiut,Assiut - Central
M03829,Royal Style 3829,Fashion,Medium,2024-10-10,Active,T+1,Gharbia,El Mahalla El Kubra
M03830,Metro Pharmacy 3830,Pharmacy,Small,2026-02-28,Active,T+0,Dakahlia,Mit Ghamr
M03831,Sun Foods 3831,Grocery,Micro,2021-01-10,Temporarily Suspended,T+1,Qalyubia,Obour
M03832,Green Tech 3832,Electronics,Micro,2022-06-26,Active,T+1,Giza,Sheikh Zayed - Central
M03833,Delta Pharmacy 3833,Pharmacy,Small,2022-05-31,Active,T+1,Cairo,New Cairo
M03834,Family Ride 3834,Transportation,Enterprise,2022-07-13,Active,T+1,Assiut,Manfalut
M03835,Urban Wear 3835,Fashion,Small,2024-06-20,Active,T+2,Alexandria,Sidi Gaber
M03836,Nova Station 3836,Fuel,Micro,2024-10-02,Active,T+0,Beni Suef,Nasser
M03837,Nile Care 3837,Pharmacy,Micro,2023-01-12,Active,T+1,Sohag,Sohag
M03838,Pyramid Station 3838,Fuel,Small,2021-04-06,Active,T+1,Sohag,Girga
M03839,Green Cinema 3839,Entertainment,Micro,2025-04-09,Active,T+2,Qalyubia,Banha - Central
M03840,Green Clinic 3840,Healthcare,Small,2025-03-11,Active,T+0,Monufia,Shebin El Kom
M03841,Delta Kitchen 3841,Restaurants,Small,2021-07-02,Active,T+1,Qalyubia,Obour
M03842,Urban Kitchen 3842,Restaurants,Small,2022-05-27,Active,T+1,Cairo,Heliopolis
M03843,Metro Cafe 3843,Restaurants,Medium,2021-01-30,Active,T+1,Qalyubia,Obour - Central
M03844,Elite Style 3844,Fashion,Small,2023-03-28,Active,T+1,Cairo,New Cairo
M03845,Cairo Style 3845,Fashion,Micro,2024-06-23,Active,T+2,Gharbia,Zefta - Central
M03846,Nile Tech 3846,Electronics,Enterprise,2026-04-06,Active,T+1,Sharqia,Abu Hammad
M03847,Blue Tech 3847,Electronics,Medium,2021-03-11,Active,T+1,Sharqia,Belbeis
M03848,Delta Kitchen 3848,Restaurants,Small,2023-07-04,Active,T+2,Giza,Faisal
M03849,Cairo Fun 3849,Entertainment,Micro,2023-05-16,Active,T+0,Giza,Mohandessin
M03850,Nova Online 3850,E-Commerce,Small,2023-03-11,Active,T+0,Cairo,Shubra - Central
M03851,Lotus Foods 3851,Grocery,Small,2024-11-26,Active,T+0,Luxor,Armant
M03852,Green Market 3852,Grocery,Micro,2023-09-01,Active,T+0,Qena,Qena
M03853,Elite Ride 3853,Transportation,Small,2022-03-13,Active,T+1,Cairo,Downtown
M03854,Golden Kitchen 3854,Restaurants,Enterprise,2021-10-12,Active,T+1,Giza,Haram
M03855,Golden Market 3855,Grocery,Small,2022-07-21,Active,T+2,Cairo,Mokattam
M03856,Family Wear 3856,Fashion,Micro,2022-10-30,Temporarily Suspended,T+2,Giza,6th of October
M03857,Lotus Cinema 3857,Entertainment,Small,2025-03-25,Active,T+1,Gharbia,Zefta
M03858,Lotus Cafe 3858,Restaurants,Micro,2023-07-26,Active,T+0,Alexandria,Borg El Arab - Central
M03859,Green Station 3859,Fuel,Micro,2021-06-10,Active,T+1,Luxor,Esna
M03860,Metro Academy 3860,Education,Small,2022-07-11,Active,T+1,Monufia,Menouf
M03861,Green Pharmacy 3861,Pharmacy,Medium,2022-10-14,Active,T+1,Alexandria,Sidi Gaber
M03862,Delta Care 3862,Pharmacy,Micro,2022-05-15,Active,T+2,Dakahlia,Mansoura - Central
M03863,Cairo Mobile 3863,Telecom,Medium,2021-05-14,Active,T+1,Fayoum,Sinnuris
M03864,Quick Wear 3864,Fashion,Micro,2025-10-17,Active,T+0,Sharqia,Abu Hammad
M03865,Delta Cinema 3865,Entertainment,Micro,2024-12-18,Active,T+0,Giza,Dokki - Central
M03866,Elite Bites 3866,Restaurants,Enterprise,2021-01-12,Active,T+0,Gharbia,Zefta - Central
M03867,Metro Bites 3867,Restaurants,Micro,2025-07-17,Active,T+1,Alexandria,Sidi Gaber
M03868,Family Learning 3868,Education,Small,2023-12-19,Active,T+0,Cairo,Nasr City - Central
M03869,Elite Tech 3869,Electronics,Micro,2021-04-24,Active,T+1,Fayoum,Ibshaway - Central
M03870,Urban Style 3870,Fashion,Micro,2024-12-03,Active,T+0,Beni Suef,Beni Suef - Central
M03871,Urban Mobile 3871,Telecom,Small,2025-01-01,Active,T+1,Cairo,Nasr City
M03872,Urban Kitchen 3872,Restaurants,Enterprise,2024-01-17,Active,T+1,Cairo,New Cairo
M03873,Elite Style 3873,Fashion,Micro,2024-03-23,Active,T+1,Cairo,Ain Shams
M03874,Family Mobile 3874,Telecom,Enterprise,2021-05-21,Active,T+1,Cairo,Heliopolis - Central
M03875,Smart Electronics 3875,Electronics,Medium,2024-02-07,Active,T+1,Gharbia,Tanta - Central
M03876,Nova Online 3876,E-Commerce,Small,2026-01-17,Active,T+0,Alexandria,Smouha - Central
M03877,Metro Fun 3877,Entertainment,Micro,2024-03-07,Active,T+2,Alexandria,Miami
M03878,Green Ride 3878,Transportation,Micro,2025-02-24,Active,T+2,Beheira,Damanhur - Central
M03879,Blue Store 3879,E-Commerce,Micro,2021-07-02,Active,T+0,Cairo,Nasr City - Central
M03880,Sun Bites 3880,Restaurants,Small,2022-08-03,Active,T+1,Giza,Mohandessin
M03881,Quick Electronics 3881,Electronics,Micro,2024-11-22,Active,T+0,Beni Suef,New Beni Suef - Central
M03882,Prime Electronics 3882,Electronics,Small,2023-06-08,Active,T+1,Monufia,Menouf - Central
M03883,Nova Foods 3883,Grocery,Medium,2025-04-26,Active,T+1,Cairo,Maadi - Central
M03884,Metro Mart 3884,Grocery,Medium,2023-04-07,Active,T+1,Kafr El Sheikh,Sidi Salem - Central
M03885,Lotus Store 3885,E-Commerce,Micro,2024-03-30,Active,T+0,Dakahlia,Mansoura - Central
M03886,Pyramid Online 3886,E-Commerce,Micro,2022-08-07,Active,T+1,Sohag,Girga
M03887,Sun Station 3887,Fuel,Small,2021-08-30,Active,T+1,Cairo,Maadi - Central
M03888,Delta Cafe 3888,Restaurants,Micro,2021-09-01,Active,T+1,Dakahlia,Mansoura - Central
M03889,Cairo Transit 3889,Transportation,Micro,2023-12-09,Active,T+1,Alexandria,Sidi Gaber
M03890,Nile Ride 3890,Transportation,Small,2023-10-27,Active,T+2,Cairo,Heliopolis
M03891,Urban Pharmacy 3891,Pharmacy,Micro,2021-06-08,Active,T+1,Cairo,Maadi
M03892,Elite Cinema 3892,Entertainment,Micro,2024-05-07,Active,T+1,Qalyubia,Banha - Central
M03893,Delta Cafe 3893,Restaurants,Micro,2021-12-02,Active,T+1,Alexandria,Sidi Gaber
M03894,Green Health 3894,Healthcare,Micro,2022-12-29,Active,T+2,Monufia,Sadat City
M03895,Pyramid Transit 3895,Transportation,Small,2026-04-15,Active,T+0,Sharqia,Belbeis
M03896,Metro Mart 3896,Grocery,Medium,2022-04-03,Active,T+1,Kafr El Sheikh,Sidi Salem - Central
M03897,Golden Electronics 3897,Electronics,Medium,2024-01-13,Active,T+1,Sharqia,10th of Ramadan
M03898,Quick Ride 3898,Transportation,Micro,2025-06-18,Active,T+1,Beheira,Kafr El Dawwar
M03899,Cairo Learning 3899,Education,Small,2024-06-24,Active,T+1,Cairo,Maadi - Central
M03900,Pyramid Mart 3900,Grocery,Micro,2023-08-13,Active,T+0,Cairo,Maadi
M03901,Quick Pharmacy 3901,Pharmacy,Micro,2022-07-30,Active,T+0,Giza,6th of October - Central
M03902,Quick Style 3902,Fashion,Enterprise,2021-11-17,Active,T+1,Alexandria,Agami - Central
M03903,Cairo Academy 3903,Education,Micro,2023-12-24,Active,T+1,Dakahlia,Mit Ghamr
M03904,Prime Wear 3904,Fashion,Medium,2022-04-14,Active,T+1,Sharqia,10th of Ramadan
M03905,Delta Clinic 3905,Healthcare,Micro,2024-03-31,Active,T+2,Kafr El Sheikh,Desouk - Central
M03906,Prime Pharmacy 3906,Pharmacy,Micro,2022-08-08,Active,T+1,Giza,Faisal - Central
M03907,Green Style 3907,Fashion,Small,2021-01-02,Active,T+1,Cairo,Shubra
M03908,Green Station 3908,Fuel,Micro,2025-09-03,Active,T+0,Cairo,Nasr City
M03909,Urban Ride 3909,Transportation,Small,2022-12-22,Active,T+0,Giza,6th of October
M03910,Smart Online 3910,E-Commerce,Micro,2025-08-01,Active,T+2,Qalyubia,Khanka
M03911,Pyramid Transit 3911,Transportation,Small,2022-10-19,Temporarily Suspended,T+1,Giza,Sheikh Zayed - Central
M03912,Nova Care 3912,Pharmacy,Micro,2022-10-06,Active,T+2,Minya,Samalut
M03913,Prime Health 3913,Healthcare,Medium,2025-06-22,Active,T+0,Giza,Faisal
M03914,Sun Tech 3914,Electronics,Medium,2022-12-03,Active,T+0,Sharqia,Zagazig
M03915,Elite Wear 3915,Fashion,Enterprise,2023-01-28,Active,T+2,Cairo,Mokattam
M03916,Nova Transit 3916,Transportation,Micro,2023-11-26,Active,T+1,Monufia,Menouf - Central
M03917,Prime Academy 3917,Education,Small,2021-08-21,Active,T+2,Cairo,New Cairo
M03918,Metro Kitchen 3918,Restaurants,Small,2022-04-09,Active,T+0,Cairo,Ain Shams
M03919,Lotus Connect 3919,Telecom,Small,2024-01-23,Active,T+0,Beheira,Rashid - Central
M03920,Pyramid Transit 3920,Transportation,Micro,2022-05-09,Active,T+1,South Sinai,Sharm El Sheikh
M03921,Quick Learning 3921,Education,Medium,2022-03-10,Active,T+1,Gharbia,Zefta
M03922,Lotus Care 3922,Pharmacy,Micro,2026-01-05,Active,T+2,Sharqia,Zagazig
M03923,Urban Foods 3923,Grocery,Medium,2022-10-02,Active,T+2,Giza,Haram - Central
M03924,Cairo Kitchen 3924,Restaurants,Medium,2023-08-20,Active,T+2,Dakahlia,Aga - Central
M03925,Urban Market 3925,Grocery,Medium,2023-05-30,Active,T+2,Giza,Haram - Central
M03926,Blue Mart 3926,Grocery,Micro,2021-12-01,Active,T+2,Beheira,Nubaria - Central
M03927,Lotus Market 3927,Grocery,Small,2025-05-12,Active,T+1,Cairo,Nasr City
M03928,Delta Mart 3928,Grocery,Micro,2026-02-19,Active,T+2,Alexandria,Smouha
M03929,Pyramid Online 3929,E-Commerce,Micro,2022-05-13,Active,T+0,Alexandria,Agami
M03930,Smart Learning 3930,Education,Medium,2021-03-06,Active,T+0,Sharqia,Zagazig - Central
M03931,Sun Learning 3931,Education,Small,2022-12-27,Active,T+1,Dakahlia,Mit Ghamr - Central
M03932,Metro Market 3932,Grocery,Small,2023-07-08,Active,T+1,Alexandria,Borg El Arab - Central
M03933,Lotus Mobile 3933,Telecom,Micro,2023-01-14,Active,T+0,Cairo,New Cairo - Central
M03934,Lotus Mart 3934,Grocery,Micro,2021-02-27,Active,T+1,Giza,Sheikh Zayed
M03935,Green Transit 3935,Transportation,Medium,2022-02-03,Active,T+1,Cairo,Ain Shams - Central
M03936,Sun Bites 3936,Restaurants,Micro,2023-04-04,Active,T+0,Giza,6th of October - Central
M03937,Nile Cafe 3937,Restaurants,Medium,2021-06-09,Active,T+1,Gharbia,El Mahalla El Kubra - Central
M03938,Golden Pharmacy 3938,Pharmacy,Micro,2022-07-02,Active,T+1,Giza,Imbaba - Central
M03939,Lotus Ride 3939,Transportation,Small,2023-11-06,Active,T+2,Gharbia,Tanta - Central
M03940,Family Cinema 3940,Entertainment,Medium,2025-12-31,Active,T+0,Dakahlia,Mansoura
M03941,Family Tech 3941,Electronics,Small,2024-02-29,Active,T+1,Sohag,Akhmim
M03942,Delta Pharmacy 3942,Pharmacy,Small,2023-05-13,Active,T+1,Gharbia,Zefta
M03943,Elite Foods 3943,Grocery,Small,2022-12-20,Active,T+1,Giza,Imbaba - Central
M03944,Delta Ride 3944,Transportation,Medium,2022-03-28,Active,T+1,Dakahlia,Mansoura
M03945,Elite Cafe 3945,Restaurants,Micro,2023-03-22,Active,T+1,Assiut,New Assiut
M03946,Nile Online 3946,E-Commerce,Micro,2021-11-28,Active,T+1,Giza,Imbaba
M03947,Lotus Transit 3947,Transportation,Micro,2022-07-26,Active,T+1,Sohag,Girga
M03948,Royal Mart 3948,Grocery,Medium,2022-04-17,Active,T+2,Cairo,Maadi - Central
M03949,Family Academy 3949,Education,Small,2022-05-10,Active,T+0,Assiut,Assiut
M03950,Metro Style 3950,Fashion,Enterprise,2022-10-07,Active,T+1,Minya,Minya - Central
M03951,Smart Cafe 3951,Restaurants,Micro,2021-08-23,Active,T+1,Assiut,New Assiut - Central
M03952,Lotus Foods 3952,Grocery,Small,2025-11-28,Active,T+1,Qena,Qena
M03953,Golden Style 3953,Fashion,Medium,2023-02-16,Active,T+0,Cairo,Maadi - Central
M03954,Cairo Care 3954,Pharmacy,Micro,2024-11-07,Active,T+0,Cairo,Mokattam - Central
M03955,Quick Tech 3955,Electronics,Micro,2024-11-30,Active,T+2,South Sinai,Dahab
M03956,Delta Transit 3956,Transportation,Micro,2024-03-15,Active,T+2,Alexandria,Sidi Gaber - Central
M03957,Sun Transit 3957,Transportation,Small,2023-08-26,Active,T+1,Giza,Sheikh Zayed - Central
M03958,Sun Ride 3958,Transportation,Small,2024-02-11,Active,T+1,Cairo,Shubra
M03959,Pyramid Style 3959,Fashion,Medium,2022-12-20,Active,T+2,Sharqia,Abu Hammad - Central
M03960,Family Cafe 3960,Restaurants,Micro,2025-04-22,Active,T+0,Cairo,Nasr City
M03961,Royal Electronics 3961,Electronics,Small,2024-03-02,Active,T+1,Cairo,Maadi
M03962,Lotus Mart 3962,Grocery,Medium,2023-10-28,Active,T+2,Suez,Ain Sokhna
M03963,Nova Cinema 3963,Entertainment,Micro,2021-12-27,Active,T+1,Qena,Qena
M03964,Prime Mart 3964,Grocery,Micro,2023-06-12,Active,T+1,South Sinai,Dahab
M03965,Delta Care 3965,Pharmacy,Enterprise,2022-12-16,Active,T+1,Cairo,Nasr City - Central
M03966,Nova Tech 3966,Electronics,Enterprise,2025-02-15,Active,T+2,Cairo,Downtown
M03967,Metro Bites 3967,Restaurants,Medium,2023-06-23,Active,T+1,Cairo,Heliopolis
M03968,Sun Kitchen 3968,Restaurants,Small,2021-12-13,Active,T+1,Qena,Qena
M03969,Green Style 3969,Fashion,Micro,2023-12-13,Active,T+1,Alexandria,Miami
M03970,Nile Online 3970,E-Commerce,Small,2024-07-04,Active,T+1,Sharqia,Abu Hammad - Central
M03971,Elite Online 3971,E-Commerce,Micro,2021-01-31,Active,T+1,Sharqia,Zagazig - Central
M03972,Urban Foods 3972,Grocery,Micro,2022-04-08,Active,T+1,Cairo,Nasr City
M03973,Nile Mobile 3973,Telecom,Small,2024-09-02,Active,T+1,Alexandria,Smouha - Central
M03974,Royal Care 3974,Pharmacy,Medium,2023-03-07,Active,T+1,Alexandria,Agami
M03975,Nova Transit 3975,Transportation,Small,2023-12-09,Active,T+1,Cairo,Shubra
M03976,Nova Transit 3976,Transportation,Medium,2023-12-20,Active,T+2,Cairo,Shubra
M03977,Family Ride 3977,Transportation,Small,2025-11-09,Temporarily Suspended,T+1,Giza,Imbaba - Central
M03978,Metro Market 3978,Grocery,Small,2023-09-30,Active,T+2,Cairo,Maadi - Central
M03979,Urban Fun 3979,Entertainment,Micro,2021-08-25,Active,T+0,Cairo,Maadi
M03980,Golden Mart 3980,Grocery,Medium,2025-11-12,Offboarded,T+1,Luxor,Luxor
M03981,Metro Market 3981,Grocery,Micro,2025-05-19,Active,T+1,Giza,Imbaba - Central
M03982,Urban Wear 3982,Fashion,Micro,2023-07-04,Active,T+1,Beheira,Rashid - Central
M03983,Family Style 3983,Fashion,Micro,2022-04-13,Active,T+1,Sharqia,Zagazig
M03984,Green Bites 3984,Restaurants,Micro,2023-08-19,Active,T+1,Gharbia,Tanta
M03985,Urban Wear 3985,Fashion,Small,2023-03-09,Active,T+1,Gharbia,Kafr El Zayat
M03986,Royal Foods 3986,Grocery,Medium,2023-09-15,Active,T+0,Alexandria,Borg El Arab
M03987,Blue Kitchen 3987,Restaurants,Small,2025-07-18,Active,T+1,Qalyubia,Qalyub
M03988,Nile Style 3988,Fashion,Enterprise,2022-11-27,Active,T+1,Alexandria,Smouha - Central
M03989,Pyramid Connect 3989,Telecom,Small,2021-02-12,Temporarily Suspended,T+1,Kafr El Sheikh,Baltim
M03990,Prime Pharmacy 3990,Pharmacy,Micro,2021-01-15,Active,T+0,Cairo,Ain Shams - Central
M03991,Quick Kitchen 3991,Restaurants,Micro,2023-11-16,Active,T+0,Dakahlia,Talkha - Central
M03992,Green Connect 3992,Telecom,Small,2022-09-01,Active,T+0,Ismailia,Ismailia - Central
M03993,Nile Ride 3993,Transportation,Medium,2024-12-11,Active,T+1,Beheira,Damanhur - Central
M03994,Metro Bites 3994,Restaurants,Micro,2022-12-13,Active,T+0,Beheira,Rashid - Central
M03995,Metro Bites 3995,Restaurants,Micro,2021-03-29,Active,T+2,Alexandria,Stanley - Central
M03996,Prime Store 3996,E-Commerce,Micro,2025-11-18,Active,T+1,Kafr El Sheikh,Baltim
M03997,Golden Pharmacy 3997,Pharmacy,Enterprise,2024-12-13,Active,T+2,Qalyubia,Khanka
M03998,Cairo Ride 3998,Transportation,Medium,2023-11-30,Active,T+1,Giza,6th of October - Central
M03999,Green Style 3999,Fashion,Small,2022-09-10,Active,T+1,Cairo,Heliopolis - Central
M04000,Metro Transit 4000,Transportation,Micro,2024-12-08,Active,T+1,Damietta,Ras El Bar
M04001,Elite Tech 4001,Electronics,Micro,2023-03-10,Active,T+1,Luxor,Esna
M04002,Green Wear 4002,Fashion,Micro,2022-12-18,Active,T+1,Cairo,Shubra - Central
M04003,Quick Foods 4003,Grocery,Medium,2022-05-12,Active,T+1,Cairo,Mokattam
M04004,Nova Wear 4004,Fashion,Micro,2023-11-22,Active,T+0,Cairo,Mokattam
M04005,Sun Foods 4005,Grocery,Micro,2024-08-23,Active,T+2,Sharqia,Abu Hammad
M04006,Prime Ride 4006,Transportation,Small,2024-07-14,Active,T+1,Giza,Mohandessin
M04007,Urban Wear 4007,Fashion,Micro,2024-12-19,Active,T+0,Gharbia,Kafr El Zayat - Central
M04008,Blue Style 4008,Fashion,Small,2025-02-27,Active,T+0,Beni Suef,New Beni Suef - Central
M04009,Smart Style 4009,Fashion,Small,2021-08-26,Active,T+1,New Valley,Dakhla
M04010,Family Online 4010,E-Commerce,Micro,2022-04-04,Active,T+1,Damietta,New Damietta - Central
M04011,Elite Kitchen 4011,Restaurants,Small,2024-12-07,Active,T+0,Alexandria,Miami
M04012,Smart Wear 4012,Fashion,Micro,2021-04-19,Active,T+2,Cairo,Nasr City
M04013,Smart Pharmacy 4013,Pharmacy,Micro,2021-09-10,Active,T+1,Aswan,Kom Ombo
M04014,Nova Mart 4014,Grocery,Enterprise,2023-09-17,Active,T+1,Dakahlia,Aga - Central
M04015,Sun Clinic 4015,Healthcare,Medium,2022-02-25,Active,T+1,Cairo,Ain Shams - Central
M04016,Smart Connect 4016,Telecom,Enterprise,2024-07-09,Active,T+1,Qalyubia,Banha
M04017,Urban Ride 4017,Transportation,Micro,2021-09-07,Active,T+0,Giza,Imbaba
M04018,Blue Learning 4018,Education,Micro,2024-09-26,Active,T+1,Port Said,Port Said
M04019,Elite Fuel 4019,Fuel,Small,2021-10-27,Active,T+1,Dakahlia,Mansoura
M04020,Lotus Cinema 4020,Entertainment,Micro,2023-08-15,Active,T+1,Giza,Faisal
M04021,Smart Ride 4021,Transportation,Micro,2023-05-24,Active,T+0,Cairo,Maadi - Central
M04022,Sun Store 4022,E-Commerce,Micro,2023-12-24,Active,T+1,Assiut,New Assiut - Central
M04023,Green Market 4023,Grocery,Micro,2024-07-05,Active,T+2,Beni Suef,Nasser - Central
M04024,Green Tech 4024,Electronics,Micro,2023-07-27,Active,T+1,Gharbia,Tanta
M04025,Metro Fuel 4025,Fuel,Micro,2023-12-03,Active,T+1,Dakahlia,Talkha - Central
M04026,Elite Online 4026,E-Commerce,Small,2023-09-08,Active,T+2,Giza,Faisal - Central
M04027,Nova Transit 4027,Transportation,Micro,2022-04-28,Active,T+1,Dakahlia,Aga
M04028,Nova Fun 4028,Entertainment,Small,2021-12-22,Active,T+2,Assiut,Assiut - Central
M04029,Delta Bites 4029,Restaurants,Small,2024-12-28,Active,T+1,Gharbia,Tanta
M04030,Metro Foods 4030,Grocery,Enterprise,2024-04-15,Active,T+2,Aswan,Kom Ombo
M04031,Delta Bites 4031,Restaurants,Small,2023-11-03,Active,T+1,Giza,Sheikh Zayed
M04032,Cairo Mart 4032,Grocery,Medium,2024-11-14,Active,T+1,South Sinai,Dahab
M04033,Quick Fun 4033,Entertainment,Micro,2021-08-22,Active,T+1,Qalyubia,Obour - Central
M04034,Metro Station 4034,Fuel,Small,2021-06-19,Active,T+0,Cairo,Mokattam
M04035,Elite Bites 4035,Restaurants,Micro,2022-12-29,Active,T+1,Gharbia,Tanta
M04036,Nova Transit 4036,Transportation,Micro,2021-03-24,Active,T+1,Cairo,Maadi
M04037,Delta Cinema 4037,Entertainment,Small,2023-05-14,Active,T+0,Cairo,Ain Shams
M04038,Nile Market 4038,Grocery,Micro,2023-11-04,Active,T+1,Monufia,Shebin El Kom - Central
M04039,Prime Market 4039,Grocery,Small,2022-08-21,Active,T+1,Giza,Dokki
M04040,Royal Electronics 4040,Electronics,Small,2024-03-06,Active,T+2,Dakahlia,Mansoura - Central
M04041,Prime Health 4041,Healthcare,Micro,2023-09-03,Active,T+1,Giza,Haram - Central
M04042,Lotus Clinic 4042,Healthcare,Micro,2021-09-28,Active,T+0,Qalyubia,Qalyub
M04043,Delta Ride 4043,Transportation,Medium,2023-07-21,Active,T+2,Giza,6th of October - Central
M04044,Delta Kitchen 4044,Restaurants,Micro,2024-12-01,Active,T+1,Qalyubia,Banha
M04045,Sun Fun 4045,Entertainment,Medium,2022-04-09,Active,T+1,Cairo,Maadi - Central
M04046,Nova Mart 4046,Grocery,Micro,2024-01-18,Active,T+1,Sohag,Akhmim
M04047,Family Store 4047,E-Commerce,Small,2023-03-14,Active,T+2,Sohag,Girga
M04048,Nova Store 4048,E-Commerce,Micro,2021-05-24,Active,T+1,Beheira,Rashid
M04049,Smart Foods 4049,Grocery,Micro,2022-05-02,Active,T+0,Cairo,Mokattam - Central
M04050,Nova Kitchen 4050,Restaurants,Small,2022-12-14,Active,T+1,New Valley,Kharga
M04051,Royal Academy 4051,Education,Enterprise,2024-02-17,Active,T+2,Gharbia,El Mahalla El Kubra - Central
M04052,Golden Cafe 4052,Restaurants,Medium,2021-05-06,Active,T+1,Suez,Suez
M04053,Metro Kitchen 4053,Restaurants,Micro,2022-05-04,Active,Unknown,Alexandria,Miami
M04054,Green Ride 4054,Transportation,Micro,2023-06-11,Active,T+1,Minya,Minya
M04055,Blue Academy 4055,Education,Micro,2022-08-13,Active,T+0,Suez,Suez
M04056,Smart Learning 4056,Education,Small,2022-07-20,Active,T+1,Cairo,Shubra
M04057,Cairo Foods 4057,Grocery,Micro,2023-01-08,Active,T+1,Dakahlia,Mit Ghamr
M04058,Green Clinic 4058,Healthcare,Small,2021-10-03,Active,T+0,Cairo,Mokattam
M04059,Blue Mobile 4059,Telecom,Micro,2022-05-08,Active,T+1,Giza,Faisal - Central
M04060,Blue Market 4060,Grocery,Small,2022-03-13,Active,T+2,Cairo,Nasr City
M04061,Delta Station 4061,Fuel,Micro,2024-12-28,Active,T+0,Giza,Sheikh Zayed - Central
M04062,Smart Connect 4062,Telecom,Medium,2026-01-11,Active,T+0,Gharbia,Zefta
M04063,Delta Transit 4063,Transportation,Micro,2021-12-14,Active,T+0,Monufia,Sadat City
M04064,Nova Mart 4064,Grocery,Small,2025-01-25,Active,T+2,Gharbia,Tanta - Central
M04065,Green Academy 4065,Education,Micro,2021-12-24,Active,T+1,Minya,Minya
M04066,Royal Mobile 4066,Telecom,Small,2023-12-07,Active,T+1,Qalyubia,Qalyub - Central
M04067,Prime Foods 4067,Grocery,Small,2022-05-01,Active,T+1,Cairo,Nasr City
M04068,Golden Care 4068,Pharmacy,Micro,2022-05-21,Active,T+0,Damietta,Ras El Bar
M04069,Delta Pharmacy 4069,Pharmacy,Micro,2021-02-20,Active,T+1,Alexandria,Borg El Arab
M04070,Royal Pharmacy 4070,Pharmacy,Small,2024-11-21,Active,T+1,Giza,Sheikh Zayed - Central
M04071,Golden Market 4071,Grocery,Small,2022-04-28,Active,T+1,Kafr El Sheikh,Sidi Salem - Central
M04072,Smart Online 4072,E-Commerce,Medium,2023-11-18,Active,T+1,Cairo,Ain Shams
M04073,Urban Online 4073,E-Commerce,Micro,2023-05-15,Active,T+2,Alexandria,Agami
M04074,Pyramid Market 4074,Grocery,Micro,2025-11-28,Temporarily Suspended,T+1,Fayoum,Sinnuris
M04075,Cairo Transit 4075,Transportation,Micro,2022-03-16,Active,T+1,Dakahlia,Aga - Central
M04076,Nova Mobile 4076,Telecom,Micro,2021-05-26,Active,T+2,Sharqia,Zagazig
M04077,Pyramid Store 4077,E-Commerce,Small,2021-04-03,Active,T+0,Giza,Faisal - Central
M04078,Family Store 4078,E-Commerce,Micro,2022-12-07,Active,T+1,Minya,Minya
M04079,Golden Electronics 4079,Electronics,Micro,2025-02-10,Active,T+1,Sharqia,Zagazig
M04080,Pyramid Care 4080,Pharmacy,Micro,2024-10-31,Active,T+1,Giza,Dokki
M04081,Golden Fun 4081,Entertainment,Micro,2022-05-18,Active,T+0,Cairo,Maadi - Central
M04082,Urban Pharmacy 4082,Pharmacy,Small,2024-10-27,Active,T+1,Cairo,Heliopolis - Central
M04083,Nova Care 4083,Pharmacy,Medium,2024-04-01,Active,T+1,Matrouh,Marsa Matrouh
M04084,Pyramid Electronics 4084,Electronics,Small,2022-04-17,Active,T+1,Sharqia,Minya Al Qamh - Central
M04085,Nova Online 4085,E-Commerce,Small,2023-03-19,Active,T+0,Luxor,Armant
M04086,Nova Market 4086,Grocery,Small,2026-03-25,Active,T+1,Fayoum,Ibshaway - Central
M04087,Nile Fun 4087,Entertainment,Micro,2022-09-12,Active,T+1,Dakahlia,Belqas - Central
M04088,Pyramid Mart 4088,Grocery,Enterprise,2021-07-10,Active,T+1,Gharbia,El Mahalla El Kubra
M04089,Metro Connect 4089,Telecom,Small,2024-05-22,Active,T+0,Cairo,Maadi - Central
M04090,Green Pharmacy 4090,Pharmacy,Micro,2022-07-14,Active,T+1,Minya,Beni Mazar
M04091,Lotus Foods 4091,Grocery,Enterprise,2021-08-26,Active,T+1,Qalyubia,Shubra El Kheima
M04092,Royal Market 4092,Grocery,Small,2022-12-08,Temporarily Suspended,T+2,Giza,Haram - Central
M04093,Golden Mart 4093,Grocery,Medium,2024-01-02,Active,T+2,Monufia,Sadat City
M04094,Lotus Clinic 4094,Healthcare,Medium,2024-03-25,Temporarily Suspended,T+1,Cairo,Mokattam
M04095,Urban Cinema 4095,Entertainment,Small,2022-11-04,Active,T+1,Cairo,Shubra
M04096,Cairo Station 4096,Fuel,Small,2021-01-10,Active,T+1,Alexandria,Stanley - Central
M04097,Metro Foods 4097,Grocery,Micro,2023-04-08,Active,T+1,Alexandria,Borg El Arab
M04098,Lotus Bites 4098,Restaurants,Small,2021-08-01,Active,T+1,South Sinai,Dahab
M04099,Metro Electronics 4099,Electronics,Small,2024-10-13,Active,T+1,Giza,Dokki - Central
M04100,Cairo Care 4100,Pharmacy,Small,2021-02-01,Active,T+2,Giza,Dokki - Central
M04101,Nova Ride 4101,Transportation,Medium,2025-12-03,Active,T+2,Cairo,Heliopolis
M04102,Delta Bites 4102,Restaurants,Small,2025-04-19,Active,T+0,Qena,Nag Hammadi
M04103,Sun Ride 4103,Transportation,Small,2025-06-08,Active,T+0,Cairo,Ain Shams - Central
M04104,Royal Foods 4104,Grocery,Small,2022-09-12,Active,T+1,Minya,Minya - Central
M04105,Lotus Care 4105,Pharmacy,Micro,2025-10-07,Active,T+1,Giza,Mohandessin - Central
M04106,Quick Tech 4106,Electronics,Micro,2023-06-26,Active,T+1,Assiut,Manfalut
M04107,Golden Online 4107,E-Commerce,Micro,2024-02-07,Active,T+1,Cairo,Downtown - Central
M04108,Prime Foods 4108,Grocery,Micro,2022-05-15,Active,T+1,Cairo,Mokattam
M04109,Nile Ride 4109,Transportation,Micro,2021-12-22,Active,T+1,Cairo,Downtown - Central
M04110,Elite Academy 4110,Education,Micro,2022-11-26,Active,T+1,Cairo,Heliopolis
M04111,Royal Bites 4111,Restaurants,Small,2024-04-06,Active,T+1,Dakahlia,Mit Ghamr - Central
M04112,Quick Ride 4112,Transportation,Small,2022-09-30,Active,T+1,Matrouh,El Alamein
M04113,Quick Online 4113,E-Commerce,Small,2024-01-11,Active,T+1,Cairo,Maadi - Central
M04114,Sun Fuel 4114,Fuel,Micro,2025-11-08,Active,T+1,Giza,Mohandessin
M04115,Cairo Kitchen 4115,Restaurants,Enterprise,2022-11-21,Active,T+0,Damietta,Damietta
M04116,Blue Wear 4116,Fashion,Micro,2024-05-24,Active,T+1,Giza,6th of October
M04117,Quick Wear 4117,Fashion,Medium,2021-03-15,Active,T+1,Suez,Suez
M04118,Nova Kitchen 4118,Restaurants,Small,2024-04-16,Active,T+1,Cairo,New Cairo
M04119,Elite Pharmacy 4119,Pharmacy,Micro,2023-08-21,Offboarded,T+1,Gharbia,El Mahalla El Kubra - Central
M04120,Blue Cafe 4120,Restaurants,Small,2024-06-02,Active,T+0,Cairo,Ain Shams - Central
M04121,Urban Style 4121,Fashion,Small,2022-04-14,Active,T+1,Cairo,Mokattam - Central
M04122,Nova Kitchen 4122,Restaurants,Medium,2021-08-15,Active,T+1,Luxor,Esna
M04123,Prime Cafe 4123,Restaurants,Micro,2024-07-23,Active,T+1,Damietta,New Damietta
M04124,Prime Market 4124,Grocery,Small,2022-11-13,Active,T+1,Giza,Sheikh Zayed
M04125,Nova Care 4125,Pharmacy,Small,2021-07-01,Active,T+1,Cairo,Mokattam - Central
M04126,Urban Tech 4126,Electronics,Micro,2022-08-03,Active,T+0,Dakahlia,Mansoura
M04127,Quick Mart 4127,Grocery,Small,2021-09-02,Active,T+1,Giza,Faisal
M04128,Urban Care 4128,Pharmacy,Micro,2024-01-31,Active,T+1,Giza,6th of October
M04129,Metro Kitchen 4129,Restaurants,Small,2023-12-01,Active,T+1,Cairo,Downtown - Central
M04130,Prime Market 4130,Grocery,Small,2024-05-24,Active,Unknown,Red Sea,Hurghada
M04131,Pyramid Cafe 4131,Restaurants,Micro,2022-06-13,Active,T+1,Cairo,Mokattam - Central
M04132,Blue Foods 4132,Grocery,Micro,2021-04-19,Active,T+1,Qena,Nag Hammadi
M04133,Lotus Kitchen 4133,Restaurants,Small,2021-06-21,Active,T+0,Giza,Imbaba
M04134,Elite Kitchen 4134,Restaurants,Small,2023-01-04,Active,T+2,Cairo,Mokattam - Central
M04135,Metro Cinema 4135,Entertainment,Small,2022-01-24,Active,T+1,Beni Suef,Nasser
M04136,Quick Kitchen 4136,Restaurants,Small,2022-10-11,Active,T+2,Sharqia,Minya Al Qamh
M04137,Prime Cafe 4137,Restaurants,Small,2024-09-05,Active,T+1,Minya,Beni Mazar
M04138,Elite Cinema 4138,Entertainment,Micro,2023-08-06,Active,T+0,Suez,Ain Sokhna - Central
M04139,Royal Mart 4139,Grocery,Small,2021-01-09,Active,T+0,Cairo,Mokattam
M04140,Elite Fun 4140,Entertainment,Medium,2022-02-15,Active,T+1,Giza,Haram
M04141,Pyramid Learning 4141,Education,Micro,2023-01-01,Active,T+0,Gharbia,Zefta
M04142,Pyramid Ride 4142,Transportation,Micro,2024-11-22,Active,T+1,Qalyubia,Banha
M04143,Elite Kitchen 4143,Restaurants,Small,2023-05-06,Active,T+1,Beheira,Rashid - Central
M04144,Urban Kitchen 4144,Restaurants,Micro,2023-06-09,Active,T+1,Kafr El Sheikh,Desouk
M04145,Nova Pharmacy 4145,Pharmacy,Small,2024-08-30,Active,T+0,Cairo,Ain Shams
M04146,Metro Kitchen 4146,Restaurants,Medium,2021-07-03,Active,T+1,Kafr El Sheikh,Sidi Salem - Central
M04147,Sun Store 4147,E-Commerce,Small,2022-05-08,Active,T+1,Giza,6th of October - Central
M04148,Royal Academy 4148,Education,Medium,2025-12-01,Active,T+2,Dakahlia,Belqas
M04149,Golden Market 4149,Grocery,Small,2025-02-04,Active,T+2,Cairo,Mokattam - Central
M04150,Green Market 4150,Grocery,Small,2021-02-06,Temporarily Suspended,T+1,Qalyubia,Banha - Central
M04151,Blue Care 4151,Pharmacy,Small,2023-09-15,Active,T+1,Giza,Dokki
M04152,Delta Bites 4152,Restaurants,Micro,2022-11-22,Active,T+0,Sharqia,Zagazig
M04153,Metro Wear 4153,Fashion,Medium,2021-06-21,Active,T+2,Alexandria,Agami
M04154,Nova Cafe 4154,Restaurants,Small,2024-12-14,Active,T+1,Beheira,Rashid - Central
M04155,Lotus Transit 4155,Transportation,Small,2023-06-17,Active,T+1,Giza,6th of October
M04156,Royal Foods 4156,Grocery,Micro,2024-10-20,Active,T+1,Alexandria,Stanley
M04157,Delta Care 4157,Pharmacy,Medium,2022-08-25,Active,T+1,Alexandria,Borg El Arab
M04158,Lotus Transit 4158,Transportation,Micro,2022-10-19,Active,T+2,Cairo,Ain Shams
M04159,Metro Foods 4159,Grocery,Small,2021-05-15,Temporarily Suspended,T+1,Kafr El Sheikh,Sidi Salem
M04160,Delta Foods 4160,Grocery,Medium,2023-04-11,Temporarily Suspended,T+1,Cairo,New Cairo - Central
M04161,Lotus Style 4161,Fashion,Micro,2023-03-01,Active,T+1,Alexandria,Borg El Arab - Central
M04162,Prime Ride 4162,Transportation,Small,2022-07-12,Active,T+0,Luxor,Esna
M04163,Sun Health 4163,Healthcare,Micro,2022-06-29,Active,T+0,Giza,Mohandessin - Central
M04164,Smart Health 4164,Healthcare,Medium,2022-03-18,Active,T+1,Sharqia,Abu Hammad
M04165,Blue Kitchen 4165,Restaurants,Medium,2023-08-08,Active,T+2,Alexandria,Stanley - Central
M04166,Urban Mart 4166,Grocery,Micro,2021-12-21,Active,T+1,Sharqia,Abu Hammad
M04167,Metro Mobile 4167,Telecom,Medium,2024-08-21,Active,T+1,Red Sea,Safaga
M04168,Sun Station 4168,Fuel,Micro,2023-07-22,Active,T+1,Cairo,New Cairo - Central
M04169,Pyramid Station 4169,Fuel,Medium,2022-04-27,Active,T+2,Giza,Dokki - Central
M04170,Elite Care 4170,Pharmacy,Small,2023-06-23,Active,T+1,Giza,Imbaba - Central
M04171,Green Wear 4171,Fashion,Small,2021-01-31,Active,T+0,Assiut,Assiut - Central
M04172,Pyramid Store 4172,E-Commerce,Micro,2022-08-28,Active,T+1,Minya,Beni Mazar - Central
M04173,Golden Online 4173,E-Commerce,Micro,2022-01-05,Active,T+0,Beheira,Nubaria
M04174,Prime Market 4174,Grocery,Medium,2023-01-24,Active,T+1,Giza,Mohandessin - Central
M04175,Prime Tech 4175,Electronics,Medium,2024-07-19,Active,T+1,Dakahlia,Mit Ghamr - Central
M04176,Royal Ride 4176,Transportation,Micro,2021-06-29,Active,T+1,Giza,Dokki - Central
M04177,Nile Foods 4177,Grocery,Small,2022-12-28,Active,T+0,Cairo,New Cairo - Central
M04178,Nova Fuel 4178,Fuel,Enterprise,2023-09-19,Active,T+1,Cairo,Nasr City - Central
M04179,Metro Academy 4179,Education,Small,2022-02-09,Active,T+1,Qalyubia,Obour - Central
M04180,Quick Foods 4180,Grocery,Micro,2023-09-21,Active,T+1,Dakahlia,Mansoura
M04181,Metro Online 4181,E-Commerce,Small,2023-11-28,Active,T+2,Minya,Beni Mazar - Central
M04182,Quick Kitchen 4182,Restaurants,Micro,2025-05-13,Active,T+1,Alexandria,Stanley
M04183,Sun Cinema 4183,Entertainment,Medium,2022-07-21,Active,T+0,Beheira,Nubaria - Central
M04184,Royal Pharmacy 4184,Pharmacy,Enterprise,2021-08-31,Active,T+1,Fayoum,Sinnuris - Central
M04185,Lotus Station 4185,Fuel,Small,2022-01-26,Active,T+0,Aswan,Aswan
M04186,Pyramid Tech 4186,Electronics,Medium,2022-08-28,Active,T+1,Beheira,Rashid
M04187,Nova Style 4187,Fashion,Enterprise,2022-07-02,Active,T+2,Cairo,Nasr City - Central
M04188,Pyramid Foods 4188,Grocery,Small,2023-07-21,Active,T+2,South Sinai,El Tor
M04189,Prime Market 4189,Grocery,Micro,2024-05-20,Active,T+2,Giza,Faisal - Central
M04190,Quick Tech 4190,Electronics,Small,2024-06-04,Active,T+1,Damietta,Damietta
M04191,Royal Kitchen 4191,Restaurants,Small,2021-06-11,Active,T+1,Monufia,Ashmoun - Central
M04192,Nova Mart 4192,Grocery,Small,2022-03-31,Active,T+1,Alexandria,Sidi Gaber - Central
M04193,Pyramid Mobile 4193,Telecom,Micro,2024-10-05,Active,T+2,Dakahlia,Aga - Central
M04194,Blue Mobile 4194,Telecom,Medium,2022-09-01,Active,T+1,Giza,Sheikh Zayed
M04195,Golden Transit 4195,Transportation,Small,2024-11-15,Active,T+1,Sohag,Girga
M04196,Cairo Transit 4196,Transportation,Small,2021-04-30,Active,T+2,Beheira,Rashid
M04197,Prime Foods 4197,Grocery,Micro,2022-12-10,Active,T+2,Giza,Haram - Central
M04198,Delta Market 4198,Grocery,Small,2025-06-28,Active,T+1,Alexandria,Sidi Gaber
M04199,Delta Pharmacy 4199,Pharmacy,Micro,2024-06-15,Temporarily Suspended,T+0,Dakahlia,Belqas
M04200,Lotus Bites 4200,Restaurants,Enterprise,2024-06-12,Active,T+2,Giza,Sheikh Zayed - Central
M04201,Royal Care 4201,Pharmacy,Medium,2022-03-06,Active,T+2,Beheira,Nubaria - Central
M04202,Pyramid Cinema 4202,Entertainment,Small,2022-09-15,Active,T+0,Dakahlia,Mit Ghamr - Central
M04203,Smart Electronics 4203,Electronics,Micro,2024-09-01,Active,T+2,Cairo,Heliopolis
M04204,Elite Transit 4204,Transportation,Micro,2021-01-29,Active,T+2,Alexandria,Stanley - Central
M04205,Prime Mart 4205,Grocery,Micro,2023-01-07,Active,T+1,Sohag,Tahta
M04206,Blue Style 4206,Fashion,Small,2021-03-07,Active,T+0,Cairo,Mokattam
M04207,Metro Style 4207,Fashion,Micro,2024-12-05,Active,T+1,Cairo,Maadi - Central
M04208,Quick Health 4208,Healthcare,Small,2021-03-28,Active,T+2,Qena,Qena
M04209,Cairo Transit 4209,Transportation,Micro,2022-07-16,Active,T+1,Giza,Faisal
M04210,Metro Ride 4210,Transportation,Small,2024-07-26,Active,T+1,Cairo,New Cairo - Central
M04211,Royal Mart 4211,Grocery,Medium,2023-10-29,Active,T+1,Alexandria,Sidi Gaber - Central
M04212,Pyramid Fun 4212,Entertainment,Small,2025-10-24,Active,T+2,Giza,Dokki
M04213,Nova Cinema 4213,Entertainment,Small,2022-09-26,Active,T+2,Ismailia,Fayed - Central
M04214,Nova Academy 4214,Education,Small,2021-11-18,Active,T+1,Sohag,Akhmim
M04215,Delta Foods 4215,Grocery,Small,2024-06-20,Active,T+0,Damietta,Faraskour
M04216,Nova Store 4216,E-Commerce,Micro,2022-07-29,Active,T+1,Giza,Mohandessin
M04217,Nova Fuel 4217,Fuel,Medium,2025-09-20,Active,T+1,Giza,Dokki - Central
M04218,Nile Pharmacy 4218,Pharmacy,Enterprise,2021-02-28,Active,T+1,Kafr El Sheikh,Sidi Salem - Central
M04219,Golden Mart 4219,Grocery,Micro,2021-11-30,Temporarily Suspended,T+2,Beni Suef,New Beni Suef
M04220,Pyramid Clinic 4220,Healthcare,Micro,2024-06-23,Active,T+0,Suez,Ain Sokhna - Central
M04221,Lotus Care 4221,Pharmacy,Micro,2024-09-07,Active,T+1,Monufia,Shebin El Kom - Central
M04222,Urban Wear 4222,Fashion,Micro,2024-10-23,Active,T+0,Giza,Sheikh Zayed - Central
M04223,Elite Transit 4223,Transportation,Small,2023-01-13,Active,T+0,Giza,Faisal
M04224,Pyramid Health 4224,Healthcare,Small,2022-03-06,Active,T+1,Cairo,Shubra
M04225,Delta Style 4225,Fashion,Small,2021-01-09,Active,T+1,Giza,Mohandessin
M04226,Lotus Wear 4226,Fashion,Small,2024-12-07,Active,T+1,Giza,6th of October
M04227,Blue Care 4227,Pharmacy,Small,2023-03-17,Active,T+0,Cairo,New Cairo
M04228,Cairo Bites 4228,Restaurants,Micro,2022-12-11,Active,T+1,Dakahlia,Aga - Central
M04229,Green Wear 4229,Fashion,Micro,2021-12-18,Active,T+1,Alexandria,Stanley - Central
M04230,Delta Foods 4230,Grocery,Medium,2022-04-30,Active,T+1,Sohag,Tahta
M04231,Smart Academy 4231,Education,Micro,2022-09-26,Active,T+2,Beni Suef,Nasser - Central
M04232,Sun Transit 4232,Transportation,Micro,2024-05-02,Active,T+1,Sharqia,Zagazig
M04233,Pyramid Style 4233,Fashion,Micro,2024-01-16,Active,T+2,Giza,6th of October
M04234,Quick Market 4234,Grocery,Micro,2023-10-13,Active,T+1,Giza,Haram - Central
M04235,Smart Style 4235,Fashion,Micro,2025-11-02,Active,T+0,Alexandria,Miami
M04236,Metro Online 4236,E-Commerce,Small,2023-12-27,Offboarded,T+1,Beheira,Kafr El Dawwar
M04237,Smart Station 4237,Fuel,Micro,2022-08-19,Active,T+1,Giza,Imbaba - Central
M04238,Delta Market 4238,Grocery,Small,2022-06-05,Active,T+1,Minya,Beni Mazar
M04239,Green Foods 4239,Grocery,Micro,2021-08-20,Offboarded,T+1,Giza,Faisal - Central
M04240,Nile Learning 4240,Education,Small,2021-03-28,Active,T+1,Cairo,Maadi - Central
M04241,Elite Academy 4241,Education,Small,2026-02-22,Active,T+1,Beni Suef,Nasser - Central
M04242,Pyramid Wear 4242,Fashion,Medium,2024-06-02,Active,T+1,Alexandria,Borg El Arab - Central
M04243,Prime Clinic 4243,Healthcare,Small,2021-02-10,Active,T+0,Damietta,Ras El Bar
M04244,Prime Electronics 4244,Electronics,Small,2021-08-15,Active,T+2,Qena,Qus
M04245,Prime Pharmacy 4245,Pharmacy,Small,2024-01-24,Active,T+1,Alexandria,Agami
M04246,Urban Online 4246,E-Commerce,Enterprise,2024-06-13,Active,T+2,Minya,Minya
M04247,Quick Pharmacy 4247,Pharmacy,Micro,2024-08-17,Active,T+2,Giza,Imbaba - Central
M04248,Elite Mart 4248,Grocery,Small,2022-01-22,Active,T+0,Dakahlia,Mansoura - Central
M04249,Lotus Station 4249,Fuel,Micro,2023-12-31,Active,T+1,Beheira,Rashid - Central
M04250,Nova Fun 4250,Entertainment,Micro,2022-12-30,Active,T+1,Gharbia,Tanta - Central
M04251,Golden Clinic 4251,Healthcare,Small,2024-01-06,Active,T+0,Cairo,Shubra - Central
M04252,Golden Kitchen 4252,Restaurants,Medium,2023-11-28,Active,T+1,Cairo,New Cairo - Central
M04253,Smart Transit 4253,Transportation,Small,2022-01-30,Active,T+1,Gharbia,El Mahalla El Kubra
M04254,Blue Ride 4254,Transportation,Medium,2023-08-12,Active,T+2,Aswan,Edfu
M04255,Lotus Kitchen 4255,Restaurants,Small,2022-09-28,Active,T+0,Damietta,Damietta - Central
M04256,Blue Foods 4256,Grocery,Micro,2024-02-14,Offboarded,T+1,Luxor,Armant
M04257,Nova Station 4257,Fuel,Micro,2023-11-30,Active,T+1,Giza,Faisal
M04258,Sun Care 4258,Pharmacy,Medium,2021-10-18,Active,T+2,Cairo,Ain Shams
M04259,Quick Care 4259,Pharmacy,Medium,2023-03-24,Active,T+1,Cairo,Ain Shams - Central
M04260,Delta Transit 4260,Transportation,Micro,2023-04-02,Active,T+1,Cairo,Ain Shams - Central
M04261,Smart Bites 4261,Restaurants,Medium,2024-09-23,Active,T+1,Beni Suef,Beni Suef
M04262,Nile Ride 4262,Transportation,Medium,2023-03-27,Active,T+1,Cairo,Mokattam - Central
M04263,Sun Fun 4263,Entertainment,Small,2026-03-30,Active,Unknown,Gharbia,El Mahalla El Kubra
M04264,Metro Electronics 4264,Electronics,Medium,2022-09-18,Active,T+1,Cairo,Heliopolis - Central
M04265,Quick Online 4265,E-Commerce,Micro,2023-04-23,Active,T+2,Damietta,New Damietta - Central
M04266,Golden Care 4266,Pharmacy,Small,2021-03-16,Active,T+2,Gharbia,El Mahalla El Kubra - Central
M04267,Metro Cafe 4267,Restaurants,Small,2021-06-17,Active,T+1,Cairo,Heliopolis
M04268,Quick Health 4268,Healthcare,Medium,2022-12-01,Active,T+1,Giza,Imbaba
M04269,Nile Fuel 4269,Fuel,Small,2023-01-13,Active,T+1,Kafr El Sheikh,Sidi Salem - Central
M04270,Nova Style 4270,Fashion,Small,2021-11-29,Active,T+1,Dakahlia,Talkha - Central
M04271,Nile Tech 4271,Electronics,Small,2022-03-09,Active,T+2,Dakahlia,Talkha
M04272,Nova Health 4272,Healthcare,Micro,2026-04-01,Active,T+1,Beheira,Kafr El Dawwar
M04273,Golden Ride 4273,Transportation,Small,2024-11-04,Active,T+1,Qalyubia,Shubra El Kheima - Central
M04274,Delta Clinic 4274,Healthcare,Small,2023-08-01,Temporarily Suspended,T+0,Cairo,Downtown - Central
M04275,Green Connect 4275,Telecom,Enterprise,2024-01-25,Active,T+1,Suez,Suez - Central
M04276,Green Online 4276,E-Commerce,Medium,2023-10-18,Active,T+2,Giza,Mohandessin
M04277,Blue Foods 4277,Grocery,Micro,2023-06-07,Active,T+1,Cairo,Ain Shams
M04278,Blue Cinema 4278,Entertainment,Micro,2024-08-09,Active,T+2,Cairo,Ain Shams - Central
M04279,Urban Learning 4279,Education,Small,2021-06-28,Active,T+1,Alexandria,Agami - Central
M04280,Metro Foods 4280,Grocery,Micro,2024-02-15,Active,T+1,Giza,6th of October - Central
M04281,Golden Tech 4281,Electronics,Micro,2021-12-04,Active,T+1,Giza,Sheikh Zayed - Central
M04282,Blue Cafe 4282,Restaurants,Micro,2021-11-24,Active,T+0,Ismailia,Qantara
M04283,Family Mart 4283,Grocery,Medium,2023-09-07,Active,T+1,Cairo,Downtown
M04284,Prime Transit 4284,Transportation,Micro,2024-09-24,Active,T+1,Sohag,Akhmim
M04285,Nova Transit 4285,Transportation,Micro,2022-02-24,Active,T+2,Giza,Haram - Central
M04286,Metro Ride 4286,Transportation,Micro,2024-05-09,Active,T+0,Minya,Beni Mazar
M04287,Nile Ride 4287,Transportation,Micro,2021-08-28,Active,T+1,Qena,Qena
M04288,Sun Market 4288,Grocery,Small,2022-09-11,Active,T+1,Cairo,Mokattam
M04289,Elite Cafe 4289,Restaurants,Micro,2023-01-14,Active,T+1,Assiut,New Assiut
M04290,Nile Station 4290,Fuel,Small,2021-10-22,Active,T+1,Giza,Haram
M04291,Royal Bites 4291,Restaurants,Small,2023-08-03,Active,T+1,Dakahlia,Aga
M04292,Royal Academy 4292,Education,Small,2022-10-02,Active,T+1,Gharbia,Tanta - Central
M04293,Urban Pharmacy 4293,Pharmacy,Small,2024-01-14,Active,T+2,Cairo,New Cairo
M04294,Smart Pharmacy 4294,Pharmacy,Micro,2024-01-09,Active,T+1,Giza,Haram - Central
M04295,Delta Market 4295,Grocery,Small,2021-06-12,Active,T+1,Giza,Sheikh Zayed - Central
M04296,Lotus Market 4296,Grocery,Medium,2023-01-19,Active,T+1,Alexandria,Smouha - Central
M04297,Nova Market 4297,Grocery,Micro,2025-01-11,Active,T+1,Qalyubia,Khanka - Central
M04298,Sun Mobile 4298,Telecom,Small,2024-10-31,Active,T+2,Cairo,Ain Shams
M04299,Blue Bites 4299,Restaurants,Micro,2024-03-03,Active,T+1,Alexandria,Stanley
M04300,Cairo Care 4300,Pharmacy,Small,2022-10-29,Active,T+0,Alexandria,Borg El Arab - Central
M04301,Lotus Wear 4301,Fashion,Small,2024-10-02,Active,T+1,Cairo,Maadi - Central
M04302,Smart Ride 4302,Transportation,Micro,2024-12-31,Active,T+0,Alexandria,Stanley
M04303,Blue Bites 4303,Restaurants,Small,2025-01-13,Active,T+0,Gharbia,El Mahalla El Kubra - Central
M04304,Golden Market 4304,Grocery,Micro,2023-12-13,Active,T+2,Sohag,Sohag
M04305,Delta Mart 4305,Grocery,Micro,2023-06-09,Active,T+1,Dakahlia,Belqas
M04306,Royal Cinema 4306,Entertainment,Micro,2023-01-23,Active,T+1,Giza,Haram - Central
M04307,Family Care 4307,Pharmacy,Micro,2024-03-13,Active,T+0,Dakahlia,Mit Ghamr
M04308,Lotus Market 4308,Grocery,Medium,2023-01-27,Temporarily Suspended,T+0,Giza,Dokki
M04309,Lotus Foods 4309,Grocery,Micro,2024-05-15,Active,T+0,Cairo,Maadi - Central
M04310,Quick Online 4310,E-Commerce,Small,2024-07-22,Active,T+1,Cairo,Heliopolis
M04311,Green Pharmacy 4311,Pharmacy,Small,2025-02-20,Active,T+1,Kafr El Sheikh,Baltim - Central
M04312,Nile Style 4312,Fashion,Micro,2022-04-21,Active,T+0,Cairo,Mokattam
M04313,Delta Cafe 4313,Restaurants,Small,2021-01-27,Active,T+1,Suez,Suez - Central
M04314,Lotus Foods 4314,Grocery,Small,2023-04-09,Active,T+1,Giza,Mohandessin - Central
M04315,Elite Market 4315,Grocery,Small,2021-11-22,Active,T+1,Fayoum,Fayoum - Central
M04316,Nile Station 4316,Fuel,Small,2025-05-14,Active,T+2,Cairo,Maadi
M04317,Metro Kitchen 4317,Restaurants,Micro,2022-12-25,Active,T+1,Gharbia,El Mahalla El Kubra - Central
M04318,Prime Market 4318,Grocery,Micro,2024-05-30,Active,T+2,Cairo,Nasr City - Central
M04319,Urban Kitchen 4319,Restaurants,Micro,2023-03-03,Active,T+1,Beheira,Rashid
M04320,Smart Bites 4320,Restaurants,Micro,2022-05-26,Active,T+2,Cairo,Nasr City - Central
M04321,Pyramid Store 4321,E-Commerce,Enterprise,2024-07-10,Active,T+1,Port Said,Port Fouad - Central
M04322,Blue Electronics 4322,Electronics,Micro,2021-07-17,Active,T+0,Giza,Haram - Central
M04323,Family Bites 4323,Restaurants,Micro,2023-04-20,Active,T+1,Kafr El Sheikh,Sidi Salem - Central
M04324,Family Pharmacy 4324,Pharmacy,Micro,2022-09-09,Active,T+0,Monufia,Menouf - Central
M04325,Blue Fuel 4325,Fuel,Micro,2025-08-31,Active,T+2,Cairo,Shubra
M04326,Sun Ride 4326,Transportation,Micro,2025-01-03,Offboarded,T+1,Cairo,Maadi - Central
M04327,Urban Ride 4327,Transportation,Medium,2024-10-28,Active,T+1,Alexandria,Smouha - Central
M04328,Royal Kitchen 4328,Restaurants,Micro,2022-02-27,Active,T+1,Cairo,Maadi - Central
M04329,Quick Foods 4329,Grocery,Small,2022-04-09,Active,T+1,Port Said,Port Fouad - Central
M04330,Cairo Cafe 4330,Restaurants,Small,2022-08-03,Active,T+1,Damietta,Ras El Bar - Central
M04331,Quick Mobile 4331,Telecom,Micro,2025-07-31,Active,T+1,Cairo,Downtown - Central
M04332,Family Learning 4332,Education,Medium,2023-05-19,Active,T+1,Alexandria,Borg El Arab - Central
M04333,Nova Care 4333,Pharmacy,Small,2024-04-12,Active,T+1,Giza,Dokki
M04334,Royal Care 4334,Pharmacy,Micro,2024-05-07,Active,T+0,Cairo,Heliopolis - Central
M04335,Family Station 4335,Fuel,Medium,2021-08-27,Active,T+0,Giza,6th of October
M04336,Green Ride 4336,Transportation,Small,2025-11-07,Active,T+0,Cairo,Heliopolis - Central
M04337,Family Mart 4337,Grocery,Micro,2024-03-28,Active,T+1,Cairo,Downtown
M04338,Lotus Health 4338,Healthcare,Medium,2022-08-17,Active,T+1,Qalyubia,Obour - Central
M04339,Blue Cafe 4339,Restaurants,Small,2025-01-09,Active,T+2,Alexandria,Miami
M04340,Delta Electronics 4340,Electronics,Micro,2021-07-08,Active,T+1,Monufia,Shebin El Kom - Central
M04341,Family Style 4341,Fashion,Medium,2022-04-22,Active,T+1,Giza,Dokki
M04342,Metro Store 4342,E-Commerce,Medium,2023-02-13,Active,T+1,Cairo,New Cairo - Central
M04343,Sun Fuel 4343,Fuel,Small,2023-01-14,Active,T+0,Alexandria,Sidi Gaber - Central
M04344,Elite Learning 4344,Education,Small,2022-03-31,Active,T+2,Alexandria,Miami
M04345,Lotus Transit 4345,Transportation,Small,2024-11-05,Active,T+0,Monufia,Shebin El Kom
M04346,Pyramid Store 4346,E-Commerce,Enterprise,2022-06-14,Active,T+0,Gharbia,Tanta - Central
M04347,Family Foods 4347,Grocery,Micro,2022-04-13,Active,T+0,Cairo,Mokattam
M04348,Cairo Care 4348,Pharmacy,Medium,2023-11-24,Active,T+1,Giza,Haram - Central
M04349,Elite Foods 4349,Grocery,Small,2023-06-22,Active,T+1,Cairo,Ain Shams - Central
M04350,Prime Mart 4350,Grocery,Micro,2021-07-13,Active,T+1,Matrouh,Siwa
M04351,Elite Electronics 4351,Electronics,Micro,2025-09-27,Active,T+1,Giza,Mohandessin
M04352,Delta Electronics 4352,Electronics,Micro,2024-09-05,Active,T+1,Qena,Qus
M04353,Pyramid Bites 4353,Restaurants,Micro,2021-11-20,Active,T+1,Giza,Sheikh Zayed - Central
M04354,Family Care 4354,Pharmacy,Medium,2022-09-15,Temporarily Suspended,T+1,Giza,Dokki - Central
M04355,Smart Online 4355,E-Commerce,Micro,2023-04-18,Active,T+1,Giza,Imbaba
M04356,Blue Store 4356,E-Commerce,Micro,2022-12-18,Active,T+1,Sohag,Girga
M04357,Metro Cafe 4357,Restaurants,Micro,2026-05-10,Temporarily Suspended,T+0,Cairo,New Cairo
M04358,Royal Online 4358,E-Commerce,Small,2023-03-06,Temporarily Suspended,T+1,Gharbia,Tanta
M04359,Nile Academy 4359,Education,Medium,2025-10-06,Active,T+1,Cairo,Heliopolis - Central
M04360,Green Mart 4360,Grocery,Medium,2025-05-13,Active,T+1,Sharqia,10th of Ramadan
M04361,Nile Market 4361,Grocery,Micro,2025-11-19,Active,T+1,Giza,Imbaba
M04362,Quick Online 4362,E-Commerce,Small,2024-10-13,Active,T+2,Gharbia,Kafr El Zayat - Central
M04363,Nova Electronics 4363,Electronics,Small,2023-01-08,Active,T+1,Sharqia,Zagazig - Central
M04364,Metro Mart 4364,Grocery,Micro,2025-08-18,Active,T+0,Alexandria,Agami - Central
M04365,Elite Foods 4365,Grocery,Small,2026-04-17,Active,T+0,Qena,Qena
M04366,Prime Pharmacy 4366,Pharmacy,Micro,2025-02-06,Active,T+1,Cairo,Heliopolis - Central
M04367,Nile Online 4367,E-Commerce,Micro,2021-02-04,Active,T+1,Giza,Haram - Central
M04368,Prime Care 4368,Pharmacy,Micro,2021-04-13,Active,T+1,Cairo,Maadi
M04369,Nova Wear 4369,Fashion,Micro,2022-08-30,Active,T+0,Minya,Beni Mazar - Central
M04370,Nile Fun 4370,Entertainment,Micro,2025-09-12,Active,T+2,Dakahlia,Mansoura
M04371,Lotus Wear 4371,Fashion,Enterprise,2024-10-01,Active,T+1,Giza,Faisal - Central
M04372,Golden Store 4372,E-Commerce,Small,2023-02-07,Active,T+1,Dakahlia,Mit Ghamr - Central
M04373,Lotus Mart 4373,Grocery,Micro,2023-12-08,Active,T+1,Giza,Imbaba
M04374,Green Transit 4374,Transportation,Micro,2022-03-21,Active,T+1,Fayoum,Ibshaway
M04375,Blue Fun 4375,Entertainment,Micro,2022-05-17,Active,T+1,Alexandria,Sidi Gaber - Central
M04376,Blue Fun 4376,Entertainment,Small,2021-05-19,Active,T+1,Qalyubia,Obour
M04377,Smart Health 4377,Healthcare,Enterprise,2024-04-12,Active,T+0,Giza,Dokki - Central
M04378,Quick Pharmacy 4378,Pharmacy,Small,2023-07-04,Active,T+2,Cairo,Maadi
M04379,Lotus Ride 4379,Transportation,Enterprise,2023-11-28,Active,T+0,Giza,Imbaba - Central
M04380,Cairo Fuel 4380,Fuel,Medium,2021-06-01,Active,T+2,Luxor,Luxor
M04381,Sun Market 4381,Grocery,Small,2021-04-26,Active,T+1,Giza,Sheikh Zayed - Central
M04382,Pyramid Foods 4382,Grocery,Medium,2024-07-10,Active,T+2,Giza,Faisal
M04383,Blue Tech 4383,Electronics,Small,2021-06-07,Active,T+1,Port Said,Port Fouad - Central
M04384,Smart Bites 4384,Restaurants,Micro,2022-02-01,Temporarily Suspended,T+1,Giza,Faisal - Central
M04385,Prime Wear 4385,Fashion,Small,2021-09-01,Active,T+2,Fayoum,Sinnuris - Central
M04386,Family Market 4386,Grocery,Small,2021-09-03,Active,T+0,Port Said,Port Fouad - Central
M04387,Lotus Ride 4387,Transportation,Medium,2023-09-25,Active,T+0,Cairo,Ain Shams
M04388,Golden Cinema 4388,Entertainment,Micro,2022-09-11,Active,T+1,Sohag,Sohag
M04389,Urban Bites 4389,Restaurants,Small,2024-03-14,Active,T+2,Cairo,Shubra
M04390,Family Wear 4390,Fashion,Micro,2023-01-19,Active,T+1,Dakahlia,Aga
M04391,Quick Mart 4391,Grocery,Medium,2023-05-07,Active,T+2,Alexandria,Stanley
M04392,Family Bites 4392,Restaurants,Micro,2021-11-10,Active,T+1,Cairo,Nasr City
M04393,Lotus Foods 4393,Grocery,Micro,2024-05-16,Active,T+1,Giza,Sheikh Zayed
M04394,Pyramid Style 4394,Fashion,Small,2022-06-07,Active,T+1,Alexandria,Sidi Gaber - Central
M04395,Sun Clinic 4395,Healthcare,Micro,2023-09-26,Active,T+1,Luxor,Luxor
M04396,Prime Fun 4396,Entertainment,Micro,2022-07-22,Offboarded,T+1,Giza,6th of October - Central
M04397,Green Care 4397,Pharmacy,Micro,2021-05-31,Active,T+0,Cairo,Maadi
M04398,Sun Mart 4398,Grocery,Micro,2024-06-04,Active,T+1,Giza,6th of October - Central
M04399,Royal Fuel 4399,Fuel,Micro,2022-10-20,Active,T+1,Kafr El Sheikh,Sidi Salem - Central
M04400,Nile Style 4400,Fashion,Medium,2024-10-26,Active,T+1,Sohag,Tahta
M04401,Sun Electronics 4401,Electronics,Enterprise,2024-03-29,Active,T+1,Cairo,Downtown - Central
M04402,Royal Ride 4402,Transportation,Medium,2021-07-19,Active,T+1,Alexandria,Smouha
M04403,Delta Health 4403,Healthcare,Enterprise,2023-12-09,Active,T+2,Assiut,Manfalut
M04404,Smart Pharmacy 4404,Pharmacy,Micro,2023-05-25,Active,T+1,Sharqia,Belbeis
M04405,Urban Academy 4405,Education,Small,2024-05-13,Temporarily Suspended,T+0,Monufia,Ashmoun
M04406,Cairo Station 4406,Fuel,Small,2021-12-03,Active,T+1,Cairo,Maadi - Central
M04407,Urban Cafe 4407,Restaurants,Small,2021-11-28,Active,T+0,Minya,Beni Mazar
M04408,Nile Pharmacy 4408,Pharmacy,Micro,2022-11-30,Active,T+2,Sharqia,10th of Ramadan
M04409,Elite Tech 4409,Electronics,Medium,2021-07-20,Active,T+1,North Sinai,Bir El Abd
M04410,Delta Store 4410,E-Commerce,Medium,2022-07-21,Active,T+2,Alexandria,Sidi Gaber - Central
M04411,Green Clinic 4411,Healthcare,Small,2024-05-14,Active,T+1,Assiut,Assiut
M04412,Lotus Fun 4412,Entertainment,Medium,2023-12-03,Active,T+1,Ismailia,Ismailia - Central
M04413,Family Mart 4413,Grocery,Medium,2026-05-05,Active,T+2,Alexandria,Sidi Gaber - Central
M04414,Urban Cafe 4414,Restaurants,Micro,2023-02-25,Active,T+0,Cairo,Heliopolis - Central
M04415,Green Learning 4415,Education,Micro,2022-10-11,Active,T+1,Gharbia,Zefta
M04416,Sun Cafe 4416,Restaurants,Small,2022-01-13,Active,T+1,Giza,Imbaba
M04417,Cairo Wear 4417,Fashion,Medium,2024-09-08,Active,T+0,Cairo,Nasr City - Central
M04418,Metro Bites 4418,Restaurants,Enterprise,2024-10-26,Active,T+2,Giza,Mohandessin - Central
M04419,Metro Station 4419,Fuel,Medium,2024-04-27,Active,T+1,Sharqia,10th of Ramadan
M04420,Metro Online 4420,E-Commerce,Small,2022-07-12,Active,T+1,Cairo,Ain Shams - Central
M04421,Delta Market 4421,Grocery,Small,2024-04-12,Active,T+1,Cairo,Mokattam - Central
M04422,Golden Fuel 4422,Fuel,Micro,2021-03-23,Active,T+0,Ismailia,Qantara
M04423,Nova Health 4423,Healthcare,Micro,2021-01-05,Active,T+0,Cairo,Heliopolis
M04424,Delta Mobile 4424,Telecom,Medium,2023-05-30,Active,T+2,Beheira,Rashid - Central
M04425,Delta Fuel 4425,Fuel,Micro,2023-12-23,Active,T+1,Assiut,Dairut
M04426,Royal Bites 4426,Restaurants,Micro,2021-09-06,Active,T+2,Cairo,Ain Shams
M04427,Delta Market 4427,Grocery,Micro,2024-09-24,Active,T+1,Cairo,Mokattam
M04428,Metro Style 4428,Fashion,Small,2024-02-02,Active,T+0,New Valley,Kharga
M04429,Smart Pharmacy 4429,Pharmacy,Micro,2024-06-16,Active,T+1,Giza,Faisal
M04430,Nile Kitchen 4430,Restaurants,Micro,2026-01-14,Active,T+0,Giza,Haram - Central
M04431,Sun Foods 4431,Grocery,Small,2023-07-17,Active,T+1,Beheira,Kafr El Dawwar - Central
M04432,Metro Foods 4432,Grocery,Small,2025-04-06,Active,T+1,Suez,Suez - Central
M04433,Royal Wear 4433,Fashion,Micro,2022-01-02,Active,T+1,Beheira,Damanhur
M04434,Sun Style 4434,Fashion,Small,2022-07-31,Active,T+1,Dakahlia,Aga
M04435,Cairo Learning 4435,Education,Micro,2021-06-15,Active,T+1,Alexandria,Sidi Gaber - Central
M04436,Royal Store 4436,E-Commerce,Small,2024-01-24,Active,T+1,Cairo,Shubra
M04437,Delta Style 4437,Fashion,Micro,2021-11-16,Active,T+1,Minya,Minya
M04438,Metro Electronics 4438,Electronics,Micro,2021-08-29,Active,T+0,Giza,Haram
M04439,Urban Store 4439,E-Commerce,Micro,2024-08-11,Active,T+1,Giza,Faisal
M04440,Quick Transit 4440,Transportation,Micro,2021-07-29,Active,T+0,Alexandria,Agami - Central
M04441,Pyramid Cafe 4441,Restaurants,Micro,2021-07-21,Active,T+1,Cairo,Nasr City
M04442,Nova Online 4442,E-Commerce,Medium,2021-01-01,Active,T+1,Cairo,Mokattam - Central
M04443,Nile Cafe 4443,Restaurants,Small,2021-12-10,Active,T+1,Alexandria,Stanley - Central
M04444,Nile Style 4444,Fashion,Small,2022-06-30,Active,T+1,Qalyubia,Shubra El Kheima - Central
M04445,Nile Market 4445,Grocery,Medium,2022-07-23,Active,T+2,Gharbia,Tanta
M04446,Prime Care 4446,Pharmacy,Small,2024-05-05,Active,T+0,Dakahlia,Mit Ghamr - Central
M04447,Smart Market 4447,Grocery,Medium,2021-10-10,Active,T+0,Qalyubia,Shubra El Kheima - Central
M04448,Urban Transit 4448,Transportation,Micro,2022-05-26,Active,T+0,Gharbia,Tanta - Central
M04449,Smart Online 4449,E-Commerce,Micro,2024-02-12,Active,T+1,Sharqia,10th of Ramadan
M04450,Nile Bites 4450,Restaurants,Small,2024-08-20,Active,T+1,Minya,Minya
M04451,Cairo Cafe 4451,Restaurants,Micro,2021-07-05,Active,T+1,Sharqia,Minya Al Qamh
M04452,Nova Cinema 4452,Entertainment,Micro,2025-03-13,Active,T+1,Dakahlia,Mit Ghamr - Central
M04453,Lotus Electronics 4453,Electronics,Small,2023-09-25,Active,T+1,Port Said,Port Said
M04454,Urban Health 4454,Healthcare,Micro,2024-08-17,Active,T+1,Cairo,New Cairo - Central
M04455,Cairo Style 4455,Fashion,Small,2025-01-16,Active,T+0,Kafr El Sheikh,Baltim
M04456,Cairo Foods 4456,Grocery,Small,2024-05-01,Offboarded,T+1,Cairo,Heliopolis - Central
M04457,Quick Wear 4457,Fashion,Small,2022-12-12,Active,T+1,Giza,Dokki
M04458,Lotus Kitchen 4458,Restaurants,Small,2021-01-07,Active,T+0,Cairo,Heliopolis - Central
M04459,Nile Cafe 4459,Restaurants,Small,2024-03-30,Active,T+1,Alexandria,Borg El Arab
M04460,Royal Wear 4460,Fashion,Micro,2022-12-21,Active,T+1,Assiut,Manfalut - Central
M04461,Cairo Connect 4461,Telecom,Medium,2023-02-09,Active,T+1,Sharqia,Abu Hammad
M04462,Cairo Mart 4462,Grocery,Small,2022-09-05,Active,T+2,Cairo,Maadi - Central
M04463,Prime Bites 4463,Restaurants,Micro,2024-02-21,Active,T+1,Giza,Sheikh Zayed - Central
M04464,Family Online 4464,E-Commerce,Small,2023-08-16,Active,T+1,Giza,Faisal - Central
M04465,Royal Health 4465,Healthcare,Medium,2021-08-31,Active,T+2,Kafr El Sheikh,Baltim
M04466,Green Cafe 4466,Restaurants,Enterprise,2023-03-12,Active,T+1,Cairo,Mokattam
M04467,Delta Kitchen 4467,Restaurants,Micro,2025-03-03,Active,T+0,Dakahlia,Mit Ghamr - Central
M04468,Quick Care 4468,Pharmacy,Micro,2023-01-04,Active,T+1,South Sinai,El Tor
M04469,Lotus Pharmacy 4469,Pharmacy,Micro,2022-07-08,Temporarily Suspended,T+2,Sharqia,Abu Hammad - Central
M04470,Elite Mobile 4470,Telecom,Small,2021-11-06,Active,T+1,Sharqia,10th of Ramadan
M04471,Blue Market 4471,Grocery,Micro,2024-11-25,Active,T+1,Giza,Haram - Central
M04472,Urban Style 4472,Fashion,Medium,2021-11-03,Active,T+1,Cairo,Shubra
M04473,Sun Cafe 4473,Restaurants,Medium,2021-09-03,Active,T+1,Dakahlia,Talkha - Central
M04474,Metro Bites 4474,Restaurants,Small,2024-07-07,Active,T+1,Damietta,Faraskour
M04475,Pyramid Tech 4475,Electronics,Small,2023-08-16,Active,T+1,Aswan,Kom Ombo
M04476,Blue Fuel 4476,Fuel,Medium,2021-07-13,Active,T+0,Cairo,Heliopolis - Central
M04477,Cairo Mart 4477,Grocery,Micro,2024-04-28,Active,T+1,Cairo,New Cairo - Central
M04478,Green Pharmacy 4478,Pharmacy,Small,2021-06-05,Active,T+1,Giza,Imbaba
M04479,Nile Mart 4479,Grocery,Micro,2024-11-18,Active,T+1,Giza,Mohandessin
M04480,Sun Style 4480,Fashion,Micro,2021-04-17,Active,T+1,Damietta,Ras El Bar - Central
M04481,Nova Cafe 4481,Restaurants,Medium,2022-11-12,Active,T+1,Cairo,Nasr City - Central
M04482,Lotus Bites 4482,Restaurants,Small,2024-05-08,Active,T+1,Assiut,Dairut
M04483,Prime Mart 4483,Grocery,Enterprise,2025-10-06,Active,T+1,Giza,Haram
M04484,Nova Foods 4484,Grocery,Medium,2021-01-02,Active,T+1,Giza,6th of October - Central
M04485,Golden Cafe 4485,Restaurants,Micro,2024-02-14,Active,T+0,Red Sea,Hurghada
M04486,Pyramid Connect 4486,Telecom,Small,2026-01-10,Active,T+0,Alexandria,Borg El Arab
M04487,Family Bites 4487,Restaurants,Enterprise,2023-07-07,Active,T+1,Giza,Dokki
M04488,Family Ride 4488,Transportation,Micro,2022-03-09,Active,T+1,Cairo,Maadi - Central
M04489,Elite Tech 4489,Electronics,Small,2021-11-24,Active,T+0,Qena,Qena
M04490,Nile Store 4490,E-Commerce,Micro,2021-01-20,Active,T+1,Giza,Sheikh Zayed - Central
M04491,Metro Ride 4491,Transportation,Small,2021-01-06,Active,T+1,Cairo,Maadi - Central
M04492,Royal Online 4492,E-Commerce,Small,2023-07-18,Active,T+1,Cairo,Ain Shams - Central
M04493,Lotus Care 4493,Pharmacy,Micro,2021-07-19,Active,T+0,Alexandria,Sidi Gaber
M04494,Nile Store 4494,E-Commerce,Enterprise,2024-06-13,Active,T+2,Cairo,Downtown - Central
M04495,Smart Mart 4495,Grocery,Small,2021-04-02,Active,T+2,Alexandria,Borg El Arab
M04496,Cairo Cafe 4496,Restaurants,Micro,2021-06-04,Active,T+1,Alexandria,Agami
M04497,Smart Style 4497,Fashion,Micro,2022-02-03,Active,T+1,Aswan,Edfu
M04498,Sun Market 4498,Grocery,Micro,2022-05-04,Active,T+0,Beheira,Rashid - Central
M04499,Cairo Fuel 4499,Fuel,Small,2022-01-12,Active,T+2,Cairo,Shubra - Central
M04500,Sun Kitchen 4500,Restaurants,Medium,2023-11-15,Active,T+1,Giza,Haram
M04501,Family Cinema 4501,Entertainment,Small,2024-12-19,Active,T+2,Beheira,Damanhur - Central
M04502,Blue Kitchen 4502,Restaurants,Small,2025-11-10,Active,T+1,Cairo,Downtown - Central
M04503,Nova Transit 4503,Transportation,Micro,2022-07-13,Active,T+1,Alexandria,Borg El Arab - Central
M04504,Blue Foods 4504,Grocery,Medium,2021-10-14,Active,T+1,Alexandria,Smouha - Central
M04505,Pyramid Online 4505,E-Commerce,Medium,2025-02-16,Active,T+1,Cairo,Heliopolis
M04506,Sun Cafe 4506,Restaurants,Micro,2021-03-26,Active,T+0,Dakahlia,Mit Ghamr - Central
M04507,Blue Online 4507,E-Commerce,Micro,2024-12-31,Active,T+1,Cairo,Heliopolis
M04508,Pyramid Ride 4508,Transportation,Small,2023-07-16,Active,T+2,Cairo,Mokattam
M04509,Blue Online 4509,E-Commerce,Enterprise,2023-05-26,Active,T+1,Giza,Sheikh Zayed - Central
M04510,Nova Electronics 4510,Electronics,Medium,2025-08-25,Active,T+0,Kafr El Sheikh,Baltim
M04511,Sun Care 4511,Pharmacy,Small,2024-03-26,Active,T+1,Fayoum,Sinnuris
M04512,Elite Kitchen 4512,Restaurants,Small,2021-02-25,Active,T+0,Cairo,Mokattam
M04513,Prime Foods 4513,Grocery,Micro,2022-04-02,Active,T+0,Giza,Sheikh Zayed
M04514,Nova Market 4514,Grocery,Micro,2022-08-09,Active,T+1,Beheira,Rashid
M04515,Sun Clinic 4515,Healthcare,Medium,2024-06-12,Active,T+0,Sharqia,Abu Hammad
M04516,Nova Transit 4516,Transportation,Micro,2024-04-20,Active,T+1,Cairo,Nasr City
M04517,Pyramid Ride 4517,Transportation,Micro,2023-03-21,Offboarded,T+2,Fayoum,Sinnuris
M04518,Family Mart 4518,Grocery,Small,2023-07-16,Active,T+0,Dakahlia,Belqas - Central
M04519,Elite Fun 4519,Entertainment,Medium,2024-08-25,Temporarily Suspended,T+1,Alexandria,Sidi Gaber
M04520,Green Cinema 4520,Entertainment,Micro,2024-02-04,Active,T+0,Cairo,Nasr City - Central
M04521,Nile Wear 4521,Fashion,Micro,2021-05-11,Active,T+1,Sharqia,Zagazig - Central
M04522,Pyramid Cafe 4522,Restaurants,Small,2021-09-25,Active,T+1,Giza,Faisal
M04523,Cairo Cinema 4523,Entertainment,Micro,2024-04-23,Offboarded,T+1,Giza,Faisal
M04524,Royal Academy 4524,Education,Micro,2024-12-04,Active,T+1,Sharqia,Belbeis - Central
M04525,Quick Mart 4525,Grocery,Micro,2025-04-27,Active,T+2,Giza,Sheikh Zayed
M04526,Smart Cafe 4526,Restaurants,Small,2022-06-21,Active,T+1,Red Sea,Safaga
M04527,Smart Ride 4527,Transportation,Micro,2024-01-21,Active,T+0,Cairo,Nasr City
M04528,Smart Tech 4528,Electronics,Medium,2024-12-19,Active,T+0,South Sinai,Dahab
M04529,Quick Ride 4529,Transportation,Micro,2023-09-01,Active,T+0,Giza,Faisal
M04530,Lotus Foods 4530,Grocery,Small,2024-03-14,Active,T+2,Assiut,Assiut - Central
M04531,Pyramid Cinema 4531,Entertainment,Micro,2022-05-17,Active,T+2,Cairo,Heliopolis - Central
M04532,Family Market 4532,Grocery,Micro,2024-03-11,Active,T+1,Giza,Sheikh Zayed - Central
M04533,Green Wear 4533,Fashion,Medium,2023-05-21,Active,T+1,South Sinai,Dahab
M04534,Smart Care 4534,Pharmacy,Small,2022-03-19,Active,T+2,Damietta,New Damietta
M04535,Nova Kitchen 4535,Restaurants,Micro,2021-05-23,Active,T+1,Dakahlia,Belqas
M04536,Cairo Electronics 4536,Electronics,Micro,2023-04-30,Active,T+1,Qalyubia,Qalyub
M04537,Prime Wear 4537,Fashion,Small,2022-08-01,Active,T+1,Cairo,Downtown
M04538,Golden Kitchen 4538,Restaurants,Micro,2023-05-23,Active,T+2,Monufia,Shebin El Kom
M04539,Golden Care 4539,Pharmacy,Micro,2023-11-27,Active,T+1,Cairo,Mokattam - Central
M04540,Royal Cafe 4540,Restaurants,Small,2024-02-04,Active,T+1,Giza,Sheikh Zayed
M04541,Golden Kitchen 4541,Restaurants,Micro,2021-03-13,Active,T+1,Alexandria,Smouha
M04542,Cairo Connect 4542,Telecom,Small,2023-07-21,Active,T+0,Alexandria,Miami - Central
M04543,Blue Station 4543,Fuel,Enterprise,2024-10-02,Active,T+2,Alexandria,Sidi Gaber - Central
M04544,Family Clinic 4544,Healthcare,Medium,2022-11-02,Active,T+1,Cairo,Shubra
M04545,Elite Tech 4545,Electronics,Small,2021-02-14,Active,T+0,Qalyubia,Shubra El Kheima - Central
M04546,Metro Tech 4546,Electronics,Medium,2022-03-22,Active,T+2,Cairo,New Cairo - Central
M04547,Urban Academy 4547,Education,Micro,2021-01-02,Active,T+1,Giza,Faisal
M04548,Prime Mart 4548,Grocery,Micro,2023-04-26,Active,T+2,Monufia,Shebin El Kom
M04549,Nova Clinic 4549,Healthcare,Micro,2021-10-03,Active,T+2,Sharqia,Abu Hammad - Central
M04550,Royal Market 4550,Grocery,Small,2021-07-26,Active,T+1,Cairo,Mokattam
M04551,Golden Bites 4551,Restaurants,Micro,2022-10-22,Active,T+1,Giza,6th of October - Central
M04552,Green Mart 4552,Grocery,Medium,2021-05-30,Active,T+0,Beheira,Damanhur - Central
M04553,Nile Market 4553,Grocery,Small,2022-12-19,Active,T+2,Luxor,Luxor
M04554,Metro Electronics 4554,Electronics,Small,2022-11-12,Active,T+1,Matrouh,El Alamein
M04555,Royal Mart 4555,Grocery,Medium,2021-03-27,Active,T+1,Cairo,Maadi
M04556,Quick Ride 4556,Transportation,Micro,2022-09-17,Active,T+1,Giza,Haram - Central
M04557,Delta Cinema 4557,Entertainment,Micro,2023-07-28,Active,T+1,Assiut,Manfalut
M04558,Golden Foods 4558,Grocery,Small,2022-02-12,Active,T+0,Cairo,Shubra - Central
M04559,Blue Tech 4559,Electronics,Small,2021-11-25,Active,T+2,Cairo,Ain Shams
M04560,Pyramid Cafe 4560,Restaurants,Medium,2022-03-10,Active,T+2,Cairo,Heliopolis
M04561,Quick Online 4561,E-Commerce,Small,2024-05-02,Active,T+1,Qena,Qus
M04562,Pyramid Fun 4562,Entertainment,Micro,2021-01-30,Active,T+1,Gharbia,El Mahalla El Kubra - Central
M04563,Prime Mart 4563,Grocery,Small,2021-08-19,Active,T+1,Minya,Beni Mazar
M04564,Cairo Clinic 4564,Healthcare,Small,2022-04-13,Active,T+1,Gharbia,Kafr El Zayat - Central
M04565,Pyramid Care 4565,Pharmacy,Micro,2021-07-13,Active,T+1,North Sinai,Arish
M04566,Royal Transit 4566,Transportation,Micro,2024-08-30,Active,T+1,Luxor,Armant
M04567,Lotus Transit 4567,Transportation,Small,2022-05-26,Active,T+1,Matrouh,Siwa
M04568,Pyramid Ride 4568,Transportation,Small,2023-02-21,Active,T+1,Sharqia,Zagazig - Central
M04569,Pyramid Transit 4569,Transportation,Small,2021-05-13,Active,T+1,Suez,Ain Sokhna - Central
M04570,Prime Learning 4570,Education,Small,2024-03-17,Active,T+1,Damietta,Ras El Bar - Central
M04571,Smart Foods 4571,Grocery,Micro,2023-02-12,Active,T+1,Alexandria,Miami
M04572,Blue Wear 4572,Fashion,Small,2021-08-25,Active,T+1,Cairo,Maadi
M04573,Prime Wear 4573,Fashion,Micro,2021-01-30,Active,T+1,Giza,6th of October
M04574,Nile Cafe 4574,Restaurants,Small,2022-07-25,Active,T+2,Giza,Dokki
M04575,Elite Bites 4575,Restaurants,Small,2024-04-15,Active,T+1,Assiut,Assiut
M04576,Golden Learning 4576,Education,Micro,2023-05-30,Active,T+1,Cairo,New Cairo
M04577,Smart Pharmacy 4577,Pharmacy,Micro,2023-12-29,Active,T+0,Cairo,Shubra - Central
M04578,Lotus Ride 4578,Transportation,Micro,2023-10-18,Active,T+1,Monufia,Shebin El Kom
M04579,Metro Online 4579,E-Commerce,Small,2023-05-26,Active,T+1,Alexandria,Miami
M04580,Delta Transit 4580,Transportation,Micro,2021-11-02,Active,T+1,Gharbia,Zefta
M04581,Golden Style 4581,Fashion,Micro,2023-06-09,Active,T+0,South Sinai,Dahab
M04582,Prime Electronics 4582,Electronics,Medium,2022-03-24,Active,T+1,Minya,Beni Mazar - Central
M04583,Metro Store 4583,E-Commerce,Micro,2024-11-07,Active,T+1,Alexandria,Borg El Arab - Central
M04584,Quick Market 4584,Grocery,Small,2023-02-19,Active,T+1,Giza,Faisal - Central
M04585,Blue Clinic 4585,Healthcare,Small,2025-08-02,Active,T+2,Matrouh,Marsa Matrouh
M04586,Golden Style 4586,Fashion,Small,2021-08-01,Active,T+1,Cairo,Downtown - Central
M04587,Royal Wear 4587,Fashion,Micro,2024-08-28,Active,T+1,Dakahlia,Belqas - Central
M04588,Pyramid Tech 4588,Electronics,Micro,2024-02-17,Active,T+1,Dakahlia,Belqas
M04589,Pyramid Style 4589,Fashion,Micro,2021-07-23,Active,T+2,Giza,6th of October
M04590,Pyramid Health 4590,Healthcare,Micro,2023-02-19,Active,T+1,Cairo,Maadi - Central
M04591,Pyramid Care 4591,Pharmacy,Micro,2024-04-15,Active,T+2,Sohag,Tahta
M04592,Nova Clinic 4592,Healthcare,Small,2023-08-06,Active,T+1,Cairo,New Cairo - Central
M04593,Metro Care 4593,Pharmacy,Micro,2024-12-27,Active,T+1,Dakahlia,Talkha
M04594,Sun Market 4594,Grocery,Medium,2024-04-27,Active,T+2,Giza,6th of October - Central
M04595,Cairo Market 4595,Grocery,Medium,2024-05-25,Active,T+0,Cairo,Downtown - Central
M04596,Cairo Wear 4596,Fashion,Medium,2021-02-19,Active,T+1,Monufia,Shebin El Kom - Central
M04597,Nile Station 4597,Fuel,Medium,2021-09-17,Active,T+2,Qalyubia,Khanka
M04598,Lotus Foods 4598,Grocery,Micro,2022-11-09,Active,T+1,Assiut,Dairut - Central
M04599,Smart Ride 4599,Transportation,Small,2023-11-25,Active,T+1,Dakahlia,Talkha
M04600,Nova Mart 4600,Grocery,Small,2025-05-08,Active,T+2,Qena,Qena
M04601,Quick Bites 4601,Restaurants,Micro,2024-03-28,Active,T+1,Cairo,New Cairo
M04602,Nile Connect 4602,Telecom,Enterprise,2022-02-10,Active,T+1,Gharbia,Kafr El Zayat - Central
M04603,Family Transit 4603,Transportation,Small,2022-04-20,Active,T+1,Red Sea,Safaga
M04604,Blue Ride 4604,Transportation,Small,2022-10-20,Active,T+0,Cairo,New Cairo
M04605,Family Electronics 4605,Electronics,Small,2023-03-20,Active,T+1,Cairo,New Cairo
M04606,Nova Style 4606,Fashion,Micro,2022-03-03,Active,T+1,Gharbia,El Mahalla El Kubra - Central
M04607,Prime Mobile 4607,Telecom,Small,2022-01-29,Active,T+1,Cairo,Maadi
M04608,Lotus Market 4608,Grocery,Medium,2023-01-13,Active,T+1,Alexandria,Borg El Arab - Central
M04609,Blue Store 4609,E-Commerce,Small,2024-04-01,Active,T+1,Assiut,Dairut
M04610,Quick Cafe 4610,Restaurants,Medium,2022-04-27,Active,T+1,Alexandria,Sidi Gaber
M04611,Nova Ride 4611,Transportation,Micro,2022-11-11,Active,T+1,Dakahlia,Mansoura
M04612,Metro Ride 4612,Transportation,Micro,2022-04-26,Active,T+1,Ismailia,Ismailia - Central
M04613,Royal Electronics 4613,Electronics,Micro,2024-01-30,Active,T+1,Aswan,Kom Ombo
M04614,Golden Bites 4614,Restaurants,Small,2026-05-28,Active,T+1,Cairo,Mokattam
M04615,Smart Online 4615,E-Commerce,Small,2025-07-12,Active,T+1,Kafr El Sheikh,Sidi Salem - Central
M04616,Delta Cinema 4616,Entertainment,Enterprise,2023-04-01,Active,T+1,Cairo,Mokattam - Central
M04617,Lotus Tech 4617,Electronics,Medium,2024-07-20,Active,T+0,Cairo,Maadi
M04618,Delta Ride 4618,Transportation,Micro,2024-09-22,Active,T+2,Cairo,Heliopolis - Central
M04619,Green Kitchen 4619,Restaurants,Micro,2022-07-31,Active,T+1,Cairo,Shubra
M04620,Sun Electronics 4620,Electronics,Small,2021-02-01,Active,T+2,Aswan,Aswan
M04621,Blue Online 4621,E-Commerce,Medium,2021-04-22,Active,T+1,Giza,Dokki
M04622,Golden Market 4622,Grocery,Micro,2024-08-06,Active,T+1,Monufia,Ashmoun - Central
M04623,Cairo Learning 4623,Education,Medium,2025-04-29,Active,T+1,Cairo,Shubra
M04624,Family Health 4624,Healthcare,Micro,2022-02-18,Active,T+1,Giza,Mohandessin - Central
M04625,Green Wear 4625,Fashion,Small,2021-04-22,Active,T+1,Qalyubia,Obour
M04626,Family Care 4626,Pharmacy,Micro,2021-05-23,Temporarily Suspended,T+1,Assiut,Manfalut
M04627,Nile Wear 4627,Fashion,Micro,2021-08-01,Active,T+2,Alexandria,Borg El Arab - Central
M04628,Sun Care 4628,Pharmacy,Micro,2024-01-07,Active,T+1,Qalyubia,Khanka - Central
M04629,Cairo Care 4629,Pharmacy,Small,2022-10-22,Active,T+0,Cairo,Mokattam - Central
M04630,Prime Health 4630,Healthcare,Medium,2021-05-08,Active,T+0,Luxor,Armant
M04631,Metro Mart 4631,Grocery,Micro,2025-11-21,Active,T+1,Gharbia,Zefta - Central
M04632,Nova Market 4632,Grocery,Small,2026-04-27,Active,T+2,Sharqia,10th of Ramadan
M04633,Cairo Mart 4633,Grocery,Micro,2024-03-23,Active,T+1,Qalyubia,Banha
M04634,Quick Cafe 4634,Restaurants,Small,2022-05-06,Active,T+1,Giza,Sheikh Zayed - Central
M04635,Delta Transit 4635,Transportation,Micro,2022-01-24,Active,T+1,Suez,Suez
M04636,Royal Cafe 4636,Restaurants,Medium,2022-05-03,Offboarded,T+1,Giza,Dokki
M04637,Prime Electronics 4637,Electronics,Micro,2021-11-07,Active,T+0,Cairo,Ain Shams
M04638,Delta Connect 4638,Telecom,Micro,2022-03-01,Active,T+1,Alexandria,Miami
M04639,Quick Cinema 4639,Entertainment,Micro,2023-10-26,Active,T+1,Sharqia,10th of Ramadan - Central
M04640,Prime Market 4640,Grocery,Medium,2024-02-20,Active,T+0,Assiut,Manfalut - Central
M04641,Green Transit 4641,Transportation,Micro,2021-02-13,Active,T+1,Cairo,Nasr City
M04642,Pyramid Electronics 4642,Electronics,Small,2023-08-11,Offboarded,T+1,Cairo,Nasr City
M04643,Quick Mart 4643,Grocery,Medium,2024-12-20,Active,T+1,Port Said,Port Fouad - Central
M04644,Quick Tech 4644,Electronics,Medium,2021-01-08,Active,T+1,Giza,Mohandessin
M04645,Elite Bites 4645,Restaurants,Micro,2024-12-17,Active,T+0,Giza,Sheikh Zayed - Central
M04646,Elite Online 4646,E-Commerce,Small,2022-10-11,Offboarded,T+0,Cairo,Downtown - Central
M04647,Metro Learning 4647,Education,Micro,2021-10-30,Active,T+1,Cairo,Maadi
M04648,Delta Market 4648,Grocery,Micro,2024-03-31,Active,T+1,Qena,Qena
M04649,Prime Store 4649,E-Commerce,Micro,2025-05-29,Active,T+2,Dakahlia,Mansoura - Central
M04650,Blue Learning 4650,Education,Small,2021-06-17,Active,T+0,Cairo,Maadi - Central
M04651,Prime Transit 4651,Transportation,Micro,2023-11-21,Active,T+2,Giza,Dokki - Central
M04652,Quick Electronics 4652,Electronics,Micro,2021-12-27,Active,T+1,Giza,6th of October
M04653,Nile Market 4653,Grocery,Micro,2023-05-27,Active,T+0,Dakahlia,Mit Ghamr
M04654,Royal Transit 4654,Transportation,Medium,2024-01-19,Active,T+1,Monufia,Ashmoun - Central
M04655,Pyramid Clinic 4655,Healthcare,Small,2023-12-09,Active,T+1,Cairo,Shubra
M04656,Metro Store 4656,E-Commerce,Small,2021-11-03,Active,T+0,Sharqia,Minya Al Qamh - Central
M04657,Smart Cinema 4657,Entertainment,Small,2024-08-20,Active,T+1,Giza,Mohandessin - Central
M04658,Green Foods 4658,Grocery,Medium,2025-02-07,Active,T+1,Alexandria,Stanley
M04659,Metro Foods 4659,Grocery,Micro,2021-04-14,Active,T+1,Gharbia,El Mahalla El Kubra - Central
M04660,Elite Mart 4660,Grocery,Small,2023-01-18,Active,T+2,Giza,6th of October
M04661,Metro Cinema 4661,Entertainment,Micro,2022-03-10,Active,T+1,Fayoum,Ibshaway - Central
M04662,Lotus Wear 4662,Fashion,Small,2024-06-07,Active,T+2,Assiut,Manfalut
M04663,Pyramid Cinema 4663,Entertainment,Enterprise,2022-01-31,Active,T+1,Cairo,Heliopolis - Central
M04664,Delta Mart 4664,Grocery,Small,2022-06-23,Active,T+2,Alexandria,Smouha
M04665,Elite Market 4665,Grocery,Medium,2021-10-07,Active,T+2,Cairo,Shubra
M04666,Blue Mart 4666,Grocery,Micro,2021-02-07,Active,T+1,Gharbia,Zefta
M04667,Elite Electronics 4667,Electronics,Medium,2025-05-05,Active,T+0,South Sinai,Dahab
M04668,Urban Fun 4668,Entertainment,Micro,2024-06-07,Active,T+1,Gharbia,Zefta
M04669,Quick Ride 4669,Transportation,Small,2025-11-28,Active,T+1,Minya,Samalut - Central
M04670,Smart Tech 4670,Electronics,Small,2024-10-26,Temporarily Suspended,T+2,Giza,Mohandessin
M04671,Green Style 4671,Fashion,Small,2022-06-19,Active,T+1,Assiut,Assiut - Central
M04672,Family Pharmacy 4672,Pharmacy,Micro,2024-10-08,Active,T+1,Damietta,New Damietta - Central
M04673,Lotus Market 4673,Grocery,Micro,2023-01-17,Active,T+1,Qalyubia,Banha
M04674,Elite Foods 4674,Grocery,Micro,2022-03-23,Active,T+1,Cairo,Heliopolis - Central
M04675,Pyramid Transit 4675,Transportation,Small,2026-05-10,Active,T+1,Ismailia,Fayed - Central
M04676,Elite Market 4676,Grocery,Small,2021-12-20,Active,T+1,Fayoum,Fayoum
M04677,Family Store 4677,E-Commerce,Small,2023-06-02,Active,T+1,Cairo,Maadi - Central
M04678,Nile Cafe 4678,Restaurants,Enterprise,2023-11-19,Active,T+1,Cairo,Heliopolis
M04679,Royal Fun 4679,Entertainment,Micro,2021-09-20,Active,T+0,Cairo,Downtown - Central
M04680,Metro Kitchen 4680,Restaurants,Micro,2024-04-18,Active,T+2,Giza,Imbaba
M04681,Blue Online 4681,E-Commerce,Small,2023-10-25,Temporarily Suspended,T+1,Alexandria,Agami - Central
M04682,Blue Clinic 4682,Healthcare,Small,2023-10-01,Active,T+1,Giza,Sheikh Zayed - Central
M04683,Smart Bites 4683,Restaurants,Micro,2023-04-27,Active,T+1,Sohag,Sohag
M04684,Urban Mart 4684,Grocery,Enterprise,2023-12-10,Active,T+1,Giza,6th of October
M04685,Quick Style 4685,Fashion,Micro,2021-02-22,Active,T+1,Qalyubia,Khanka
M04686,Pyramid Online 4686,E-Commerce,Small,2023-06-19,Active,T+1,Cairo,Nasr City
M04687,Lotus Market 4687,Grocery,Small,2022-01-03,Active,T+1,Giza,Sheikh Zayed - Central
M04688,Cairo Fun 4688,Entertainment,Small,2022-07-05,Active,T+1,Alexandria,Miami - Central
M04689,Royal Style 4689,Fashion,Small,2021-05-26,Active,T+1,Cairo,Downtown
M04690,Urban Pharmacy 4690,Pharmacy,Medium,2021-03-16,Active,T+0,Qalyubia,Qalyub
M04691,Lotus Bites 4691,Restaurants,Micro,2023-12-24,Active,T+2,South Sinai,El Tor
M04692,Prime Care 4692,Pharmacy,Small,2021-04-17,Active,T+1,Cairo,Shubra
M04693,Delta Market 4693,Grocery,Small,2021-06-11,Active,T+2,Matrouh,Siwa
M04694,Blue Foods 4694,Grocery,Micro,2023-08-09,Offboarded,T+1,Alexandria,Stanley
M04695,Urban Ride 4695,Transportation,Small,2023-03-14,Active,T+2,Beni Suef,Beni Suef - Central
M04696,Nova Tech 4696,Electronics,Micro,2024-04-21,Active,T+1,Giza,Mohandessin
M04697,Lotus Fuel 4697,Fuel,Medium,2021-11-20,Active,T+0,Sharqia,Minya Al Qamh - Central
M04698,Golden Ride 4698,Transportation,Micro,2021-07-11,Offboarded,T+1,Giza,Dokki - Central
M04699,Lotus Learning 4699,Education,Medium,2021-06-01,Active,Unknown,Beheira,Kafr El Dawwar
M04700,Cairo Style 4700,Fashion,Micro,2021-02-04,Active,T+2,Qena,Qena
M04701,Pyramid Tech 4701,Electronics,Small,2021-09-26,Active,T+1,Giza,Mohandessin - Central
M04702,Family Health 4702,Healthcare,Small,2024-07-04,Active,T+2,Cairo,Shubra
M04703,Sun Health 4703,Healthcare,Micro,2022-03-20,Active,T+1,Monufia,Menouf - Central
M04704,Lotus Transit 4704,Transportation,Enterprise,2022-06-27,Active,T+1,Giza,Dokki - Central
M04705,Green Wear 4705,Fashion,Small,2023-11-03,Active,T+1,Monufia,Shebin El Kom - Central
M04706,Blue Mart 4706,Grocery,Small,2024-08-12,Active,T+1,Gharbia,Tanta
M04707,Elite Electronics 4707,Electronics,Small,2023-08-07,Active,T+1,Sharqia,Zagazig
M04708,Blue Transit 4708,Transportation,Micro,2021-07-12,Active,T+1,Alexandria,Stanley
M04709,Prime Cinema 4709,Entertainment,Micro,2021-12-14,Active,T+1,Dakahlia,Aga - Central
M04710,Metro Bites 4710,Restaurants,Small,2023-04-27,Active,T+1,Cairo,Heliopolis
M04711,Quick Health 4711,Healthcare,Small,2021-08-25,Active,T+1,Monufia,Ashmoun
M04712,Cairo Mart 4712,Grocery,Small,2023-02-03,Temporarily Suspended,T+1,Cairo,Downtown
M04713,Quick Cafe 4713,Restaurants,Micro,2024-08-24,Active,T+0,Cairo,Ain Shams
M04714,Smart Transit 4714,Transportation,Small,2023-12-31,Active,T+1,Cairo,Nasr City - Central
M04715,Royal Tech 4715,Electronics,Small,2023-02-06,Active,T+1,Cairo,New Cairo
M04716,Delta Market 4716,Grocery,Small,2024-05-14,Active,T+1,Red Sea,Safaga
M04717,Royal Online 4717,E-Commerce,Medium,2023-06-01,Active,T+0,Cairo,Heliopolis
M04718,Lotus Foods 4718,Grocery,Micro,2021-03-01,Active,T+2,Alexandria,Smouha - Central
M04719,Lotus Mart 4719,Grocery,Medium,2021-12-22,Active,T+0,Cairo,Maadi
M04720,Delta Online 4720,E-Commerce,Micro,2025-03-09,Active,T+0,Cairo,New Cairo
M04721,Quick Ride 4721,Transportation,Small,2022-09-26,Active,T+1,Monufia,Ashmoun
M04722,Golden Kitchen 4722,Restaurants,Small,2024-07-07,Active,T+1,Qalyubia,Qalyub - Central
M04723,Nile Clinic 4723,Healthcare,Small,2022-02-02,Active,T+1,Cairo,Downtown
M04724,Prime Mobile 4724,Telecom,Small,2025-08-23,Active,T+1,Dakahlia,Mit Ghamr
M04725,Elite Transit 4725,Transportation,Micro,2024-06-17,Active,T+0,Minya,Beni Mazar
M04726,Sun Online 4726,E-Commerce,Small,2023-12-30,Active,T+2,Giza,Faisal
M04727,Golden Market 4727,Grocery,Micro,2022-01-17,Active,T+1,Giza,Imbaba - Central
M04728,Cairo Style 4728,Fashion,Medium,2023-08-04,Active,T+1,Dakahlia,Talkha
M04729,Smart Style 4729,Fashion,Micro,2021-08-09,Active,T+0,Dakahlia,Belqas - Central
M04730,Smart Pharmacy 4730,Pharmacy,Small,2024-05-09,Offboarded,T+1,Ismailia,Ismailia - Central
M04731,Blue Style 4731,Fashion,Micro,2022-04-13,Temporarily Suspended,T+1,Gharbia,Zefta - Central
M04732,Nile Station 4732,Fuel,Micro,2024-07-21,Active,T+1,Cairo,Nasr City
M04733,Urban Style 4733,Fashion,Micro,2024-11-27,Active,T+1,Sharqia,Zagazig - Central
M04734,Nile Transit 4734,Transportation,Micro,2025-05-01,Active,T+1,Cairo,Nasr City - Central
M04735,Family Ride 4735,Transportation,Medium,2021-07-07,Active,T+0,Cairo,Heliopolis
M04736,Nova Mart 4736,Grocery,Small,2021-12-06,Active,T+0,Beheira,Nubaria
M04737,Delta Online 4737,E-Commerce,Small,2022-01-24,Temporarily Suspended,T+1,Sohag,Tahta
M04738,Delta Ride 4738,Transportation,Small,2021-12-12,Active,T+1,Dakahlia,Belqas - Central
M04739,Delta Kitchen 4739,Restaurants,Micro,2024-01-02,Active,T+1,Cairo,Mokattam - Central
M04740,Pyramid Cinema 4740,Entertainment,Micro,2024-02-09,Active,T+2,Monufia,Shebin El Kom - Central
M04741,Cairo Cinema 4741,Entertainment,Micro,2022-07-19,Active,T+1,Dakahlia,Talkha
M04742,Nile Tech 4742,Electronics,Micro,2022-09-13,Active,T+2,Sharqia,Belbeis - Central
M04743,Elite Market 4743,Grocery,Micro,2021-04-16,Offboarded,T+2,Giza,Dokki - Central
M04744,Sun Cinema 4744,Entertainment,Medium,2024-09-03,Active,T+1,Gharbia,El Mahalla El Kubra - Central
M04745,Cairo Online 4745,E-Commerce,Medium,2026-04-08,Active,T+1,Alexandria,Miami
M04746,Golden Mart 4746,Grocery,Micro,2022-03-20,Active,T+2,Cairo,Downtown
M04747,Metro Fun 4747,Entertainment,Small,2023-05-16,Temporarily Suspended,T+1,Qalyubia,Qalyub - Central
M04748,Nile Kitchen 4748,Restaurants,Micro,2023-02-05,Active,T+1,Cairo,Shubra - Central
M04749,Cairo Wear 4749,Fashion,Small,2023-10-26,Active,T+1,Cairo,Nasr City - Central
M04750,Elite Mart 4750,Grocery,Micro,2024-09-09,Active,T+1,Cairo,Ain Shams
M04751,Prime Kitchen 4751,Restaurants,Small,2025-04-24,Active,T+1,Giza,Sheikh Zayed - Central
M04752,Elite Care 4752,Pharmacy,Small,2023-08-15,Active,T+1,Sohag,Sohag
M04753,Sun Wear 4753,Fashion,Micro,2021-11-05,Active,T+2,Cairo,Ain Shams - Central
M04754,Smart Foods 4754,Grocery,Micro,2023-05-01,Active,T+0,Cairo,Mokattam
M04755,Royal Store 4755,E-Commerce,Micro,2023-10-10,Active,T+0,Minya,Minya - Central
M04756,Nile Wear 4756,Fashion,Medium,2021-04-12,Active,T+1,Cairo,Downtown
M04757,Sun Market 4757,Grocery,Medium,2025-12-08,Active,T+2,Alexandria,Borg El Arab - Central
M04758,Golden Transit 4758,Transportation,Micro,2021-12-20,Active,T+0,Fayoum,Fayoum - Central
M04759,Delta Mobile 4759,Telecom,Small,2024-06-18,Active,T+1,Suez,Ain Sokhna
M04760,Royal Tech 4760,Electronics,Micro,2026-05-16,Active,T+1,Giza,Faisal - Central
M04761,Sun Mart 4761,Grocery,Micro,2025-02-12,Active,T+1,Cairo,New Cairo
M04762,Metro Online 4762,E-Commerce,Medium,2021-07-18,Active,T+1,Alexandria,Stanley
M04763,Golden Cafe 4763,Restaurants,Small,2021-07-10,Active,T+2,Giza,Sheikh Zayed
M04764,Pyramid Bites 4764,Restaurants,Medium,2021-05-11,Active,T+2,Matrouh,El Alamein
M04765,Prime Kitchen 4765,Restaurants,Micro,2023-11-07,Active,T+2,Giza,Faisal - Central
M04766,Blue Market 4766,Grocery,Small,2022-08-26,Active,T+2,Qalyubia,Qalyub - Central
M04767,Royal Store 4767,E-Commerce,Small,2023-01-20,Active,T+2,Cairo,Downtown
M04768,Green Foods 4768,Grocery,Micro,2023-02-25,Active,T+1,Qena,Qus
M04769,Family Mart 4769,Grocery,Small,2022-07-27,Active,T+0,Giza,Imbaba - Central
M04770,Smart Academy 4770,Education,Micro,2022-08-07,Active,T+0,Cairo,Mokattam
M04771,Royal Wear 4771,Fashion,Micro,2026-03-27,Active,T+1,Giza,Dokki
M04772,Smart Cafe 4772,Restaurants,Micro,2023-08-22,Active,T+0,Gharbia,Tanta - Central
M04773,Nile Foods 4773,Grocery,Micro,2022-07-09,Active,T+1,Cairo,Shubra
M04774,Metro Connect 4774,Telecom,Medium,2022-07-19,Active,T+1,Giza,Haram - Central
M04775,Smart Care 4775,Pharmacy,Medium,2021-04-27,Active,T+1,Qena,Nag Hammadi
M04776,Urban Mart 4776,Grocery,Enterprise,2024-11-12,Active,T+1,Gharbia,El Mahalla El Kubra
M04777,Urban Market 4777,Grocery,Medium,2021-09-27,Active,T+0,Alexandria,Agami - Central
M04778,Urban Fuel 4778,Fuel,Small,2021-06-05,Active,T+0,Giza,Faisal - Central
M04779,Sun Electronics 4779,Electronics,Small,2022-03-31,Active,T+1,Minya,Samalut - Central
M04780,Quick Bites 4780,Restaurants,Micro,2021-09-26,Active,T+1,Cairo,Maadi
M04781,Lotus Fun 4781,Entertainment,Medium,2022-04-03,Active,T+1,Sharqia,Zagazig - Central
M04782,Sun Online 4782,E-Commerce,Micro,2025-04-28,Active,T+2,Giza,Imbaba - Central
M04783,Nile Online 4783,E-Commerce,Micro,2024-07-11,Active,T+0,Dakahlia,Mit Ghamr - Central
M04784,Quick Foods 4784,Grocery,Micro,2025-02-15,Active,T+2,Giza,Dokki
M04785,Green Electronics 4785,Electronics,Small,2025-08-18,Active,T+0,Gharbia,Zefta
M04786,Smart Care 4786,Pharmacy,Small,2022-07-12,Active,T+1,Alexandria,Borg El Arab
M04787,Smart Style 4787,Fashion,Small,2023-06-20,Active,T+1,Suez,Ain Sokhna - Central
M04788,Family Academy 4788,Education,Micro,2022-06-07,Offboarded,T+2,Cairo,Mokattam - Central
M04789,Golden Health 4789,Healthcare,Micro,2021-10-09,Active,T+1,Red Sea,Marsa Alam
M04790,Smart Health 4790,Healthcare,Small,2022-06-23,Active,T+1,Beheira,Rashid - Central
M04791,Lotus Ride 4791,Transportation,Small,2024-08-04,Active,T+1,Dakahlia,Mit Ghamr
M04792,Green Mart 4792,Grocery,Micro,2024-09-23,Active,T+1,Sharqia,Zagazig
M04793,Cairo Fun 4793,Entertainment,Micro,2024-09-24,Active,T+1,Assiut,New Assiut
M04794,Nile Electronics 4794,Electronics,Micro,2021-07-11,Active,T+1,Cairo,Nasr City
M04795,Cairo Ride 4795,Transportation,Micro,2021-07-03,Active,T+1,Damietta,Faraskour
M04796,Nova Transit 4796,Transportation,Small,2021-06-13,Active,T+1,Dakahlia,Belqas - Central
M04797,Family Transit 4797,Transportation,Micro,2023-06-12,Active,T+1,Aswan,Aswan
M04798,Nova Cafe 4798,Restaurants,Medium,2023-04-14,Active,T+1,Cairo,Downtown
M04799,Elite Foods 4799,Grocery,Medium,2022-09-16,Active,T+0,Kafr El Sheikh,Desouk
M04800,Sun Mart 4800,Grocery,Micro,2025-03-07,Active,T+1,Cairo,Maadi - Central
M04801,Cairo Transit 4801,Transportation,Small,2023-06-28,Active,Unknown,Kafr El Sheikh,Kafr El Sheikh
M04802,Sun Foods 4802,Grocery,Medium,2023-12-24,Active,T+1,Assiut,New Assiut
M04803,Golden Pharmacy 4803,Pharmacy,Micro,2023-07-20,Active,T+1,Luxor,Esna
M04804,Golden Tech 4804,Electronics,Small,2024-11-20,Active,T+1,Alexandria,Miami
M04805,Smart Kitchen 4805,Restaurants,Micro,2022-05-21,Active,T+1,Monufia,Menouf - Central
M04806,Green Market 4806,Grocery,Medium,2025-05-12,Active,T+2,Matrouh,Marsa Matrouh
M04807,Royal Mart 4807,Grocery,Small,2023-12-10,Active,T+1,Minya,Mallawi - Central
M04808,Lotus Kitchen 4808,Restaurants,Medium,2023-05-29,Active,T+1,Cairo,Downtown - Central
M04809,Sun Health 4809,Healthcare,Small,2022-08-27,Active,T+0,Alexandria,Sidi Gaber
M04810,Prime Store 4810,E-Commerce,Medium,2023-10-03,Active,T+2,Gharbia,Kafr El Zayat - Central
M04811,Delta Foods 4811,Grocery,Small,2021-07-30,Active,T+2,Sohag,Sohag
M04812,Metro Cafe 4812,Restaurants,Micro,2023-08-15,Active,T+0,Fayoum,Sinnuris - Central
M04813,Nile Connect 4813,Telecom,Micro,2023-07-06,Active,T+2,Cairo,New Cairo - Central
M04814,Prime Transit 4814,Transportation,Medium,2024-07-02,Active,T+2,Gharbia,Tanta
M04815,Urban Mart 4815,Grocery,Small,2022-05-06,Active,T+1,Giza,Haram - Central
M04816,Lotus Care 4816,Pharmacy,Micro,2024-02-08,Temporarily Suspended,T+1,Alexandria,Sidi Gaber
M04817,Golden Electronics 4817,Electronics,Small,2021-05-04,Active,T+2,Sharqia,Zagazig
M04818,Elite Online 4818,E-Commerce,Micro,2025-01-15,Active,T+0,Cairo,Mokattam - Central
M04819,Blue Learning 4819,Education,Small,2024-02-27,Active,T+1,Gharbia,Zefta - Central
M04820,Family Online 4820,E-Commerce,Micro,2024-06-18,Active,T+0,Monufia,Ashmoun
M04821,Royal Kitchen 4821,Restaurants,Micro,2022-06-03,Active,T+0,Gharbia,Zefta
M04822,Golden Ride 4822,Transportation,Micro,2022-08-28,Active,T+0,Giza,Sheikh Zayed
M04823,Quick Pharmacy 4823,Pharmacy,Small,2024-04-03,Active,T+1,Red Sea,Hurghada
M04824,Smart Cafe 4824,Restaurants,Small,2022-08-10,Active,T+1,Cairo,Mokattam - Central
M04825,Golden Kitchen 4825,Restaurants,Small,2023-06-10,Active,T+1,Assiut,Dairut
M04826,Family Learning 4826,Education,Small,2025-12-27,Active,T+1,Cairo,Heliopolis
M04827,Golden Wear 4827,Fashion,Small,2023-04-16,Active,T+0,Cairo,Mokattam
M04828,Metro Foods 4828,Grocery,Medium,2021-03-16,Active,T+1,Cairo,Shubra
M04829,Elite Fuel 4829,Fuel,Micro,2025-01-19,Active,T+2,Red Sea,Marsa Alam
M04830,Nova Bites 4830,Restaurants,Small,2024-06-21,Active,T+1,Giza,Haram
M04831,Family Style 4831,Fashion,Micro,2024-06-13,Active,T+0,Giza,Imbaba
M04832,Blue Clinic 4832,Healthcare,Small,2023-06-08,Active,T+2,Cairo,Maadi - Central
M04833,Golden Wear 4833,Fashion,Medium,2024-08-17,Active,T+0,Alexandria,Sidi Gaber - Central
M04834,Royal Style 4834,Fashion,Small,2025-12-29,Active,T+1,Gharbia,Tanta - Central
M04835,Nova Care 4835,Pharmacy,Small,2023-02-26,Active,T+2,Giza,Imbaba
M04836,Sun Fuel 4836,Fuel,Small,2024-01-08,Active,T+0,Qena,Qena
M04837,Nova Cinema 4837,Entertainment,Medium,2023-05-06,Active,T+0,Minya,Samalut
M04838,Delta Cafe 4838,Restaurants,Micro,2024-01-21,Active,T+1,Sharqia,Belbeis - Central
M04839,Golden Transit 4839,Transportation,Small,2021-12-21,Active,T+0,Alexandria,Sidi Gaber
M04840,Elite Bites 4840,Restaurants,Medium,2025-05-16,Active,T+1,Ismailia,Ismailia
M04841,Urban Care 4841,Pharmacy,Micro,2022-06-28,Active,T+2,Red Sea,Safaga
M04842,Prime Tech 4842,Electronics,Micro,2024-02-25,Active,T+0,Alexandria,Miami - Central
M04843,Elite Cinema 4843,Entertainment,Micro,2021-10-31,Active,T+1,Dakahlia,Mansoura - Central
M04844,Quick Academy 4844,Education,Micro,2022-06-26,Active,T+1,Giza,Sheikh Zayed
M04845,Blue Kitchen 4845,Restaurants,Small,2024-05-11,Active,T+1,Giza,Imbaba - Central
M04846,Pyramid Transit 4846,Transportation,Small,2022-08-18,Active,T+2,Giza,Dokki - Central
M04847,Golden Tech 4847,Electronics,Micro,2024-05-26,Active,T+0,Alexandria,Agami
M04848,Pyramid Ride 4848,Transportation,Small,2023-08-12,Active,T+1,Kafr El Sheikh,Kafr El Sheikh
M04849,Urban Cafe 4849,Restaurants,Micro,2025-12-22,Active,T+1,Gharbia,Zefta - Central
M04850,Cairo Bites 4850,Restaurants,Medium,2024-10-26,Active,T+1,Cairo,New Cairo
M04851,Family Ride 4851,Transportation,Small,2021-12-22,Active,T+1,Beheira,Nubaria
M04852,Prime Bites 4852,Restaurants,Medium,2024-01-06,Active,T+0,Cairo,Heliopolis
M04853,Royal Foods 4853,Grocery,Small,2022-01-29,Offboarded,T+2,Cairo,Nasr City
M04854,Golden Cafe 4854,Restaurants,Micro,2021-10-22,Active,T+2,Giza,Haram - Central
M04855,Prime Online 4855,E-Commerce,Micro,2025-04-28,Active,Unknown,Giza,Imbaba - Central
M04856,Family Care 4856,Pharmacy,Small,2021-04-03,Active,T+1,Cairo,Heliopolis - Central
M04857,Smart Connect 4857,Telecom,Small,2025-11-24,Active,T+2,Cairo,Ain Shams
M04858,Pyramid Tech 4858,Electronics,Micro,2025-06-05,Active,T+2,Qena,Nag Hammadi
M04859,Lotus Ride 4859,Transportation,Micro,2022-04-13,Active,T+1,Alexandria,Sidi Gaber - Central
M04860,Nova Store 4860,E-Commerce,Small,2023-09-10,Active,T+1,South Sinai,Dahab
M04861,Nile Cafe 4861,Restaurants,Micro,2023-04-01,Active,T+1,Ismailia,Ismailia
M04862,Smart Market 4862,Grocery,Enterprise,2021-04-08,Active,T+1,Dakahlia,Belqas - Central
M04863,Lotus Store 4863,E-Commerce,Micro,2023-11-26,Active,T+0,Cairo,Ain Shams - Central
M04864,Metro Connect 4864,Telecom,Micro,2022-05-21,Active,T+1,Giza,Imbaba
M04865,Smart Connect 4865,Telecom,Micro,2024-07-21,Active,T+0,Cairo,Heliopolis - Central
M04866,Quick Market 4866,Grocery,Small,2023-08-17,Active,T+1,Giza,Mohandessin - Central
M04867,Sun Foods 4867,Grocery,Medium,2025-12-09,Active,T+1,Cairo,Nasr City
M04868,Blue Electronics 4868,Electronics,Micro,2022-12-17,Active,T+1,Giza,Faisal - Central
M04869,Pyramid Transit 4869,Transportation,Small,2022-04-17,Active,T+1,Beni Suef,New Beni Suef - Central
M04870,Golden Style 4870,Fashion,Micro,2023-01-18,Active,T+0,Giza,Sheikh Zayed
M04871,Golden Pharmacy 4871,Pharmacy,Medium,2021-09-15,Active,T+0,Cairo,Shubra
M04872,Blue Kitchen 4872,Restaurants,Small,2025-01-30,Active,T+2,Alexandria,Agami
M04873,Smart Market 4873,Grocery,Medium,2024-12-21,Active,T+1,Assiut,Dairut
M04874,Urban Wear 4874,Fashion,Micro,2023-10-30,Active,T+0,Giza,Mohandessin
M04875,Green Tech 4875,Electronics,Micro,2023-04-21,Active,T+1,Alexandria,Stanley - Central
M04876,Royal Connect 4876,Telecom,Small,2024-07-11,Temporarily Suspended,T+1,Minya,Samalut
M04877,Golden Station 4877,Fuel,Medium,2022-12-18,Active,T+2,Cairo,Maadi
M04878,Green Tech 4878,Electronics,Micro,2023-02-11,Active,T+2,Minya,Beni Mazar
M04879,Cairo Tech 4879,Electronics,Small,2022-08-30,Active,T+0,Cairo,Shubra - Central
M04880,Metro Style 4880,Fashion,Enterprise,2025-11-01,Active,T+0,Cairo,Maadi - Central
M04881,Cairo Ride 4881,Transportation,Micro,2021-11-22,Active,T+1,Alexandria,Agami
M04882,Golden Cafe 4882,Restaurants,Medium,2024-05-18,Active,T+1,Sharqia,Zagazig - Central
M04883,Elite Electronics 4883,Electronics,Medium,2024-11-10,Active,T+0,Cairo,Nasr City - Central
M04884,Delta Online 4884,E-Commerce,Medium,2021-05-04,Active,T+1,Giza,Sheikh Zayed - Central
M04885,Nova Ride 4885,Transportation,Medium,2023-08-28,Active,T+1,Cairo,Downtown
M04886,Smart Mart 4886,Grocery,Micro,2022-04-26,Active,T+1,Cairo,Mokattam - Central
M04887,Urban Health 4887,Healthcare,Medium,2022-12-01,Active,T+0,Gharbia,Tanta - Central
M04888,Nova Bites 4888,Restaurants,Small,2021-07-29,Temporarily Suspended,T+0,Cairo,Downtown
M04889,Pyramid Foods 4889,Grocery,Micro,2022-05-07,Active,T+0,North Sinai,Bir El Abd
M04890,Royal Connect 4890,Telecom,Micro,2025-06-19,Active,T+1,Aswan,Aswan
M04891,Green Ride 4891,Transportation,Small,2024-06-11,Active,T+1,Giza,Haram
M04892,Family Health 4892,Healthcare,Small,2024-02-11,Active,T+0,Giza,Imbaba - Central
M04893,Smart Pharmacy 4893,Pharmacy,Medium,2022-04-22,Active,T+1,Alexandria,Stanley
M04894,Lotus Online 4894,E-Commerce,Micro,2024-08-24,Active,T+0,Assiut,Dairut - Central
M04895,Green Pharmacy 4895,Pharmacy,Medium,2024-09-29,Active,T+0,Giza,Haram - Central
M04896,Green Foods 4896,Grocery,Small,2021-06-09,Active,T+1,Cairo,Shubra - Central
M04897,Pyramid Health 4897,Healthcare,Micro,2025-12-14,Active,T+1,Dakahlia,Aga - Central
M04898,Family Wear 4898,Fashion,Medium,2021-02-23,Active,T+1,Qena,Qus
M04899,Green Mart 4899,Grocery,Micro,2023-10-16,Active,T+1,Suez,Ain Sokhna
M04900,Elite Tech 4900,Electronics,Micro,2021-10-18,Active,T+1,Cairo,New Cairo
M04901,Smart Fuel 4901,Fuel,Micro,2021-11-24,Active,T+0,Minya,Minya
M04902,Royal Tech 4902,Electronics,Small,2025-03-28,Active,T+1,Cairo,Nasr City - Central
M04903,Quick Bites 4903,Restaurants,Medium,2023-04-03,Active,T+0,Beheira,Nubaria - Central
M04904,Nile Electronics 4904,Electronics,Small,2024-10-15,Temporarily Suspended,T+2,Giza,Dokki
M04905,Lotus Style 4905,Fashion,Micro,2024-02-17,Offboarded,T+1,Cairo,Mokattam - Central
M04906,Urban Ride 4906,Transportation,Enterprise,2024-01-23,Active,T+1,Minya,Samalut - Central
M04907,Royal Cafe 4907,Restaurants,Medium,2024-10-05,Active,T+1,Luxor,Esna
M04908,Prime Mart 4908,Grocery,Micro,2022-11-11,Active,T+1,Matrouh,El Alamein
M04909,Cairo Style 4909,Fashion,Small,2023-02-27,Active,T+1,Dakahlia,Aga
M04910,Metro Cinema 4910,Entertainment,Small,2024-11-10,Active,T+0,Qalyubia,Banha
M04911,Elite Market 4911,Grocery,Small,2021-05-28,Active,T+1,Alexandria,Miami
M04912,Golden Learning 4912,Education,Small,2024-06-24,Active,T+1,Beheira,Kafr El Dawwar - Central
M04913,Elite Electronics 4913,Electronics,Enterprise,2021-10-26,Active,T+1,Port Said,Port Said
M04914,Smart Foods 4914,Grocery,Micro,2021-01-30,Active,T+1,Giza,Dokki
M04915,Smart Learning 4915,Education,Micro,2024-08-13,Offboarded,T+1,Assiut,Assiut
M04916,Royal Online 4916,E-Commerce,Micro,2026-04-26,Active,T+1,Dakahlia,Aga
M04917,Nile Style 4917,Fashion,Micro,2022-01-10,Active,T+1,Giza,Imbaba
M04918,Golden Mart 4918,Grocery,Small,2023-02-27,Active,T+2,Beni Suef,Beni Suef
M04919,Prime Academy 4919,Education,Medium,2025-12-26,Active,T+0,Giza,Dokki
M04920,Quick Electronics 4920,Electronics,Small,2025-04-19,Active,T+1,Giza,Sheikh Zayed
M04921,Quick Kitchen 4921,Restaurants,Micro,2023-06-19,Active,T+1,Alexandria,Miami
M04922,Delta Transit 4922,Transportation,Small,2025-05-11,Active,T+0,Cairo,Shubra
M04923,Elite Foods 4923,Grocery,Micro,2024-03-20,Active,T+2,Minya,Mallawi
M04924,Lotus Foods 4924,Grocery,Micro,2024-10-28,Active,T+0,Red Sea,Hurghada
M04925,Golden Mart 4925,Grocery,Micro,2022-04-06,Active,T+1,Cairo,Ain Shams - Central
M04926,Golden Ride 4926,Transportation,Small,2021-10-29,Active,T+1,Dakahlia,Belqas - Central
M04927,Nova Kitchen 4927,Restaurants,Medium,2022-02-22,Active,T+1,Giza,Sheikh Zayed
M04928,Quick Electronics 4928,Electronics,Micro,2022-12-06,Active,T+1,Dakahlia,Mansoura
M04929,Pyramid Ride 4929,Transportation,Micro,2026-03-19,Active,T+2,Dakahlia,Mansoura - Central
M04930,Quick Kitchen 4930,Restaurants,Small,2022-11-21,Active,T+1,Giza,Faisal - Central
M04931,Golden Foods 4931,Grocery,Medium,2023-08-05,Active,T+1,Qena,Nag Hammadi
M04932,Blue Transit 4932,Transportation,Small,2021-06-06,Active,T+1,Minya,Minya
M04933,Metro Connect 4933,Telecom,Small,2023-08-07,Active,T+0,Beheira,Rashid - Central
M04934,Blue Foods 4934,Grocery,Micro,2023-04-03,Active,T+0,Ismailia,Ismailia - Central
M04935,Nile Care 4935,Pharmacy,Small,2024-03-12,Active,T+0,Qalyubia,Shubra El Kheima
M04936,Family Tech 4936,Electronics,Medium,2024-03-22,Active,T+2,Qalyubia,Obour
M04937,Cairo Tech 4937,Electronics,Small,2025-06-28,Active,T+1,Red Sea,Hurghada
M04938,Green Mart 4938,Grocery,Micro,2023-10-30,Active,T+1,Cairo,Mokattam
M04939,Metro Connect 4939,Telecom,Medium,2026-05-07,Active,T+1,Qalyubia,Khanka - Central
M04940,Green Cinema 4940,Entertainment,Enterprise,2023-07-07,Active,T+1,Beheira,Nubaria - Central
M04941,Nova Kitchen 4941,Restaurants,Small,2022-03-09,Active,T+1,Sohag,Akhmim
M04942,Nova Transit 4942,Transportation,Micro,2022-07-12,Active,T+1,Qalyubia,Khanka - Central
M04943,Blue Cafe 4943,Restaurants,Small,2023-04-18,Active,T+1,Cairo,Downtown
M04944,Family Store 4944,E-Commerce,Small,2024-04-30,Active,T+0,Giza,Mohandessin
M04945,Quick Foods 4945,Grocery,Micro,2025-10-27,Active,T+1,Cairo,Mokattam - Central
M04946,Pyramid Cinema 4946,Entertainment,Enterprise,2025-10-29,Active,T+1,Assiut,Dairut
M04947,Delta Bites 4947,Restaurants,Micro,2021-03-03,Active,T+1,Gharbia,Kafr El Zayat - Central
M04948,Golden Store 4948,E-Commerce,Micro,2026-03-05,Active,T+1,Cairo,Nasr City - Central
M04949,Golden Fuel 4949,Fuel,Medium,2022-10-14,Active,T+1,Kafr El Sheikh,Baltim - Central
M04950,Prime Online 4950,E-Commerce,Medium,2023-01-12,Active,T+1,Dakahlia,Talkha - Central
M04951,Delta Bites 4951,Restaurants,Small,2023-12-04,Active,T+0,Gharbia,Zefta - Central
M04952,Family Bites 4952,Restaurants,Small,2022-07-16,Active,T+2,Cairo,Shubra
M04953,Quick Mobile 4953,Telecom,Micro,2024-08-11,Temporarily Suspended,T+1,Ismailia,Fayed
M04954,Green Mart 4954,Grocery,Micro,2021-02-24,Active,T+1,Monufia,Ashmoun
M04955,Blue Ride 4955,Transportation,Micro,2021-07-23,Active,T+0,Giza,Imbaba - Central
M04956,Green Care 4956,Pharmacy,Medium,2026-01-12,Active,T+0,Alexandria,Smouha
M04957,Green Fun 4957,Entertainment,Enterprise,2021-09-22,Active,T+1,North Sinai,Bir El Abd
M04958,Pyramid Wear 4958,Fashion,Small,2024-02-19,Active,T+1,Kafr El Sheikh,Desouk
M04959,Cairo Electronics 4959,Electronics,Small,2023-09-27,Active,T+0,Alexandria,Stanley
M04960,Urban Transit 4960,Transportation,Medium,2023-10-15,Active,T+1,Cairo,Mokattam
M04961,Quick Care 4961,Pharmacy,Micro,2021-02-11,Active,T+0,Cairo,Downtown - Central
M04962,Prime Electronics 4962,Electronics,Micro,2023-05-02,Active,T+1,Red Sea,Safaga
M04963,Urban Bites 4963,Restaurants,Medium,2021-10-19,Active,T+2,Luxor,Armant
M04964,Golden Wear 4964,Fashion,Micro,2024-10-19,Active,T+2,Sharqia,Belbeis - Central
M04965,Blue Electronics 4965,Electronics,Medium,2021-03-29,Active,T+1,Giza,Dokki
M04966,Elite Foods 4966,Grocery,Small,2023-09-27,Active,T+0,Sohag,Akhmim
M04967,Golden Mobile 4967,Telecom,Enterprise,2022-03-11,Active,T+0,Beni Suef,New Beni Suef
M04968,Royal Cafe 4968,Restaurants,Micro,2023-07-06,Active,T+1,Giza,Faisal
M04969,Elite Foods 4969,Grocery,Micro,2025-03-16,Active,T+1,Giza,6th of October - Central
M04970,Nova Pharmacy 4970,Pharmacy,Small,2025-01-09,Active,T+1,Sharqia,Minya Al Qamh - Central
M04971,Nile Health 4971,Healthcare,Micro,2023-07-12,Active,T+2,Giza,Mohandessin - Central
M04972,Nova Learning 4972,Education,Medium,2022-09-08,Active,T+1,Beni Suef,New Beni Suef
M04973,Pyramid Transit 4973,Transportation,Micro,2021-12-14,Active,T+1,Fayoum,Sinnuris
M04974,Sun Cafe 4974,Restaurants,Small,2023-09-22,Active,T+1,Suez,Suez
M04975,Nova Kitchen 4975,Restaurants,Micro,2022-04-17,Active,T+2,South Sinai,El Tor
M04976,Royal Care 4976,Pharmacy,Small,2025-08-25,Active,T+2,Dakahlia,Mansoura
M04977,Cairo Care 4977,Pharmacy,Small,2025-04-26,Active,T+1,Giza,Haram - Central
M04978,Quick Ride 4978,Transportation,Small,2025-07-27,Active,T+1,Cairo,Heliopolis - Central
M04979,Metro Market 4979,Grocery,Micro,2024-05-05,Active,T+1,Qena,Qus
M04980,Metro Pharmacy 4980,Pharmacy,Small,2024-01-28,Active,T+2,Cairo,Shubra - Central
M04981,Cairo Kitchen 4981,Restaurants,Medium,2024-06-11,Active,T+1,Giza,6th of October - Central
M04982,Delta Tech 4982,Electronics,Medium,2021-07-21,Active,T+1,Giza,Dokki - Central
M04983,Delta Market 4983,Grocery,Small,2024-04-28,Active,T+1,Monufia,Shebin El Kom - Central
M04984,Blue Market 4984,Grocery,Micro,2024-11-18,Active,T+1,Giza,Sheikh Zayed
M04985,Lotus Online 4985,E-Commerce,Micro,2021-01-24,Active,T+1,Cairo,Maadi - Central
M04986,Royal Cafe 4986,Restaurants,Small,2021-07-14,Active,T+1,Cairo,New Cairo
M04987,Urban Transit 4987,Transportation,Small,2023-08-30,Active,T+1,Alexandria,Agami - Central
M04988,Family Academy 4988,Education,Micro,2022-02-14,Active,T+0,Qalyubia,Qalyub
M04989,Quick Bites 4989,Restaurants,Small,2023-07-02,Active,T+1,Cairo,Maadi
M04990,Nova Academy 4990,Education,Small,2022-11-05,Active,T+1,Giza,Mohandessin
M04991,Golden Care 4991,Pharmacy,Small,2021-01-16,Active,T+0,Beheira,Nubaria - Central
M04992,Smart Online 4992,E-Commerce,Medium,2022-05-08,Active,T+1,Fayoum,Sinnuris - Central
M04993,Family Cinema 4993,Entertainment,Medium,2024-04-16,Active,T+1,Fayoum,Sinnuris - Central
M04994,Nile Wear 4994,Fashion,Medium,2024-05-09,Active,T+1,Assiut,Assiut - Central
M04995,Family Style 4995,Fashion,Small,2024-05-15,Active,T+1,Cairo,Nasr City - Central
M04996,Nile Market 4996,Grocery,Medium,2024-11-05,Active,T+2,Ismailia,Qantara
M04997,Golden Tech 4997,Electronics,Small,2024-08-21,Active,T+2,Ismailia,Ismailia
M04998,Cairo Pharmacy 4998,Pharmacy,Medium,2021-01-23,Active,T+2,Alexandria,Smouha - Central
M04999,Nova Academy 4999,Education,Medium,2024-04-21,Active,T+0,Beheira,Rashid
M05000,Metro Mart 5000,Grocery,Micro,2023-09-20,Active,T+2,Giza,6th of October - Central
